name,njss_count,top_url,domain,platform_n,bid_url,sample_url,fetched_at,prefecture,category,is_new
熊本市役所,1111158,,,0,,https://www2.njss.info/organizations/proc/1745,2026-08-02,熊本県,地方公共団体,0
岩手県庁,806677,,,0,,https://www2.njss.info/organizations/proc/1636,2026-08-02,岩手県,地方公共団体,0
茨城県庁,738143,,,0,,https://www2.njss.info/organizations/proc/1638,2026-08-02,茨城県,地方公共団体,0
秋田県庁,593739,,,0,,https://www2.njss.info/organizations/proc/1688,2026-08-02,秋田県,地方公共団体,0
東京都庁,586219,,,0,,https://www2.njss.info/organizations/proc/1682,2026-08-02,東京都,地方公共団体,0
和歌山県庁,549058,,,0,,https://www2.njss.info/organizations/proc/1693,2026-08-02,和歌山県,地方公共団体,0
愛知県庁,356329,,,0,,https://www2.njss.info/organizations/proc/1579,2026-08-02,愛知県,地方公共団体,0
岐阜県庁,329725,,,0,,https://www2.njss.info/organizations/proc/1580,2026-08-02,岐阜県,地方公共団体,0
官報,328123,,,0,,https://www2.njss.info/organizations/proc/1572,2026-08-02,東京都,国・省庁,0
神奈川県庁,314186,,,0,,https://www2.njss.info/organizations/proc/1458,2026-08-02,神奈川県,地方公共団体,0
岡山県庁,265390,,,0,,https://www2.njss.info/organizations/proc/1584,2026-08-02,岡山県,地方公共団体,0
京都市役所,234020,,,0,,https://www2.njss.info/organizations/proc/1668,2026-08-02,京都府,地方公共団体,0
大阪市役所,226203,,,0,,https://www2.njss.info/organizations/proc/1658,2026-08-02,大阪府,地方公共団体,0
横浜市役所,221672,,,0,,https://www2.njss.info/organizations/proc/1657,2026-08-02,神奈川県,地方公共団体,0
高知県庁,218257,,,0,,https://www2.njss.info/organizations/proc/1698,2026-08-02,高知県,地方公共団体,0
埼玉県庁,196911,,,0,,https://www2.njss.info/organizations/proc/1683,2026-08-02,埼玉県,地方公共団体,0
文部科学省(MEXT),195605,,,0,,https://www2.njss.info/organizations/proc/267,2026-08-02,東京都,国・省庁,0
北海道庁,191565,,,0,,https://www2.njss.info/organizations/proc/1686,2026-08-02,北海道,地方公共団体,0
千葉県庁,181100,,,0,,https://www2.njss.info/organizations/proc/1640,2026-08-02,千葉県,地方公共団体,0
日本放送協会(NHK),175829,,,0,,https://www2.njss.info/organizations/proc/1298,2026-08-02,東京都,国・省庁,0
宮崎県庁,168949,,,0,,https://www2.njss.info/organizations/proc/1644,2026-08-02,宮崎県,地方公共団体,0
宮城県庁,167105,,,0,,https://www2.njss.info/organizations/proc/1687,2026-08-02,宮城県,地方公共団体,0
静岡県庁,162278,,,0,,https://www2.njss.info/organizations/proc/1581,2026-08-02,静岡県,地方公共団体,0
三重県庁,160239,,,0,,https://www2.njss.info/organizations/proc/1582,2026-08-02,三重県,地方公共団体,0
香川県庁,155745,,,0,,https://www2.njss.info/organizations/proc/1696,2026-08-02,香川県,地方公共団体,0
防衛省(MOD) 防衛装備庁,154241,,,0,,https://www2.njss.info/organizations/proc/26,2026-08-02,東京都,国・省庁,0
名古屋市役所,151421,,,0,,https://www2.njss.info/organizations/proc/1707,2026-08-02,愛知県,地方公共団体,0
国土交通省(MLIT),148680,,,0,,https://www2.njss.info/organizations/proc/1105,2026-08-02,東京都,国・省庁,0
福岡県庁,147710,,,0,,https://www2.njss.info/organizations/proc/1699,2026-08-02,福岡県,地方公共団体,0
熊本県庁,142174,,,0,,https://www2.njss.info/organizations/proc/1702,2026-08-02,熊本県,地方公共団体,0
長野県庁,135948,,,0,,https://www2.njss.info/organizations/proc/1576,2026-08-02,長野県,地方公共団体,0
呉市役所,133214,,,0,,https://www2.njss.info/organizations/proc/1772,2026-08-02,広島県,地方公共団体,0
滋賀県庁,130415,,,0,,https://www2.njss.info/organizations/proc/1692,2026-08-02,滋賀県,地方公共団体,0
豊橋市役所,130142,,,0,,https://www2.njss.info/organizations/proc/1728,2026-08-02,愛知県,地方公共団体,0
福井県庁,129773,,,0,,https://www2.njss.info/organizations/proc/1578,2026-08-02,福井県,地方公共団体,0
大阪府庁,129053,,,0,,https://www2.njss.info/organizations/proc/1690,2026-08-02,大阪府,地方公共団体,0
大阪市役所 教育委員会,126599,,,0,,https://www2.njss.info/organizations/proc/1837,2026-08-02,大阪府,地方公共団体,0
防衛省(MOD) 陸上自衛隊 東部方面隊 東部方面会計隊,124515,,,0,,https://www2.njss.info/organizations/proc/17,2026-08-02,東京都,国・省庁,0
堺市役所,122538,,,0,,https://www2.njss.info/organizations/proc/1708,2026-08-02,大阪府,地方公共団体,0
山口県庁,118820,,,0,,https://www2.njss.info/organizations/proc/1642,2026-08-02,山口県,地方公共団体,0
さいたま市役所,113410,,,0,,https://www2.njss.info/organizations/proc/1653,2026-08-02,埼玉県,地方公共団体,0
東広島市役所,112718,,,0,,https://www2.njss.info/organizations/proc/4679,2026-08-02,広島県,地方公共団体,0
新潟県庁,112283,,,0,,https://www2.njss.info/organizations/proc/1677,2026-08-02,新潟県,地方公共団体,0
石川県庁,111539,,,0,,https://www2.njss.info/organizations/proc/1577,2026-08-02,石川県,地方公共団体,0
川崎市役所,111160,,,0,,https://www2.njss.info/organizations/proc/1654,2026-08-02,神奈川県,地方公共団体,0
岡山市役所,110827,,,0,,https://www2.njss.info/organizations/proc/1709,2026-08-02,岡山県,地方公共団体,0
法務省(MOJ),109628,,,0,,https://www2.njss.info/organizations/proc/200,2026-08-02,東京都,国・省庁,0
柏市役所,102504,,,0,,https://www2.njss.info/organizations/proc/1661,2026-08-02,千葉県,地方公共団体,0
大分県庁,99789,,,0,,https://www2.njss.info/organizations/proc/1643,2026-08-02,大分県,地方公共団体,0
防衛省(MOD) 航空自衛隊 第2補給処,96001,,,0,,https://www2.njss.info/organizations/proc/55,2026-08-02,岐阜県,国・省庁,0
長野市役所,94201,,,0,,https://www2.njss.info/organizations/proc/1726,2026-08-02,長野県,地方公共団体,0
日本原子力研究開発機構(JAEA),91323,,,0,,https://www2.njss.info/organizations/proc/220,2026-08-02,茨城県,国・省庁,0
愛媛県庁,90289,,,0,,https://www2.njss.info/organizations/proc/1697,2026-08-02,愛媛県,地方公共団体,0
福山市役所,89007,,,0,,https://www2.njss.info/organizations/proc/1739,2026-08-02,広島県,地方公共団体,0
広島市役所,88719,,,0,,https://www2.njss.info/organizations/proc/1710,2026-08-02,広島県,地方公共団体,0
鹿児島県庁,86151,,,0,,https://www2.njss.info/organizations/proc/1703,2026-08-02,鹿児島県,地方公共団体,0
京都府庁,86044,,,0,,https://www2.njss.info/organizations/proc/1691,2026-08-02,京都府,地方公共団体,0
群馬県庁,85831,,,0,,https://www2.njss.info/organizations/proc/1689,2026-08-02,群馬県,地方公共団体,0
福岡市役所,84296,,,0,,https://www2.njss.info/organizations/proc/1712,2026-08-02,福岡県,地方公共団体,0
栃木県庁,83564,,,0,,https://www2.njss.info/organizations/proc/1639,2026-08-02,栃木県,地方公共団体,0
沖縄県庁,81783,,,0,,https://www2.njss.info/organizations/proc/1645,2026-08-02,沖縄県,地方公共団体,0
下関市役所,79667,,,0,,https://www2.njss.info/organizations/proc/1740,2026-08-02,山口県,地方公共団体,0
日本郵政グループ〈郵便局/日本郵便/ゆうちょ銀行/かんぽ生命〉,78428,,,0,,https://www2.njss.info/organizations/proc/382,2026-08-02,東京都,国・省庁,0
国土交通省(MLIT) 九州地方整備局,76372,,,0,,https://www2.njss.info/organizations/proc/505,2026-08-02,福岡県,国・省庁,0
防衛省(MOD) 陸上自衛隊 中部方面隊 中部方面会計隊,75664,,,0,,https://www2.njss.info/organizations/proc/22,2026-08-02,兵庫県,国・省庁,0
富山県庁,74921,,,0,,https://www2.njss.info/organizations/proc/1679,2026-08-02,富山県,地方公共団体,0
鳥取県庁,73588,,,0,,https://www2.njss.info/organizations/proc/1694,2026-08-02,鳥取県,地方公共団体,0
広島県庁,73571,,,0,,https://www2.njss.info/organizations/proc/1585,2026-08-02,広島県,地方公共団体,0
山梨県庁,73370,,,0,,https://www2.njss.info/organizations/proc/1678,2026-08-02,山梨県,地方公共団体,0
青森市役所,72037,,,0,,https://www2.njss.info/organizations/proc/1715,2026-08-02,青森県,地方公共団体,0
奈良県庁,71553,,,0,,https://www2.njss.info/organizations/proc/1641,2026-08-02,奈良県,地方公共団体,0
国土交通省(MLIT) 関東地方整備局,71035,,,0,,https://www2.njss.info/organizations/proc/504,2026-08-02,埼玉県,国・省庁,0
岐阜市役所,70821,,,0,,https://www2.njss.info/organizations/proc/1727,2026-08-02,岐阜県,地方公共団体,0
島根県庁,70506,,,0,,https://www2.njss.info/organizations/proc/1695,2026-08-02,島根県,地方公共団体,0
産業技術総合研究所(AIST/産総研),70065,,,0,,https://www2.njss.info/organizations/proc/719,2026-08-02,茨城県,国・省庁,0
徳島県庁,68807,,,0,,https://www2.njss.info/organizations/proc/1586,2026-08-02,徳島県,地方公共団体,0
兵庫県庁,67647,,,0,,https://www2.njss.info/organizations/proc/1583,2026-08-02,兵庫県,地方公共団体,0
佐賀県庁,67408,,,0,,https://www2.njss.info/organizations/proc/1700,2026-08-02,佐賀県,地方公共団体,0
神戸市役所,66222,,,0,,https://www2.njss.info/organizations/proc/1665,2026-08-02,兵庫県,地方公共団体,0
北九州市役所,65546,,,0,,https://www2.njss.info/organizations/proc/1711,2026-08-02,福岡県,地方公共団体,0
防衛省(MOD) 陸上自衛隊 北部方面隊 北部方面会計隊,65049,,,0,,https://www2.njss.info/organizations/proc/9,2026-08-02,北海道,国・省庁,0
日本年金機構(JPS),63624,,,0,,https://www2.njss.info/organizations/proc/1676,2026-08-02,東京都,国・省庁,0
厚生労働省(MHLW),61720,,,0,,https://www2.njss.info/organizations/proc/716,2026-08-02,東京都,国・省庁,0
国土交通省(MLIT) 中部地方整備局,61467,,,0,,https://www2.njss.info/organizations/proc/500,2026-08-02,愛知県,国・省庁,0
青森県庁,60820,,,0,,https://www2.njss.info/organizations/proc/1574,2026-08-02,青森県,地方公共団体,0
国土交通省(MLIT) 近畿地方整備局,58508,,,0,,https://www2.njss.info/organizations/proc/503,2026-08-02,大阪府,国・省庁,0
福島県庁,58311,,,0,,https://www2.njss.info/organizations/proc/1637,2026-08-02,福島県,地方公共団体,0
国土交通省(MLIT) 東北地方整備局,58112,,,0,,https://www2.njss.info/organizations/proc/506,2026-08-02,宮城県,国・省庁,0
農林水産省(MAFF),57837,,,0,,https://www2.njss.info/organizations/proc/300,2026-08-02,東京都,国・省庁,0
山形県庁,57815,,,0,,https://www2.njss.info/organizations/proc/1575,2026-08-02,山形県,地方公共団体,0
防衛省(MOD) 陸上自衛隊 補給本部,54567,,,0,,https://www2.njss.info/organizations/proc/18,2026-08-02,東京都,国・省庁,0
防衛省(MOD) 陸上自衛隊 東北方面隊 東北方面会計隊,53928,,,0,,https://www2.njss.info/organizations/proc/10,2026-08-02,宮城県,国・省庁,0
宇宙航空研究開発機構(JAXA),53710,,,0,,https://www2.njss.info/organizations/proc/216,2026-08-02,東京都,国・省庁,0
防衛省(MOD) 陸上自衛隊 西部方面隊 西部方面会計隊,53076,,,0,,https://www2.njss.info/organizations/proc/24,2026-08-02,熊本県,国・省庁,0
千葉市役所,51324,,,0,,https://www2.njss.info/organizations/proc/1656,2026-08-02,千葉県,地方公共団体,0
国土交通省(MLIT) 中国地方整備局,50846,,,0,,https://www2.njss.info/organizations/proc/501,2026-08-02,広島県,国・省庁,0
国際協力機構(JICA),50311,,,0,,https://www2.njss.info/organizations/proc/757,2026-08-02,東京都,国・省庁,0
相模原市役所,49643,,,0,,https://www2.njss.info/organizations/proc/1723,2026-08-02,神奈川県,地方公共団体,0
新潟市役所,49411,,,0,,https://www2.njss.info/organizations/proc/1673,2026-08-02,新潟県,地方公共団体,0
浜松市役所,48478,,,0,,https://www2.njss.info/organizations/proc/1706,2026-08-02,静岡県,地方公共団体,0
長崎市役所,46060,,,0,,https://www2.njss.info/organizations/proc/1744,2026-08-02,長崎県,地方公共団体,0
世田谷区役所,45737,,,0,,https://www2.njss.info/organizations/proc/1805,2026-08-02,東京都,地方公共団体,0
長崎県庁,45492,,,0,,https://www2.njss.info/organizations/proc/1701,2026-08-02,長崎県,地方公共団体,0
厚木市役所,44547,,,0,,https://www2.njss.info/organizations/proc/1664,2026-08-02,神奈川県,地方公共団体,0
防衛省(MOD) 海上自衛隊 横須賀地方総監部,44519,,,0,,https://www2.njss.info/organizations/proc/85,2026-08-02,神奈川県,国・省庁,0
国土交通省(MLIT) 北陸地方整備局,43853,,,0,,https://www2.njss.info/organizations/proc/502,2026-08-02,新潟県,国・省庁,0
高松市役所,43840,,,0,,https://www2.njss.info/organizations/proc/1741,2026-08-02,香川県,地方公共団体,0
防衛省(MOD) 航空自衛隊 第4補給処,43651,,,0,,https://www2.njss.info/organizations/proc/57,2026-08-02,埼玉県,国・省庁,0
豊田市役所,43445,,,0,,https://www2.njss.info/organizations/proc/1729,2026-08-02,愛知県,地方公共団体,0
秋田市役所,42715,,,0,,https://www2.njss.info/organizations/proc/1717,2026-08-02,秋田県,地方公共団体,0
静岡市役所,42704,,,0,,https://www2.njss.info/organizations/proc/1672,2026-08-02,静岡県,地方公共団体,0
防衛省(MOD) 海上自衛隊 佐世保地方総監部,41672,,,0,,https://www2.njss.info/organizations/proc/74,2026-08-02,長崎県,国・省庁,0
国土交通省(MLIT) 北海道開発局 札幌開発建設部,41084,,,0,,https://www2.njss.info/organizations/proc/4585,2026-08-02,北海道,国・省庁,0
北区役所,40492,,,0,,https://www2.njss.info/organizations/proc/1820,2026-08-02,東京都,地方公共団体,0
法務省(MOJ) 矯正局,39908,,,0,,https://www2.njss.info/organizations/proc/1566,2026-08-02,東京都,国・省庁,0
科学技術振興機構(JST),39155,,,0,,https://www2.njss.info/organizations/proc/223,2026-08-02,埼玉県,国・省庁,0
環境省(MOE),38790,,,0,,https://www2.njss.info/organizations/proc/755,2026-08-02,東京都,国・省庁,0
防衛省(MOD) 航空自衛隊 第3補給処,38075,,,0,,https://www2.njss.info/organizations/proc/56,2026-08-02,埼玉県,国・省庁,0
財務省(MOF) 国税庁(NTA),38026,,,0,,https://www2.njss.info/organizations/proc/434,2026-08-02,東京都,国・省庁,0
富山市役所,37798,,,0,,https://www2.njss.info/organizations/proc/1724,2026-08-02,富山県,地方公共団体,0
京都市役所 上下水道局,37762,,,0,,https://www2.njss.info/organizations/proc/4198,2026-08-02,京都府,地方公共団体,0
上田市役所,37585,,,0,,https://www2.njss.info/organizations/proc/4719,2026-08-02,長野県,地方公共団体,0
唐津市役所,37565,,,0,,https://www2.njss.info/organizations/proc/4755,2026-08-02,佐賀県,地方公共団体,0
旭川市役所,37222,,,0,,https://www2.njss.info/organizations/proc/1714,2026-08-02,北海道,地方公共団体,0
鹿児島市役所,36543,,,0,,https://www2.njss.info/organizations/proc/1777,2026-08-02,鹿児島県,地方公共団体,0
最高裁判所,36424,,,0,,https://www2.njss.info/organizations/proc/4,2026-08-02,東京都,国・省庁,0
杉並区役所,36381,,,0,,https://www2.njss.info/organizations/proc/1818,2026-08-02,東京都,地方公共団体,0
高知市役所,35815,,,0,,https://www2.njss.info/organizations/proc/1775,2026-08-02,高知県,地方公共団体,0
大分市役所,35539,,,0,,https://www2.njss.info/organizations/proc/1746,2026-08-02,大分県,地方公共団体,0
財務省(MOF),35534,,,0,,https://www2.njss.info/organizations/proc/411,2026-08-02,東京都,国・省庁,0
外務省(MOFA),35320,,,0,,https://www2.njss.info/organizations/proc/759,2026-08-02,東京都,国・省庁,0
国土交通省(MLIT) 四国地方整備局,34170,,,0,,https://www2.njss.info/organizations/proc/499,2026-08-02,香川県,国・省庁,0
倉敷市役所,33626,,,0,,https://www2.njss.info/organizations/proc/1738,2026-08-02,岡山県,地方公共団体,0
日本中央競馬会(JRA),33577,,,0,,https://www2.njss.info/organizations/proc/1104,2026-08-02,東京都,国・省庁,0
練馬区役所,33546,,,0,,https://www2.njss.info/organizations/proc/1849,2026-08-02,東京都,地方公共団体,0
船橋市役所,33296,,,0,,https://www2.njss.info/organizations/proc/1722,2026-08-02,千葉県,地方公共団体,0
農業・食品産業技術総合研究機構(NARO),32711,,,0,,https://www2.njss.info/organizations/proc/290,2026-08-02,茨城県,国・省庁,0
港区役所,32489,,,0,,https://www2.njss.info/organizations/proc/1793,2026-08-02,東京都,地方公共団体,0
日本銀行(BOJ),32277,,,0,,https://www2.njss.info/organizations/proc/1,2026-08-02,東京都,国・省庁,0
一宮市役所,32186,,,0,,https://www2.njss.info/organizations/proc/1761,2026-08-02,愛知県,地方公共団体,0
草加市役所,32021,,,0,,https://www2.njss.info/organizations/proc/1752,2026-08-02,埼玉県,地方公共団体,0
岡崎市役所,31955,,,0,,https://www2.njss.info/organizations/proc/1730,2026-08-02,愛知県,地方公共団体,0
八尾市役所,31701,,,0,,https://www2.njss.info/organizations/proc/1766,2026-08-02,大阪府,地方公共団体,0
防衛省(MOD) 海上自衛隊 呉地方総監部,31608,,,0,,https://www2.njss.info/organizations/proc/66,2026-08-02,広島県,国・省庁,0
農林水産省(MAFF) 林野庁(FA) 関東森林管理局,31339,,,0,,https://www2.njss.info/organizations/proc/270,2026-08-02,群馬県,国・省庁,0
情報通信研究機構(NICT),30684,,,0,,https://www2.njss.info/organizations/proc/362,2026-08-02,東京都,国・省庁,0
郡山市役所,30485,,,0,,https://www2.njss.info/organizations/proc/1718,2026-08-02,福島県,地方公共団体,0
安城市役所,30361,,,0,,https://www2.njss.info/organizations/proc/4625,2026-08-02,愛知県,地方公共団体,0
仙台市役所,30341,,,0,,https://www2.njss.info/organizations/proc/1705,2026-08-02,宮城県,地方公共団体,0
宇都宮市役所,30111,,,0,,https://www2.njss.info/organizations/proc/1660,2026-08-02,栃木県,地方公共団体,0
長岡市役所,29594,,,0,,https://www2.njss.info/organizations/proc/1756,2026-08-02,新潟県,地方公共団体,0
防衛省(MOD) 海上自衛隊 航空補給処,29478,,,0,,https://www2.njss.info/organizations/proc/90,2026-08-02,千葉県,国・省庁,0
札幌市役所,29464,,,0,,https://www2.njss.info/organizations/proc/1704,2026-08-02,北海道,地方公共団体,0
内閣府(CAO),28987,,,0,,https://www2.njss.info/organizations/proc/358,2026-08-02,東京都,国・省庁,0
松江市役所,28547,,,0,,https://www2.njss.info/organizations/proc/4744,2026-08-02,島根県,地方公共団体,0
国土交通省(MLIT) 大阪航空局,28484,,,0,,https://www2.njss.info/organizations/proc/510,2026-08-02,大阪府,国・省庁,0
経済産業省(METI),27908,,,0,,https://www2.njss.info/organizations/proc/738,2026-08-02,東京都,国・省庁,0
農林水産省(MAFF) 林野庁(FA) 東北森林管理局,27759,,,0,,https://www2.njss.info/organizations/proc/274,2026-08-02,秋田県,国・省庁,0
大阪市役所 消防局,26913,,,0,,https://www2.njss.info/organizations/proc/1835,2026-08-02,大阪府,地方公共団体,0
葛飾区役所,26884,,,0,,https://www2.njss.info/organizations/proc/1851,2026-08-02,東京都,地方公共団体,0
国土交通省(MLIT) 海上保安庁,26638,,,0,,https://www2.njss.info/organizations/proc/552,2026-08-02,東京都,国・省庁,0
足立区役所,26613,,,0,,https://www2.njss.info/organizations/proc/1850,2026-08-02,東京都,地方公共団体,0
前橋市役所,26531,,,0,,https://www2.njss.info/organizations/proc/1720,2026-08-02,群馬県,地方公共団体,0
金沢市役所,26289,,,0,,https://www2.njss.info/organizations/proc/1725,2026-08-02,石川県,地方公共団体,0
春日井市役所,26181,,,0,,https://www2.njss.info/organizations/proc/1762,2026-08-02,愛知県,地方公共団体,0
防衛省(MOD) 海上自衛隊 補給本部,25712,,,0,,https://www2.njss.info/organizations/proc/83,2026-08-02,東京都,国・省庁,0
上越市役所,25635,,,0,,https://www2.njss.info/organizations/proc/1784,2026-08-02,新潟県,地方公共団体,0
広島市役所 水道局,25541,,,0,,https://www2.njss.info/organizations/proc/4357,2026-08-02,広島県,地方公共団体,0
伊勢市役所,25540,,,0,,https://www2.njss.info/organizations/proc/4731,2026-08-02,三重県,地方公共団体,0
大阪市高速電気軌道株式会社〈Osaka Metro〉,25367,,,0,,https://www2.njss.info/organizations/proc/1825,2026-08-02,大阪府,地方公共団体,1
理化学研究所,25296,,,0,,https://www2.njss.info/organizations/proc/236,2026-08-02,埼玉県,国・省庁,0
長野県警察本部,24972,,,0,,https://www2.njss.info/organizations/proc/335,2026-08-02,長野県,地方公共団体,0
総務省(MIC),24392,,,0,,https://www2.njss.info/organizations/proc/384,2026-08-02,東京都,国・省庁,0
水資源機構,24340,,,0,,https://www2.njss.info/organizations/proc/457,2026-08-02,埼玉県,国・省庁,0
防衛省(MOD) 海上自衛隊 艦船補給処,24235,,,0,,https://www2.njss.info/organizations/proc/89,2026-08-02,神奈川県,国・省庁,0
国土交通省(MLIT) 東京航空局,24039,,,0,,https://www2.njss.info/organizations/proc/509,2026-08-02,東京都,国・省庁,0
佐世保市役所,23586,,,0,,https://www2.njss.info/organizations/proc/1773,2026-08-02,長崎県,地方公共団体,0
日本下水道事業団,23388,,,0,,https://www2.njss.info/organizations/proc/551,2026-08-02,東京都,国・省庁,0
農林水産省(MAFF) 林野庁(FA) 中部森林管理局,23336,,,0,,https://www2.njss.info/organizations/proc/268,2026-08-02,長野県,国・省庁,0
姫路市役所,23219,,,0,,https://www2.njss.info/organizations/proc/1734,2026-08-02,兵庫県,地方公共団体,0
富士市役所,23193,,,0,,https://www2.njss.info/organizations/proc/1760,2026-08-02,静岡県,地方公共団体,0
最高裁判所 大阪高等裁判所 大阪地方裁判所,22997,,,0,,https://www2.njss.info/organizations/proc/3941,2026-08-02,大阪府,国・省庁,0
札幌市役所 水道局,22973,,,0,,https://www2.njss.info/organizations/proc/4181,2026-08-02,北海道,地方公共団体,0
四日市市役所,22837,,,0,,https://www2.njss.info/organizations/proc/1763,2026-08-02,三重県,地方公共団体,0
大津市役所,22810,,,0,,https://www2.njss.info/organizations/proc/1731,2026-08-02,滋賀県,地方公共団体,0
大阪府警察本部,22475,,,0,,https://www2.njss.info/organizations/proc/326,2026-08-02,大阪府,地方公共団体,0
川口市役所,22045,,,0,,https://www2.njss.info/organizations/proc/1781,2026-08-02,埼玉県,地方公共団体,0
江東区役所,21982,,,0,,https://www2.njss.info/organizations/proc/1801,2026-08-02,東京都,地方公共団体,0
関市役所,21961,,,0,,https://www2.njss.info/organizations/proc/4887,2026-08-02,岐阜県,地方公共団体,0
農林水産省(MAFF) 林野庁(FA) 北海道森林管理局,21911,,,0,,https://www2.njss.info/organizations/proc/269,2026-08-02,北海道,国・省庁,0
福島市役所,21572,,,0,,https://www2.njss.info/organizations/proc/4573,2026-08-02,福島県,地方公共団体,0
宇和島市役所,21479,,,0,,https://www2.njss.info/organizations/proc/5026,2026-08-02,愛媛県,地方公共団体,0
水戸市役所,21461,,,0,,https://www2.njss.info/organizations/proc/1747,2026-08-02,茨城県,地方公共団体,0
量子科学技術研究開発機構(QST),21152,,,0,,https://www2.njss.info/organizations/proc/231,2026-08-02,千葉県,国・省庁,0
宮崎市役所,21067,,,0,,https://www2.njss.info/organizations/proc/1776,2026-08-02,宮崎県,地方公共団体,0
防衛省(MOD) 海上自衛隊 舞鶴地方総監部,21041,,,0,,https://www2.njss.info/organizations/proc/72,2026-08-02,京都府,国・省庁,0
横須賀市役所,20976,,,0,,https://www2.njss.info/organizations/proc/1662,2026-08-02,神奈川県,地方公共団体,0
鉄道建設・運輸施設整備支援機構(JRTT),20880,,,0,,https://www2.njss.info/organizations/proc/443,2026-08-02,神奈川県,国・省庁,0
久喜市役所,20841,,,0,,https://www2.njss.info/organizations/proc/4661,2026-08-02,埼玉県,地方公共団体,0
所沢市役所,20271,,,0,,https://www2.njss.info/organizations/proc/1782,2026-08-02,埼玉県,地方公共団体,0
大田区役所,19948,,,0,,https://www2.njss.info/organizations/proc/1804,2026-08-02,東京都,地方公共団体,0
九州大学,19794,,,0,,https://www2.njss.info/organizations/proc/261,2026-08-02,福岡県,国・省庁,0
茅ヶ崎市役所,19789,,,0,,https://www2.njss.info/organizations/proc/1755,2026-08-02,神奈川県,地方公共団体,0
防衛省(MOD) 航空自衛隊 第2補給処 十条支処,19664,,,0,,https://www2.njss.info/organizations/proc/53,2026-08-02,東京都,国・省庁,0
川崎市役所 上下水道局,19504,,,0,,https://www2.njss.info/organizations/proc/4310,2026-08-02,神奈川県,地方公共団体,0
建築研究所(BRI),19375,,,0,,https://www2.njss.info/organizations/proc/497,2026-08-02,茨城県,国・省庁,0
板橋区役所,19112,,,0,,https://www2.njss.info/organizations/proc/1848,2026-08-02,東京都,地方公共団体,0
藤沢市役所,19094,,,0,,https://www2.njss.info/organizations/proc/1667,2026-08-02,神奈川県,地方公共団体,0
物質・材料研究機構(NIMS),19066,,,0,,https://www2.njss.info/organizations/proc/230,2026-08-02,茨城県,国・省庁,0
調布市役所,18981,,,0,,https://www2.njss.info/organizations/proc/4331,2026-08-02,東京都,地方公共団体,0
防衛省(MOD) 海上自衛隊 厚木航空基地隊,18837,,,0,,https://www2.njss.info/organizations/proc/88,2026-08-02,神奈川県,国・省庁,0
小田原市役所,18731,,,0,,https://www2.njss.info/organizations/proc/1754,2026-08-02,神奈川県,地方公共団体,0
豊川市役所,18712,,,0,,https://www2.njss.info/organizations/proc/4623,2026-08-02,愛知県,地方公共団体,0
台東区役所,18437,,,0,,https://www2.njss.info/organizations/proc/1799,2026-08-02,東京都,地方公共団体,0
国土交通省(MLIT) 北海道開発局 室蘭開発建設部,18134,,,0,,https://www2.njss.info/organizations/proc/4588,2026-08-02,北海道,国・省庁,0
上尾市役所,17851,,,0,,https://www2.njss.info/organizations/proc/4568,2026-08-02,埼玉県,地方公共団体,0
都城市役所,17836,,,0,,https://www2.njss.info/organizations/proc/4759,2026-08-02,宮崎県,地方公共団体,0
成田市役所,17835,,,0,,https://www2.njss.info/organizations/proc/4658,2026-08-02,千葉県,地方公共団体,0
農林水産省(MAFF) 林野庁(FA) 九州森林管理局,17793,,,0,,https://www2.njss.info/organizations/proc/1333,2026-08-02,熊本県,国・省庁,0
小牧市役所,17762,,,0,,https://www2.njss.info/organizations/proc/4627,2026-08-02,愛知県,地方公共団体,0
福井市役所,17709,,,0,,https://www2.njss.info/organizations/proc/1785,2026-08-02,福井県,地方公共団体,0
内閣府(CAO) 国家公安委員会 警察庁,17708,,,0,,https://www2.njss.info/organizations/proc/350,2026-08-02,東京都,国・省庁,0
盛岡市役所,17499,,,0,,https://www2.njss.info/organizations/proc/1716,2026-08-02,岩手県,地方公共団体,0
松阪市役所,17159,,,0,,https://www2.njss.info/organizations/proc/4729,2026-08-02,三重県,地方公共団体,0
防衛省(MOD) 海上自衛隊 鹿屋航空基地隊,17136,,,0,,https://www2.njss.info/organizations/proc/76,2026-08-02,鹿児島県,国・省庁,0
国土交通省(MLIT) 北海道開発局 旭川開発建設部,16961,,,0,,https://www2.njss.info/organizations/proc/4590,2026-08-02,北海道,国・省庁,0
内閣府(CAO) 沖縄総合事務局,16922,,,0,,https://www2.njss.info/organizations/proc/422,2026-08-02,沖縄県,国・省庁,0
市川市役所,16846,,,0,,https://www2.njss.info/organizations/proc/4513,2026-08-02,千葉県,地方公共団体,0
大垣市役所,16845,,,0,,https://www2.njss.info/organizations/proc/4725,2026-08-02,岐阜県,地方公共団体,0
佐賀市役所,16823,,,0,,https://www2.njss.info/organizations/proc/4620,2026-08-02,佐賀県,地方公共団体,0
防衛省(MOD) 防衛医科大学校,16782,,,0,,https://www2.njss.info/organizations/proc/49,2026-08-02,埼玉県,国・省庁,0
松山市役所,16640,,,0,,https://www2.njss.info/organizations/proc/1742,2026-08-02,愛媛県,地方公共団体,0
日本政策金融公庫(JFC),16632,,,0,,https://www2.njss.info/organizations/proc/439,2026-08-02,東京都,国・省庁,0
中野区役所,16581,,,0,,https://www2.njss.info/organizations/proc/1817,2026-08-02,東京都,地方公共団体,0
松戸市役所,16515,,,0,,https://www2.njss.info/organizations/proc/4565,2026-08-02,千葉県,地方公共団体,0
徳島市役所,16487,,,0,,https://www2.njss.info/organizations/proc/4571,2026-08-02,徳島県,地方公共団体,0
川越市役所,16475,,,0,,https://www2.njss.info/organizations/proc/1721,2026-08-02,埼玉県,地方公共団体,0
中日本高速道路株式会社(NEXCO),16453,,,0,,https://www2.njss.info/organizations/proc/544,2026-08-02,愛知県,国・省庁,0
平塚市役所,16434,,,0,,https://www2.njss.info/organizations/proc/1663,2026-08-02,神奈川県,地方公共団体,0
市原市役所,16363,,,0,,https://www2.njss.info/organizations/proc/4566,2026-08-02,千葉県,地方公共団体,0
国土交通省(MLIT) 北海道開発局 帯広開発建設部,16335,,,0,,https://www2.njss.info/organizations/proc/520,2026-08-02,北海道,国・省庁,0
久留米市役所,16304,,,0,,https://www2.njss.info/organizations/proc/1743,2026-08-02,福岡県,地方公共団体,0
兵庫県警察本部,16292,,,0,,https://www2.njss.info/organizations/proc/321,2026-08-02,兵庫県,地方公共団体,0
江戸川区役所,16250,,,0,,https://www2.njss.info/organizations/proc/1852,2026-08-02,東京都,地方公共団体,0
防衛省(MOD),16225,,,0,,https://www2.njss.info/organizations/proc/1095,2026-08-02,東京都,国・省庁,0
高崎市役所,16143,,,0,,https://www2.njss.info/organizations/proc/1749,2026-08-02,群馬県,地方公共団体,0
西日本高速道路株式会社(NEXCO),15958,,,0,,https://www2.njss.info/organizations/proc/1107,2026-08-02,大阪府,国・省庁,0
財務省(MOF) 国税庁(NTA) 東京国税局,15911,,,0,,https://www2.njss.info/organizations/proc/436,2026-08-02,東京都,国・省庁,0
大館市役所,15795,,,0,,https://www2.njss.info/organizations/proc/4953,2026-08-02,秋田県,地方公共団体,0
東京二十三区清掃一部事務組合,15619,,,0,,https://www2.njss.info/organizations/proc/5241,2026-08-02,東京都,地方公共団体,0
弘前市役所,15530,,,0,,https://www2.njss.info/organizations/proc/4709,2026-08-02,青森県,地方公共団体,0
丸亀市役所,15511,,,0,,https://www2.njss.info/organizations/proc/4751,2026-08-02,香川県,地方公共団体,0
国土交通省(MLIT) 北海道開発局 網走開発建設部,15491,,,0,,https://www2.njss.info/organizations/proc/519,2026-08-02,北海道,国・省庁,0
新エネルギー・産業技術総合開発機構(NEDO),15462,,,0,,https://www2.njss.info/organizations/proc/725,2026-08-02,神奈川県,国・省庁,0
尾道市役所,15318,,,0,,https://www2.njss.info/organizations/proc/4680,2026-08-02,広島県,地方公共団体,0
東北大学,15309,,,0,,https://www2.njss.info/organizations/proc/4766,2026-08-02,宮城県,国・省庁,0
習志野市役所,15288,,,0,,https://www2.njss.info/organizations/proc/4652,2026-08-02,千葉県,地方公共団体,0
最高裁判所 東京高等裁判所 東京地方裁判所,15285,,,0,,https://www2.njss.info/organizations/proc/3926,2026-08-02,東京都,国・省庁,0
鳥取市役所,15262,,,0,,https://www2.njss.info/organizations/proc/1771,2026-08-02,鳥取県,地方公共団体,0
農林水産省(MAFF) 林野庁(FA) 四国森林管理局,15235,,,0,,https://www2.njss.info/organizations/proc/273,2026-08-02,高知県,国・省庁,0
吹田市役所,15223,,,0,,https://www2.njss.info/organizations/proc/1788,2026-08-02,大阪府,地方公共団体,0
八戸市役所,15220,,,0,,https://www2.njss.info/organizations/proc/1778,2026-08-02,青森県,地方公共団体,0
防衛省(MOD) 海上自衛隊 大湊地区隊,15116,,,0,,https://www2.njss.info/organizations/proc/60,2026-08-02,青森県,国・省庁,0
伊勢崎市役所,15062,,,0,,https://www2.njss.info/organizations/proc/1750,2026-08-02,群馬県,地方公共団体,0
荒川区役所,15028,,,0,,https://www2.njss.info/organizations/proc/1821,2026-08-02,東京都,地方公共団体,0
つくば市役所,14925,,,0,,https://www2.njss.info/organizations/proc/1748,2026-08-02,茨城県,地方公共団体,0
高齢・障害・求職者雇用支援機構,14908,,,0,,https://www2.njss.info/organizations/proc/606,2026-08-02,千葉県,国・省庁,0
越谷市役所,14867,,,0,,https://www2.njss.info/organizations/proc/1783,2026-08-02,埼玉県,地方公共団体,0
国土交通省(MLIT) 北海道開発局,14812,,,0,,https://www2.njss.info/organizations/proc/4584,2026-08-02,北海道,国・省庁,0
愛知県警察本部,14795,,,0,,https://www2.njss.info/organizations/proc/330,2026-08-02,愛知県,地方公共団体,0
津市役所,14741,,,0,,https://www2.njss.info/organizations/proc/4570,2026-08-02,三重県,地方公共団体,0
出雲市役所,14723,,,0,,https://www2.njss.info/organizations/proc/4745,2026-08-02,島根県,地方公共団体,0
和歌山市役所,14714,,,0,,https://www2.njss.info/organizations/proc/1737,2026-08-02,和歌山県,地方公共団体,0
天草市役所,14683,,,0,,https://www2.njss.info/organizations/proc/5032,2026-08-02,熊本県,地方公共団体,0
小樽市役所,14634,,,0,,https://www2.njss.info/organizations/proc/4687,2026-08-02,北海道,地方公共団体,0
海老名市役所,14608,,,0,,https://www2.njss.info/organizations/proc/4647,2026-08-02,神奈川県,地方公共団体,0
最高裁判所 東京高等裁判所 横浜地方裁判所,14549,,,0,,https://www2.njss.info/organizations/proc/3930,2026-08-02,神奈川県,国・省庁,0
財務省(MOF) 関東財務局,14511,,,0,,https://www2.njss.info/organizations/proc/416,2026-08-02,埼玉県,国・省庁,0
都市再生機構(UR) 東日本賃貸住宅本部,14472,,,0,,https://www2.njss.info/organizations/proc/4517,2026-08-02,東京都,国・省庁,0
今治市役所,14446,,,0,,https://www2.njss.info/organizations/proc/4752,2026-08-02,愛媛県,地方公共団体,0
広島市立病院機構,14439,,,0,,https://www2.njss.info/organizations/proc/4356,2026-08-02,広島県,地方公共団体,0
山口市役所,14346,,,0,,https://www2.njss.info/organizations/proc/4746,2026-08-02,山口県,地方公共団体,0
八王子市役所,14334,,,0,,https://www2.njss.info/organizations/proc/4325,2026-08-02,東京都,地方公共団体,0
最高裁判所 大阪高等裁判所 神戸地方裁判所,14267,,,0,,https://www2.njss.info/organizations/proc/3943,2026-08-02,兵庫県,国・省庁,0
大崎市役所,14224,,,0,,https://www2.njss.info/organizations/proc/4599,2026-08-02,宮城県,地方公共団体,0
町田市役所,14185,,,0,,https://www2.njss.info/organizations/proc/4332,2026-08-02,東京都,地方公共団体,0
東京都住宅供給公社,14184,,,0,,https://www2.njss.info/organizations/proc/4645,2026-08-02,東京都,地方公共団体,0
加古川市役所,14180,,,0,,https://www2.njss.info/organizations/proc/1769,2026-08-02,兵庫県,地方公共団体,0
豊中市役所,14044,,,0,,https://www2.njss.info/organizations/proc/1764,2026-08-02,大阪府,地方公共団体,0
宝塚市役所,14017,,,0,,https://www2.njss.info/organizations/proc/1770,2026-08-02,兵庫県,地方公共団体,0
筑波大学,13963,,,0,,https://www2.njss.info/organizations/proc/256,2026-08-02,茨城県,国・省庁,0
目黒区役所,13803,,,0,,https://www2.njss.info/organizations/proc/1803,2026-08-02,東京都,地方公共団体,0
都市再生機構(UR) 西日本支社,13759,,,0,,https://www2.njss.info/organizations/proc/5055,2026-08-02,大阪府,国・省庁,0
稲沢市役所,13744,,,0,,https://www2.njss.info/organizations/proc/4628,2026-08-02,愛知県,地方公共団体,0
国立印刷局,13739,,,0,,https://www2.njss.info/organizations/proc/400,2026-08-02,東京都,国・省庁,0
墨田区役所,13694,,,0,,https://www2.njss.info/organizations/proc/1800,2026-08-02,東京都,地方公共団体,0
流山市役所,13646,,,0,,https://www2.njss.info/organizations/proc/4653,2026-08-02,千葉県,地方公共団体,0
奈良市役所,13632,,,0,,https://www2.njss.info/organizations/proc/1736,2026-08-02,奈良県,地方公共団体,0
新宿区役所,13506,,,0,,https://www2.njss.info/organizations/proc/1794,2026-08-02,東京都,地方公共団体,0
最高裁判所 東京高等裁判所 千葉地方裁判所,13478,,,0,,https://www2.njss.info/organizations/proc/3932,2026-08-02,千葉県,国・省庁,0
立川市役所,13450,,,0,,https://www2.njss.info/organizations/proc/4326,2026-08-02,東京都,地方公共団体,0
防衛省(MOD) 海上自衛隊 下総航空基地隊,13420,,,0,,https://www2.njss.info/organizations/proc/87,2026-08-02,千葉県,国・省庁,0
北海道大学,13375,,,0,,https://www2.njss.info/organizations/proc/250,2026-08-02,北海道,国・省庁,0
いわき市役所,13353,,,0,,https://www2.njss.info/organizations/proc/1719,2026-08-02,福島県,地方公共団体,0
福島県庁 土木部 事務所,13320,,,0,,https://www2.njss.info/organizations/proc/7663,2026-08-02,福島県,地方公共団体,0
西宮市役所,13139,,,0,,https://www2.njss.info/organizations/proc/1774,2026-08-02,兵庫県,地方公共団体,0
真庭市役所,13069,,,0,,https://www2.njss.info/organizations/proc/4791,2026-08-02,岡山県,地方公共団体,0
府中市役所,13058,,,0,,https://www2.njss.info/organizations/proc/4329,2026-08-02,東京都,地方公共団体,0
国土交通省(MLIT) 国土地理院,13056,,,0,,https://www2.njss.info/organizations/proc/547,2026-08-02,茨城県,国・省庁,0
伊賀市役所,13025,,,0,,https://www2.njss.info/organizations/proc/4894,2026-08-02,三重県,地方公共団体,0
最高裁判所 東京高等裁判所 さいたま地方裁判所,13001,,,0,,https://www2.njss.info/organizations/proc/3931,2026-08-02,埼玉県,国・省庁,0
国土交通省(MLIT) 北海道開発局 釧路開発建設部,12916,,,0,,https://www2.njss.info/organizations/proc/4591,2026-08-02,北海道,国・省庁,0
沼津市役所,12912,,,0,,https://www2.njss.info/organizations/proc/1759,2026-08-02,静岡県,地方公共団体,0
国立がん研究センター,12863,,,0,,https://www2.njss.info/organizations/proc/689,2026-08-02,東京都,国・省庁,0
品川区役所,12859,,,0,,https://www2.njss.info/organizations/proc/1802,2026-08-02,東京都,地方公共団体,0
高山市役所,12855,,,0,,https://www2.njss.info/organizations/proc/4886,2026-08-02,岐阜県,地方公共団体,0
東京大学,12740,,,0,,https://www2.njss.info/organizations/proc/4423,2026-08-02,東京都,国・省庁,0
佐野市役所,12739,,,0,,https://www2.njss.info/organizations/proc/4705,2026-08-02,栃木県,地方公共団体,0
秦野市役所,12725,,,0,,https://www2.njss.info/organizations/proc/4597,2026-08-02,神奈川県,地方公共団体,1
防衛省(MOD) 防衛大学校,12698,,,0,,https://www2.njss.info/organizations/proc/48,2026-08-02,神奈川県,国・省庁,0
鎌倉市役所,12654,,,0,,https://www2.njss.info/organizations/proc/1671,2026-08-02,神奈川県,地方公共団体,0
エネルギー・金属鉱物資源機構(JOGMEC),12642,,,0,,https://www2.njss.info/organizations/proc/724,2026-08-02,東京都,国・省庁,0
防衛省(MOD) 陸上自衛隊 中央会計隊,12544,,,0,,https://www2.njss.info/organizations/proc/16,2026-08-02,東京都,国・省庁,0
国土交通省(MLIT) 北海道開発局 函館開発建設部,12526,,,0,,https://www2.njss.info/organizations/proc/4587,2026-08-02,北海道,国・省庁,0
最高裁判所 名古屋高等裁判所 名古屋地方裁判所,12452,,,0,,https://www2.njss.info/organizations/proc/3948,2026-08-02,愛知県,国・省庁,0
北海道庁 教育委員会,12428,,,0,,https://www2.njss.info/organizations/proc/7421,2026-08-02,北海道,地方公共団体,0
防衛省(MOD) 陸上自衛隊 富士学校,12385,,,0,,https://www2.njss.info/organizations/proc/21,2026-08-02,静岡県,国・省庁,0
大阪市役所 福祉局,12294,,,0,,https://www2.njss.info/organizations/proc/1815,2026-08-02,大阪府,地方公共団体,0
八代市役所,12283,,,0,,https://www2.njss.info/organizations/proc/4757,2026-08-02,熊本県,地方公共団体,0
鈴鹿市役所,12264,,,0,,https://www2.njss.info/organizations/proc/4728,2026-08-02,三重県,地方公共団体,0
栗原市役所,12251,,,0,,https://www2.njss.info/organizations/proc/4631,2026-08-02,宮城県,地方公共団体,0
宇治市役所,12248,,,0,,https://www2.njss.info/organizations/proc/4732,2026-08-02,京都府,地方公共団体,0
二本松市役所,12241,,,0,,https://www2.njss.info/organizations/proc/4967,2026-08-02,福島県,地方公共団体,0
能代市役所,12207,,,0,,https://www2.njss.info/organizations/proc/4954,2026-08-02,秋田県,地方公共団体,0
大阪広域水道企業団,12125,,,0,,https://www2.njss.info/organizations/proc/4610,2026-08-02,大阪府,地方公共団体,0
最高裁判所 福岡高等裁判所 福岡地方裁判所,12070,,,0,,https://www2.njss.info/organizations/proc/3960,2026-08-02,福岡県,国・省庁,0
文京区役所,12036,,,0,,https://www2.njss.info/organizations/proc/1798,2026-08-02,東京都,地方公共団体,0
高岡市役所,12023,,,0,,https://www2.njss.info/organizations/proc/4722,2026-08-02,富山県,地方公共団体,0
多治見市役所,12008,,,0,,https://www2.njss.info/organizations/proc/4727,2026-08-02,岐阜県,地方公共団体,0
東大阪市役所,11962,,,0,,https://www2.njss.info/organizations/proc/1733,2026-08-02,大阪府,地方公共団体,0
日本貿易振興機構(JETRO),11959,,,0,,https://www2.njss.info/organizations/proc/722,2026-08-02,東京都,国・省庁,0
東日本高速道路株式会社(NEXCO),11880,,,0,,https://www2.njss.info/organizations/proc/546,2026-08-02,東京都,国・省庁,0
農林水産省(MAFF) 九州農政局,11851,,,0,,https://www2.njss.info/organizations/proc/280,2026-08-02,熊本県,国・省庁,0
小平市役所,11784,,,0,,https://www2.njss.info/organizations/proc/4341,2026-08-02,東京都,地方公共団体,0
防衛省(MOD) 自衛隊中央病院,11772,,,0,,https://www2.njss.info/organizations/proc/1674,2026-08-02,東京都,国・省庁,0
延岡市役所,11738,,,0,,https://www2.njss.info/organizations/proc/4760,2026-08-02,宮崎県,地方公共団体,0
西尾市役所,11692,,,0,,https://www2.njss.info/organizations/proc/4626,2026-08-02,愛知県,地方公共団体,0
農林水産省(MAFF) 東北農政局,11683,,,0,,https://www2.njss.info/organizations/proc/281,2026-08-02,宮城県,国・省庁,0
三原市役所,11542,,,0,,https://www2.njss.info/organizations/proc/4682,2026-08-02,広島県,地方公共団体,0
大和市役所,11486,,,0,,https://www2.njss.info/organizations/proc/1669,2026-08-02,神奈川県,地方公共団体,0
東海国立大学機構 名古屋大学,11456,,,0,,https://www2.njss.info/organizations/proc/4768,2026-08-02,愛知県,国立大学,0
千代田区役所,11426,,,0,,https://www2.njss.info/organizations/proc/1791,2026-08-02,東京都,地方公共団体,0
酒田市役所,11377,,,0,,https://www2.njss.info/organizations/proc/4714,2026-08-02,山形県,地方公共団体,0
札幌医科大学,11375,,,0,,https://www2.njss.info/organizations/proc/5397,2026-08-02,北海道,国・省庁,0
豊島区役所,11227,,,0,,https://www2.njss.info/organizations/proc/1819,2026-08-02,東京都,地方公共団体,0
都市再生機構(UR),11226,,,0,,https://www2.njss.info/organizations/proc/456,2026-08-02,神奈川県,国・省庁,0
小松市役所,11119,,,0,,https://www2.njss.info/organizations/proc/4724,2026-08-02,石川県,地方公共団体,0
最高裁判所 東京高等裁判所 静岡地方裁判所,11107,,,0,,https://www2.njss.info/organizations/proc/3936,2026-08-02,静岡県,国・省庁,0
渋谷区役所,11095,,,0,,https://www2.njss.info/organizations/proc/1816,2026-08-02,東京都,地方公共団体,0
津山市役所,11060,,,0,,https://www2.njss.info/organizations/proc/4690,2026-08-02,岡山県,地方公共団体,0
伊東市役所,11005,,,0,,https://www2.njss.info/organizations/proc/4859,2026-08-02,静岡県,地方公共団体,0
札幌市役所 交通局,10982,,,0,,https://www2.njss.info/organizations/proc/4179,2026-08-02,北海道,地方公共団体,0
周南市役所,10934,,,0,,https://www2.njss.info/organizations/proc/4748,2026-08-02,山口県,地方公共団体,0
防衛省(MOD) 陸上自衛隊 北部方面隊 島松駐屯地 北海道補給処,10925,,,0,,https://www2.njss.info/organizations/proc/8,2026-08-02,北海道,国・省庁,0
北見市役所,10836,,,0,,https://www2.njss.info/organizations/proc/4688,2026-08-02,北海道,地方公共団体,0
登米市役所,10737,,,0,,https://www2.njss.info/organizations/proc/4630,2026-08-02,宮城県,地方公共団体,0
宮崎県警察本部,10730,,,0,,https://www2.njss.info/organizations/proc/347,2026-08-02,宮崎県,地方公共団体,0
桑名市役所,10695,,,0,,https://www2.njss.info/organizations/proc/4730,2026-08-02,三重県,地方公共団体,0
北海道警察本部,10671,,,0,,https://www2.njss.info/organizations/proc/320,2026-08-02,北海道,地方公共団体,0
農林水産省(MAFF) 林野庁(FA) 近畿中国森林管理局,10592,,,0,,https://www2.njss.info/organizations/proc/271,2026-08-02,大阪府,国・省庁,0
西条市役所,10548,,,0,,https://www2.njss.info/organizations/proc/4754,2026-08-02,愛媛県,地方公共団体,0
水産研究・教育機構,10526,,,0,,https://www2.njss.info/organizations/proc/288,2026-08-02,神奈川県,国・省庁,0
中小企業基盤整備機構(SMRJ),10332,,,0,,https://www2.njss.info/organizations/proc/727,2026-08-02,東京都,国・省庁,0
岩国市役所,10291,,,0,,https://www2.njss.info/organizations/proc/4749,2026-08-02,山口県,地方公共団体,0
宇部市役所,10289,,,0,,https://www2.njss.info/organizations/proc/4747,2026-08-02,山口県,地方公共団体,0
大阪市役所 こども青少年局,10281,,,0,,https://www2.njss.info/organizations/proc/1822,2026-08-02,大阪府,地方公共団体,0
大阪市役所 建設局,10275,,,0,,https://www2.njss.info/organizations/proc/1832,2026-08-02,大阪府,地方公共団体,0
各務原市役所,10268,,,0,,https://www2.njss.info/organizations/proc/4726,2026-08-02,岐阜県,地方公共団体,0
太田市役所,10252,,,0,,https://www2.njss.info/organizations/proc/1751,2026-08-02,群馬県,地方公共団体,0
財務省(MOF) 国税庁(NTA) 関東信越国税局,10198,,,0,,https://www2.njss.info/organizations/proc/426,2026-08-02,埼玉県,国・省庁,0
浜田市役所,10194,,,0,,https://www2.njss.info/organizations/proc/5014,2026-08-02,島根県,地方公共団体,0
小山市役所,10184,,,0,,https://www2.njss.info/organizations/proc/4702,2026-08-02,栃木県,地方公共団体,0
海洋研究開発機構(JAMSTEC),10176,,,0,,https://www2.njss.info/organizations/proc/221,2026-08-02,神奈川県,国・省庁,0
浦安市役所,10174,,,0,,https://www2.njss.info/organizations/proc/4651,2026-08-02,千葉県,地方公共団体,0
防衛省(MOD) 海上自衛隊 岩国航空基地隊,10167,,,0,,https://www2.njss.info/organizations/proc/69,2026-08-02,山口県,国・省庁,0
農林水産省(MAFF) 近畿農政局,10157,,,0,,https://www2.njss.info/organizations/proc/279,2026-08-02,京都府,国・省庁,0
大村市役所,10132,,,0,,https://www2.njss.info/organizations/proc/5030,2026-08-02,長崎県,地方公共団体,0
長浜市役所,10009,,,0,,https://www2.njss.info/organizations/proc/4737,2026-08-02,滋賀県,地方公共団体,0
国分寺市役所,10002,,,0,,https://www2.njss.info/organizations/proc/4335,2026-08-02,東京都,地方公共団体,0
農林水産省(MAFF) 林野庁(FA),9931,,,0,,https://www2.njss.info/organizations/proc/272,2026-08-02,東京都,国・省庁,0
尼崎市役所,9921,,,0,,https://www2.njss.info/organizations/proc/1735,2026-08-02,兵庫県,地方公共団体,0
佐久市役所,9905,,,0,,https://www2.njss.info/organizations/proc/4721,2026-08-02,長野県,地方公共団体,0
最高裁判所 東京高等裁判所 水戸地方裁判所,9890,,,0,,https://www2.njss.info/organizations/proc/3933,2026-08-02,茨城県,国・省庁,0
国土交通省(MLIT) 気象庁,9885,,,0,,https://www2.njss.info/organizations/proc/555,2026-08-02,東京都,国・省庁,0
白山市役所,9853,,,0,,https://www2.njss.info/organizations/proc/4723,2026-08-02,石川県,地方公共団体,0
中央区役所,9852,,,0,,https://www2.njss.info/organizations/proc/1792,2026-08-02,東京都,地方公共団体,0
埼玉県警察本部,9816,,,0,,https://www2.njss.info/organizations/proc/327,2026-08-02,埼玉県,地方公共団体,0
明石市役所,9807,,,0,,https://www2.njss.info/organizations/proc/1768,2026-08-02,兵庫県,地方公共団体,0
大阪大学,9785,,,0,,https://www2.njss.info/organizations/proc/4767,2026-08-02,大阪府,国・省庁,0
福山市立大学,9770,,,0,,https://www2.njss.info/organizations/proc/5426,2026-08-02,広島県,国・省庁,1
深谷市役所,9685,,,0,,https://www2.njss.info/organizations/proc/4663,2026-08-02,埼玉県,地方公共団体,0
新発田市役所,9683,,,0,,https://www2.njss.info/organizations/proc/4718,2026-08-02,新潟県,地方公共団体,0
理化学研究所 播磨事業所,9637,,,0,,https://www2.njss.info/organizations/proc/238,2026-08-02,兵庫県,国・省庁,0
刈谷市役所,9595,,,0,,https://www2.njss.info/organizations/proc/4624,2026-08-02,愛知県,地方公共団体,0
製品評価技術基盤機構(NITE),9508,,,0,,https://www2.njss.info/organizations/proc/718,2026-08-02,東京都,国・省庁,0
焼津市役所,9469,,,0,,https://www2.njss.info/organizations/proc/4673,2026-08-02,静岡県,地方公共団体,0
国土交通省(MLIT) 北海道開発局 留萌開発建設部,9460,,,0,,https://www2.njss.info/organizations/proc/4589,2026-08-02,北海道,国・省庁,0
南相馬市役所,9373,,,0,,https://www2.njss.info/organizations/proc/4964,2026-08-02,福島県,地方公共団体,0
最高裁判所 東京高等裁判所 新潟地方裁判所,9329,,,0,,https://www2.njss.info/organizations/proc/3939,2026-08-02,新潟県,国・省庁,0
萩市役所,9324,,,0,,https://www2.njss.info/organizations/proc/5017,2026-08-02,山口県,地方公共団体,0
大阪市役所 都市整備局,9272,,,0,,https://www2.njss.info/organizations/proc/1831,2026-08-02,大阪府,地方公共団体,0
枚方市役所,9227,,,0,,https://www2.njss.info/organizations/proc/1765,2026-08-02,大阪府,地方公共団体,0
財務省(MOF) 国税庁(NTA) 大阪国税局,9163,,,0,,https://www2.njss.info/organizations/proc/431,2026-08-02,大阪府,国・省庁,0
福生市役所,9156,,,0,,https://www2.njss.info/organizations/proc/4347,2026-08-02,東京都,地方公共団体,0
最高裁判所 東京高等裁判所 前橋地方裁判所,9141,,,0,,https://www2.njss.info/organizations/proc/3935,2026-08-02,群馬県,国・省庁,0
農林水産省(MAFF) 中国四国農政局,9131,,,0,,https://www2.njss.info/organizations/proc/275,2026-08-02,岡山県,国・省庁,0
京都市役所 交通局,9075,,,0,,https://www2.njss.info/organizations/proc/4197,2026-08-02,京都府,地方公共団体,0
香川県警察本部,9008,,,0,,https://www2.njss.info/organizations/proc/334,2026-08-02,香川県,地方公共団体,0
大阪市民病院機構,8969,,,0,,https://www2.njss.info/organizations/proc/1826,2026-08-02,大阪府,地方公共団体,1
大阪市役所 健康局,8961,,,0,,https://www2.njss.info/organizations/proc/4771,2026-08-02,大阪府,地方公共団体,0
釧路市役所,8957,,,0,,https://www2.njss.info/organizations/proc/4684,2026-08-02,北海道,地方公共団体,0
富山市役所 上下水道局,8873,,,0,,https://www2.njss.info/organizations/proc/4323,2026-08-02,富山県,地方公共団体,0
丹波市役所,8834,,,0,,https://www2.njss.info/organizations/proc/4878,2026-08-02,兵庫県,地方公共団体,0
防衛省(MOD) 航空自衛隊 百里基地 第7航空団,8780,,,0,,https://www2.njss.info/organizations/proc/4043,2026-08-02,茨城県,国・省庁,0
熊谷市役所,8754,,,0,,https://www2.njss.info/organizations/proc/1780,2026-08-02,埼玉県,地方公共団体,0
那覇市役所,8742,,,0,,https://www2.njss.info/organizations/proc/4370,2026-08-02,沖縄県,地方公共団体,0
磐田市役所,8732,,,0,,https://www2.njss.info/organizations/proc/4672,2026-08-02,静岡県,地方公共団体,0
ひたちなか市役所,8717,,,0,,https://www2.njss.info/organizations/proc/4697,2026-08-02,茨城県,地方公共団体,0
農林水産省(MAFF) 関東農政局,8708,,,0,,https://www2.njss.info/organizations/proc/278,2026-08-02,埼玉県,国・省庁,0
国土交通省(MLIT) 北海道開発局 小樽開発建設部,8707,,,0,,https://www2.njss.info/organizations/proc/4586,2026-08-02,北海道,国・省庁,0
那須塩原市役所,8705,,,0,,https://www2.njss.info/organizations/proc/4706,2026-08-02,栃木県,地方公共団体,0
土木研究所(PWRI),8701,,,0,,https://www2.njss.info/organizations/proc/455,2026-08-02,茨城県,国・省庁,0
防衛省(MOD) 海上自衛隊 東京業務隊,8691,,,0,,https://www2.njss.info/organizations/proc/84,2026-08-02,東京都,国・省庁,0
春日部市役所,8676,,,0,,https://www2.njss.info/organizations/proc/1753,2026-08-02,埼玉県,地方公共団体,0
豊岡市役所,8605,,,0,,https://www2.njss.info/organizations/proc/4875,2026-08-02,兵庫県,地方公共団体,0
尾張旭市役所,8578,,,0,,https://www2.njss.info/organizations/proc/4833,2026-08-02,愛知県,地方公共団体,0
高槻市役所,8573,,,0,,https://www2.njss.info/organizations/proc/1732,2026-08-02,大阪府,地方公共団体,0
和歌山県警察本部,8566,,,0,,https://www2.njss.info/organizations/proc/345,2026-08-02,和歌山県,地方公共団体,0
［閉鎖］Yahoo!官公庁オークション,8543,,,0,,https://www2.njss.info/organizations/proc/7664,2026-08-02,東京都,国・省庁,1
防衛省(MOD) 九州防衛局,8534,,,0,,https://www2.njss.info/organizations/proc/33,2026-08-02,福岡県,国・省庁,0
南アルプス市役所,8528,,,0,,https://www2.njss.info/organizations/proc/4977,2026-08-02,山梨県,地方公共団体,0
札幌市役所 建設局,8520,,,0,,https://www2.njss.info/organizations/proc/4395,2026-08-02,北海道,地方公共団体,0
防衛省(MOD) 海上自衛隊 大村航空基地隊,8506,,,0,,https://www2.njss.info/organizations/proc/78,2026-08-02,長崎県,国・省庁,0
みよし市役所,8478,,,0,,https://www2.njss.info/organizations/proc/4842,2026-08-02,愛知県,地方公共団体,0
糸魚川市役所,8436,,,0,,https://www2.njss.info/organizations/proc/5684,2026-08-02,新潟県,地方公共団体,0
戸田市役所,8426,,,0,,https://www2.njss.info/organizations/proc/4666,2026-08-02,埼玉県,地方公共団体,0
国立循環器病研究センター(NCVC),8390,,,0,,https://www2.njss.info/organizations/proc/693,2026-08-02,大阪府,国・省庁,0
橿原市役所,8331,,,0,,https://www2.njss.info/organizations/proc/4740,2026-08-02,奈良県,地方公共団体,0
財務省(MOF) 国税庁(NTA) 名古屋国税局,8296,,,0,,https://www2.njss.info/organizations/proc/428,2026-08-02,愛知県,国・省庁,0
京都大学,8288,,,0,,https://www2.njss.info/organizations/proc/4233,2026-08-02,京都府,国・省庁,0
札幌市役所 下水道河川局,8272,,,0,,https://www2.njss.info/organizations/proc/4178,2026-08-02,北海道,地方公共団体,0
国土交通省(MLIT) 航空局,8266,,,0,,https://www2.njss.info/organizations/proc/7274,2026-08-02,東京都,国・省庁,0
甲賀市役所,8262,,,0,,https://www2.njss.info/organizations/proc/4898,2026-08-02,滋賀県,地方公共団体,0
米子市役所,8242,,,0,,https://www2.njss.info/organizations/proc/4743,2026-08-02,鳥取県,地方公共団体,0
沖縄科学技術大学院大学(OIST),8213,,,0,,https://www2.njss.info/organizations/proc/304,2026-08-02,沖縄県,国・省庁,0
国立環境研究所(NIES),8191,,,0,,https://www2.njss.info/organizations/proc/743,2026-08-02,茨城県,国・省庁,0
千葉県警察本部,8184,,,0,,https://www2.njss.info/organizations/proc/316,2026-08-02,千葉県,地方公共団体,0
七尾市役所,8181,,,0,,https://www2.njss.info/organizations/proc/4993,2026-08-02,石川県,地方公共団体,0
岐阜県警察本部,8158,,,0,,https://www2.njss.info/organizations/proc/1649,2026-08-02,岐阜県,地方公共団体,0
防衛省(MOD) 航空自衛隊 千歳基地 第2航空団,8147,,,0,,https://www2.njss.info/organizations/proc/4030,2026-08-02,北海道,国・省庁,0
栃木市役所,8136,,,0,,https://www2.njss.info/organizations/proc/4704,2026-08-02,栃木県,地方公共団体,0
函館市役所,8132,,,0,,https://www2.njss.info/organizations/proc/1713,2026-08-02,北海道,地方公共団体,0
神栖市役所,8096,,,0,,https://www2.njss.info/organizations/proc/4919,2026-08-02,茨城県,地方公共団体,0
会津若松市役所,8093,,,0,,https://www2.njss.info/organizations/proc/4715,2026-08-02,福島県,地方公共団体,0
滋賀県警察本部,8093,,,0,,https://www2.njss.info/organizations/proc/338,2026-08-02,滋賀県,地方公共団体,0
富田林市役所,8068,,,0,,https://www2.njss.info/organizations/proc/4425,2026-08-02,大阪府,地方公共団体,0
三田市役所,8062,,,0,,https://www2.njss.info/organizations/proc/4735,2026-08-02,兵庫県,地方公共団体,0
財務省(MOF) 北海道財務局,8052,,,0,,https://www2.njss.info/organizations/proc/414,2026-08-02,北海道,国・省庁,0
座間市役所,8003,,,0,,https://www2.njss.info/organizations/proc/4646,2026-08-02,神奈川県,地方公共団体,0
住宅金融支援機構(JHF),7997,,,0,,https://www2.njss.info/organizations/proc/387,2026-08-02,東京都,国・省庁,0
三重県警察本部,7974,,,0,,https://www2.njss.info/organizations/proc/322,2026-08-02,三重県,地方公共団体,0
日進市役所,7962,,,0,,https://www2.njss.info/organizations/proc/4830,2026-08-02,愛知県,地方公共団体,0
理化学研究所 横浜事業所,7924,,,0,,https://www2.njss.info/organizations/proc/239,2026-08-02,神奈川県,国・省庁,0
糸島市役所,7912,,,0,,https://www2.njss.info/organizations/proc/4844,2026-08-02,福岡県,地方公共団体,0
犬山市役所,7903,,,0,,https://www2.njss.info/organizations/proc/4834,2026-08-02,愛知県,地方公共団体,0
札幌市役所 環境局 環境事業部,7864,,,0,,https://www2.njss.info/organizations/proc/4176,2026-08-02,北海道,地方公共団体,0
防衛省(MOD) 陸上自衛隊 東北方面隊 東北補給処,7855,,,0,,https://www2.njss.info/organizations/proc/11,2026-08-02,宮城県,国・省庁,0
佐倉市役所,7852,,,0,,https://www2.njss.info/organizations/proc/4650,2026-08-02,千葉県,地方公共団体,0
高知県庁 土木部,7845,,,0,,https://www2.njss.info/organizations/proc/7750,2026-08-02,高知県,地方公共団体,0
南砺市役所,7839,,,0,,https://www2.njss.info/organizations/proc/4981,2026-08-02,富山県,地方公共団体,1
桐生市役所,7835,,,0,,https://www2.njss.info/organizations/proc/4708,2026-08-02,群馬県,地方公共団体,0
笛吹市役所,7808,,,0,,https://www2.njss.info/organizations/proc/4978,2026-08-02,山梨県,地方公共団体,0
札幌市役所 教育委員会,7796,,,0,,https://www2.njss.info/organizations/proc/4171,2026-08-02,北海道,地方公共団体,0
新居浜市役所,7774,,,0,,https://www2.njss.info/organizations/proc/4753,2026-08-02,愛媛県,地方公共団体,0
八千代市役所,7756,,,0,,https://www2.njss.info/organizations/proc/4649,2026-08-02,千葉県,地方公共団体,1
国土交通省(MLIT) 北海道開発局 稚内開発建設部,7727,,,0,,https://www2.njss.info/organizations/proc/521,2026-08-02,北海道,国・省庁,0
防衛省(MOD) 沖縄防衛局,7658,,,0,,https://www2.njss.info/organizations/proc/34,2026-08-02,沖縄県,国・省庁,0
一関市役所,7610,,,0,,https://www2.njss.info/organizations/proc/4711,2026-08-02,岩手県,地方公共団体,0
東大和市役所,7610,,,0,,https://www2.njss.info/organizations/proc/4337,2026-08-02,東京都,地方公共団体,0
西東京市役所,7572,,,0,,https://www2.njss.info/organizations/proc/4343,2026-08-02,東京都,地方公共団体,0
足利市役所,7540,,,0,,https://www2.njss.info/organizations/proc/4703,2026-08-02,栃木県,地方公共団体,0
半田市役所,7538,,,0,,https://www2.njss.info/organizations/proc/4622,2026-08-02,愛知県,地方公共団体,0
館山市役所,7538,,,0,,https://www2.njss.info/organizations/proc/5541,2026-08-02,千葉県,地方公共団体,0
国立健康危機管理研究機構(JIHS) 国立国際医療センター,7538,,,0,,https://www2.njss.info/organizations/proc/687,2026-08-02,東京都,国・省庁,0
防衛省(MOD) 航空自衛隊 入間基地 中部航空警戒管制団,7527,,,0,,https://www2.njss.info/organizations/proc/4044,2026-08-02,埼玉県,国・省庁,0
最高裁判所 名古屋高等裁判所 岐阜地方裁判所,7511,,,0,,https://www2.njss.info/organizations/proc/3950,2026-08-02,岐阜県,国・省庁,0
苫小牧市役所,7454,,,0,,https://www2.njss.info/organizations/proc/4685,2026-08-02,北海道,地方公共団体,0
狛江市役所,7429,,,0,,https://www2.njss.info/organizations/proc/4336,2026-08-02,東京都,地方公共団体,0
薩摩川内市役所,7418,,,0,,https://www2.njss.info/organizations/proc/5045,2026-08-02,鹿児島県,地方公共団体,0
防衛省(MOD) 防衛装備庁 陸上装備研究所,7418,,,0,,https://www2.njss.info/organizations/proc/37,2026-08-02,神奈川県,国・省庁,0
日立市役所,7341,,,0,,https://www2.njss.info/organizations/proc/4696,2026-08-02,茨城県,地方公共団体,0
最高裁判所 広島高等裁判所 広島地方裁判所,7331,,,0,,https://www2.njss.info/organizations/proc/2922,2026-08-02,広島県,国・省庁,0
上益城郡山都町役場,7329,,,0,,https://www2.njss.info/organizations/proc/6312,2026-08-02,熊本県,地方公共団体,0
柏崎市役所,7308,,,0,,https://www2.njss.info/organizations/proc/4969,2026-08-02,新潟県,地方公共団体,0
筑紫野市役所,7307,,,0,,https://www2.njss.info/organizations/proc/4643,2026-08-02,福岡県,地方公共団体,0
田原市役所,7298,,,0,,https://www2.njss.info/organizations/proc/4841,2026-08-02,愛知県,地方公共団体,0
防衛省(MOD) 防衛装備庁 航空装備研究所,7285,,,0,,https://www2.njss.info/organizations/proc/36,2026-08-02,東京都,国・省庁,0
名張市役所,7278,,,0,,https://www2.njss.info/organizations/proc/4895,2026-08-02,三重県,地方公共団体,0
海上技術安全研究所(NMRI),7273,,,0,,https://www2.njss.info/organizations/proc/450,2026-08-02,東京都,国・省庁,0
甲府市役所,7262,,,0,,https://www2.njss.info/organizations/proc/1757,2026-08-02,山梨県,地方公共団体,0
箕面市役所,7261,,,0,,https://www2.njss.info/organizations/proc/4608,2026-08-02,大阪府,地方公共団体,0
高島市役所,7256,,,0,,https://www2.njss.info/organizations/proc/4904,2026-08-02,滋賀県,地方公共団体,0
武蔵野市役所,7234,,,0,,https://www2.njss.info/organizations/proc/4327,2026-08-02,東京都,地方公共団体,0
京丹後市役所,7218,,,0,,https://www2.njss.info/organizations/proc/4871,2026-08-02,京都府,地方公共団体,0
防災科学技術研究所(NIED),7213,,,0,,https://www2.njss.info/organizations/proc/218,2026-08-02,茨城県,国・省庁,0
牛久市役所,7188,,,0,,https://www2.njss.info/organizations/proc/4920,2026-08-02,茨城県,地方公共団体,0
我孫子市役所,7153,,,0,,https://www2.njss.info/organizations/proc/4655,2026-08-02,千葉県,地方公共団体,0
防衛省(MOD) 海上自衛隊 館山航空基地隊,7141,,,0,,https://www2.njss.info/organizations/proc/86,2026-08-02,千葉県,国・省庁,0
日本学術振興会(JSPS),7102,,,0,,https://www2.njss.info/organizations/proc/1659,2026-08-02,東京都,国・省庁,0
中津市役所,7080,,,0,,https://www2.njss.info/organizations/proc/5039,2026-08-02,大分県,地方公共団体,0
内閣府(CAO) 国家公安委員会 警察庁 関東管区警察局,7077,,,0,,https://www2.njss.info/organizations/proc/308,2026-08-02,埼玉県,国・省庁,0
福岡市役所 水道局,7031,,,0,,https://www2.njss.info/organizations/proc/1871,2026-08-02,福岡県,地方公共団体,0
大野城市役所,7028,,,0,,https://www2.njss.info/organizations/proc/4846,2026-08-02,福岡県,地方公共団体,0
日本私立学校振興・共済事業団,7025,,,0,,https://www2.njss.info/organizations/proc/1872,2026-08-02,東京都,国・省庁,0
環境省(MOE) 原子力規制委員会,7021,,,0,,https://www2.njss.info/organizations/proc/728,2026-08-02,東京都,国・省庁,0
防衛省(MOD) 情報本部,7020,,,0,,https://www2.njss.info/organizations/proc/92,2026-08-02,東京都,国・省庁,0
国土交通省(MLIT) 国土技術政策総合研究所 つくば庁舎,6949,,,0,,https://www2.njss.info/organizations/proc/507,2026-08-02,茨城県,国・省庁,0
日置市役所,6949,,,0,,https://www2.njss.info/organizations/proc/5048,2026-08-02,鹿児島県,地方公共団体,0
山形市役所,6942,,,0,,https://www2.njss.info/organizations/proc/1779,2026-08-02,山形県,地方公共団体,0
札幌市役所 病院局,6888,,,0,,https://www2.njss.info/organizations/proc/4182,2026-08-02,北海道,地方公共団体,0
喜多方市役所,6873,,,0,,https://www2.njss.info/organizations/proc/4968,2026-08-02,福島県,地方公共団体,0
最高裁判所 仙台高等裁判所 青森地方裁判所,6856,,,0,,https://www2.njss.info/organizations/proc/3974,2026-08-02,青森県,国・省庁,0
沼田市役所,6808,,,0,,https://www2.njss.info/organizations/proc/4906,2026-08-02,群馬県,地方公共団体,0
東松山市役所,6799,,,0,,https://www2.njss.info/organizations/proc/4774,2026-08-02,埼玉県,地方公共団体,0
松本市役所,6789,,,0,,https://www2.njss.info/organizations/proc/1758,2026-08-02,長野県,地方公共団体,0
朝倉市役所,6788,,,0,,https://www2.njss.info/organizations/proc/4854,2026-08-02,福岡県,地方公共団体,0
福知山市役所,6781,,,0,,https://www2.njss.info/organizations/proc/4867,2026-08-02,京都府,地方公共団体,0
富士吉田市役所,6774,,,0,,https://www2.njss.info/organizations/proc/4979,2026-08-02,山梨県,地方公共団体,0
大府市役所,6765,,,0,,https://www2.njss.info/organizations/proc/4828,2026-08-02,愛知県,地方公共団体,0
阪南市役所,6739,,,0,,https://www2.njss.info/organizations/proc/4619,2026-08-02,大阪府,地方公共団体,0
鹿屋市役所,6730,,,0,,https://www2.njss.info/organizations/proc/4762,2026-08-02,鹿児島県,地方公共団体,0
防衛省(MOD) 海上自衛隊 徳島航空基地隊,6729,,,0,,https://www2.njss.info/organizations/proc/68,2026-08-02,徳島県,国・省庁,0
諫早市役所,6714,,,0,,https://www2.njss.info/organizations/proc/4756,2026-08-02,長崎県,地方公共団体,0
農林水産省(MAFF) 北陸農政局,6708,,,0,,https://www2.njss.info/organizations/proc/277,2026-08-02,石川県,国・省庁,0
造幣局(MINT),6707,,,0,,https://www2.njss.info/organizations/proc/398,2026-08-02,大阪府,国・省庁,0
東京科学大学 【［閉鎖］東京工業大学】,6674,,,0,,https://www2.njss.info/organizations/proc/5362,2026-08-02,東京都,国・省庁,1
三鷹市役所,6667,,,0,,https://www2.njss.info/organizations/proc/4328,2026-08-02,東京都,地方公共団体,0
泉南市役所,6667,,,0,,https://www2.njss.info/organizations/proc/4615,2026-08-02,大阪府,地方公共団体,0
龍ケ崎市役所,6662,,,0,,https://www2.njss.info/organizations/proc/4921,2026-08-02,茨城県,地方公共団体,0
最高裁判所 大阪高等裁判所 京都地方裁判所,6652,,,0,,https://www2.njss.info/organizations/proc/3942,2026-08-02,京都府,国・省庁,0
札幌市役所 都市局,6639,,,0,,https://www2.njss.info/organizations/proc/4396,2026-08-02,北海道,地方公共団体,0
鯖江市役所,6628,,,0,,https://www2.njss.info/organizations/proc/4997,2026-08-02,福井県,地方公共団体,0
防衛省(MOD) 北関東防衛局,6614,,,0,,https://www2.njss.info/organizations/proc/29,2026-08-02,埼玉県,国・省庁,0
自動車技術総合機構,6611,,,0,,https://www2.njss.info/organizations/proc/449,2026-08-02,東京都,国・省庁,0
渋川市役所,6610,,,0,,https://www2.njss.info/organizations/proc/4911,2026-08-02,群馬県,地方公共団体,0
内閣府(CAO) 宮内庁,6582,,,0,,https://www2.njss.info/organizations/proc/356,2026-08-02,東京都,国・省庁,0
蒲郡市役所,6577,,,0,,https://www2.njss.info/organizations/proc/4831,2026-08-02,愛知県,地方公共団体,0
国家公務員共済組合連合会(KKR),6575,,,0,,https://www2.njss.info/organizations/proc/5650,2026-08-02,東京都,国・省庁,1
新城市役所,6570,,,0,,https://www2.njss.info/organizations/proc/5937,2026-08-02,愛知県,地方公共団体,0
飯塚市役所,6559,,,0,,https://www2.njss.info/organizations/proc/4640,2026-08-02,福岡県,地方公共団体,0
神奈川県警察本部,6559,,,0,,https://www2.njss.info/organizations/proc/1648,2026-08-02,神奈川県,地方公共団体,0
奈良県庁 県土マネジメント部,6545,,,0,,https://www2.njss.info/organizations/proc/4804,2026-08-02,奈良県,地方公共団体,0
札幌市役所 保健福祉局,6539,,,0,,https://www2.njss.info/organizations/proc/4389,2026-08-02,北海道,地方公共団体,0
三郷市役所,6536,,,0,,https://www2.njss.info/organizations/proc/4664,2026-08-02,埼玉県,地方公共団体,0
八女市役所,6527,,,0,,https://www2.njss.info/organizations/proc/4850,2026-08-02,福岡県,地方公共団体,0
国土交通省(MLIT) 海上保安庁 第三管区,6522,,,0,,https://www2.njss.info/organizations/proc/524,2026-08-02,神奈川県,国・省庁,0
防衛省(MOD) 陸上自衛隊 西部方面隊 目達原駐屯地 九州補給処,6496,,,0,,https://www2.njss.info/organizations/proc/23,2026-08-02,佐賀県,国・省庁,0
須賀川市役所,6495,,,0,,https://www2.njss.info/organizations/proc/4963,2026-08-02,福島県,地方公共団体,0
石巻市役所,6480,,,0,,https://www2.njss.info/organizations/proc/4598,2026-08-02,宮城県,地方公共団体,0
花巻市役所,6478,,,0,,https://www2.njss.info/organizations/proc/4712,2026-08-02,岩手県,地方公共団体,0
鶴岡市役所,6460,,,0,,https://www2.njss.info/organizations/proc/4713,2026-08-02,山形県,地方公共団体,0
茨木市役所,6455,,,0,,https://www2.njss.info/organizations/proc/1787,2026-08-02,大阪府,地方公共団体,0
国土交通省(MLIT) 海上保安庁 第七管区,6431,,,0,,https://www2.njss.info/organizations/proc/528,2026-08-02,福岡県,国・省庁,0
生駒市役所,6421,,,0,,https://www2.njss.info/organizations/proc/4741,2026-08-02,奈良県,地方公共団体,0
射水市役所,6400,,,0,,https://www2.njss.info/organizations/proc/4980,2026-08-02,富山県,地方公共団体,0
加須市役所,6400,,,0,,https://www2.njss.info/organizations/proc/4668,2026-08-02,埼玉県,地方公共団体,0
曽於市役所,6399,,,0,,https://www2.njss.info/organizations/proc/5884,2026-08-02,鹿児島県,地方公共団体,0
鴻巣市役所,6380,,,0,,https://www2.njss.info/organizations/proc/4667,2026-08-02,埼玉県,地方公共団体,0
最高裁判所 東京高等裁判所 長野地方裁判所,6354,,,0,,https://www2.njss.info/organizations/proc/3938,2026-08-02,長野県,国・省庁,0
光市役所,6337,,,0,,https://www2.njss.info/organizations/proc/5018,2026-08-02,山口県,地方公共団体,0
野田市役所,6300,,,0,,https://www2.njss.info/organizations/proc/4654,2026-08-02,千葉県,地方公共団体,0
佐渡市役所,6282,,,0,,https://www2.njss.info/organizations/proc/4972,2026-08-02,新潟県,地方公共団体,0
防衛省(MOD) 海上自衛隊 小月航空基地隊,6281,,,0,,https://www2.njss.info/organizations/proc/77,2026-08-02,山口県,国・省庁,0
日野市役所,6263,,,0,,https://www2.njss.info/organizations/proc/4334,2026-08-02,東京都,地方公共団体,0
草津市役所,6243,,,0,,https://www2.njss.info/organizations/proc/4736,2026-08-02,滋賀県,地方公共団体,0
木津川市役所,6242,,,0,,https://www2.njss.info/organizations/proc/4869,2026-08-02,京都府,地方公共団体,0
総社市役所,6242,,,0,,https://www2.njss.info/organizations/proc/4691,2026-08-02,岡山県,地方公共団体,0
知立市役所,6230,,,0,,https://www2.njss.info/organizations/proc/4837,2026-08-02,愛知県,地方公共団体,0
三島市役所,6208,,,0,,https://www2.njss.info/organizations/proc/4677,2026-08-02,静岡県,地方公共団体,0
日本医療研究開発機構,6202,,,0,,https://www2.njss.info/organizations/proc/5815,2026-08-02,東京都,国・省庁,0
奥州市役所,6192,,,0,,https://www2.njss.info/organizations/proc/4710,2026-08-02,岩手県,地方公共団体,0
魚沼市役所,6168,,,0,,https://www2.njss.info/organizations/proc/5687,2026-08-02,新潟県,地方公共団体,0
安曇野市役所,6146,,,0,,https://www2.njss.info/organizations/proc/4984,2026-08-02,長野県,地方公共団体,0
芦屋市役所,6132,,,0,,https://www2.njss.info/organizations/proc/4874,2026-08-02,兵庫県,地方公共団体,0
越前市役所,6104,,,0,,https://www2.njss.info/organizations/proc/4995,2026-08-02,福井県,地方公共団体,0
防衛省(MOD) 海上自衛隊 八戸航空基地隊,6102,,,0,,https://www2.njss.info/organizations/proc/62,2026-08-02,青森県,国・省庁,0
廿日市市役所,6092,,,0,,https://www2.njss.info/organizations/proc/4681,2026-08-02,広島県,地方公共団体,0
大阪狭山市役所,6091,,,0,,https://www2.njss.info/organizations/proc/4618,2026-08-02,大阪府,地方公共団体,0
山口県警察本部,6090,,,0,,https://www2.njss.info/organizations/proc/329,2026-08-02,山口県,地方公共団体,0
最高裁判所 名古屋高等裁判所 津地方裁判所,6052,,,0,,https://www2.njss.info/organizations/proc/3949,2026-08-02,三重県,国・省庁,0
行田市役所,6017,,,0,,https://www2.njss.info/organizations/proc/4775,2026-08-02,埼玉県,地方公共団体,0
気仙沼市役所,6008,,,0,,https://www2.njss.info/organizations/proc/4632,2026-08-02,宮城県,地方公共団体,0
田辺市役所,6007,,,0,,https://www2.njss.info/organizations/proc/4880,2026-08-02,和歌山県,地方公共団体,0
北名古屋市役所,6004,,,0,,https://www2.njss.info/organizations/proc/4832,2026-08-02,愛知県,地方公共団体,0
能美市役所,5997,,,0,,https://www2.njss.info/organizations/proc/5696,2026-08-02,石川県,地方公共団体,0
大野市役所,5984,,,0,,https://www2.njss.info/organizations/proc/5700,2026-08-02,福井県,地方公共団体,0
防衛省(MOD) 海上自衛隊 第1術科学校,5974,,,0,,https://www2.njss.info/organizations/proc/70,2026-08-02,広島県,国・省庁,0
近江八幡市役所,5959,,,0,,https://www2.njss.info/organizations/proc/4899,2026-08-02,滋賀県,地方公共団体,0
法務省(MOJ) 出入国在留管理庁,5948,,,0,,https://www2.njss.info/organizations/proc/1564,2026-08-02,東京都,国・省庁,0
美作市役所,5942,,,0,,https://www2.njss.info/organizations/proc/5741,2026-08-02,岡山県,地方公共団体,0
瀬戸市役所,5927,,,0,,https://www2.njss.info/organizations/proc/4621,2026-08-02,愛知県,地方公共団体,0
清須市役所,5924,,,0,,https://www2.njss.info/organizations/proc/4838,2026-08-02,愛知県,地方公共団体,0
霧島市役所,5904,,,0,,https://www2.njss.info/organizations/proc/4761,2026-08-02,鹿児島県,地方公共団体,0
村上市役所,5882,,,0,,https://www2.njss.info/organizations/proc/4971,2026-08-02,新潟県,地方公共団体,0
大牟田市役所,5879,,,0,,https://www2.njss.info/organizations/proc/4641,2026-08-02,福岡県,地方公共団体,0
日本芸術文化振興会,5853,,,0,,https://www2.njss.info/organizations/proc/234,2026-08-02,東京都,国・省庁,0
川西市役所,5844,,,0,,https://www2.njss.info/organizations/proc/4734,2026-08-02,兵庫県,地方公共団体,0
社会保険診療報酬支払基金,5841,,,0,,https://www2.njss.info/organizations/proc/1291,2026-08-02,東京都,国・省庁,1
益田市役所,5826,,,0,,https://www2.njss.info/organizations/proc/5732,2026-08-02,島根県,地方公共団体,0
印西市役所,5821,,,0,,https://www2.njss.info/organizations/proc/4814,2026-08-02,千葉県,地方公共団体,0
岸和田市役所,5816,,,0,,https://www2.njss.info/organizations/proc/1786,2026-08-02,大阪府,地方公共団体,0
山形大学,5812,,,0,,https://www2.njss.info/organizations/proc/243,2026-08-02,山形県,国・省庁,0
石岡市役所,5800,,,0,,https://www2.njss.info/organizations/proc/4922,2026-08-02,茨城県,地方公共団体,0
飯田市役所,5784,,,0,,https://www2.njss.info/organizations/proc/4720,2026-08-02,長野県,地方公共団体,0
城陽市役所,5740,,,0,,https://www2.njss.info/organizations/proc/4865,2026-08-02,京都府,地方公共団体,0
福岡県警察本部,5738,,,0,,https://www2.njss.info/organizations/proc/317,2026-08-02,福岡県,地方公共団体,0
広島大学,5737,,,0,,https://www2.njss.info/organizations/proc/4482,2026-08-02,広島県,国・省庁,0
三次市役所,5728,,,0,,https://www2.njss.info/organizations/proc/4862,2026-08-02,広島県,地方公共団体,0
坂井市役所,5717,,,0,,https://www2.njss.info/organizations/proc/4994,2026-08-02,福井県,地方公共団体,0
八潮市役所,5706,,,0,,https://www2.njss.info/organizations/proc/4777,2026-08-02,埼玉県,地方公共団体,0
日本学生支援機構(JASSO),5701,,,0,,https://www2.njss.info/organizations/proc/222,2026-08-02,東京都,国・省庁,0
燕市役所,5698,,,0,,https://www2.njss.info/organizations/proc/4970,2026-08-02,新潟県,地方公共団体,0
和泉市役所,5682,,,0,,https://www2.njss.info/organizations/proc/4606,2026-08-02,大阪府,地方公共団体,0
佐伯市役所,5671,,,0,,https://www2.njss.info/organizations/proc/5040,2026-08-02,大分県,地方公共団体,0
館林市役所,5669,,,0,,https://www2.njss.info/organizations/proc/4915,2026-08-02,群馬県,地方公共団体,0
最高裁判所 東京高等裁判所 宇都宮地方裁判所,5659,,,0,,https://www2.njss.info/organizations/proc/3934,2026-08-02,栃木県,国・省庁,0
国立健康危機管理研究機構(JIHS) 【［閉鎖］国立感染症研究所(NIID)】,5658,,,0,,https://www2.njss.info/organizations/proc/682,2026-08-02,東京都,国・省庁,1
経済産業省(METI) 特許庁,5654,,,0,,https://www2.njss.info/organizations/proc/741,2026-08-02,東京都,国・省庁,0
輪島市役所,5650,,,0,,https://www2.njss.info/organizations/proc/5694,2026-08-02,石川県,地方公共団体,0
国立成育医療研究センター,5650,,,0,,https://www2.njss.info/organizations/proc/690,2026-08-02,東京都,国・省庁,0
防衛省(MOD) 海上自衛隊 小松島航空基地 第24航空隊,5622,,,0,,https://www2.njss.info/organizations/proc/71,2026-08-02,徳島県,国・省庁,0
労働者健康安全機構,5620,,,0,,https://www2.njss.info/organizations/proc/613,2026-08-02,神奈川県,国・省庁,0
中津川市役所,5603,,,0,,https://www2.njss.info/organizations/proc/4888,2026-08-02,岐阜県,地方公共団体,0
北上市役所,5599,,,0,,https://www2.njss.info/organizations/proc/4948,2026-08-02,岩手県,地方公共団体,0
昭島市役所,5589,,,0,,https://www2.njss.info/organizations/proc/4330,2026-08-02,東京都,地方公共団体,0
守山市役所,5585,,,0,,https://www2.njss.info/organizations/proc/4900,2026-08-02,滋賀県,地方公共団体,0
北秋田市役所,5583,,,0,,https://www2.njss.info/organizations/proc/5678,2026-08-02,秋田県,地方公共団体,0
南さつま市役所,5568,,,0,,https://www2.njss.info/organizations/proc/5886,2026-08-02,鹿児島県,地方公共団体,0
加賀市役所,5559,,,0,,https://www2.njss.info/organizations/proc/4992,2026-08-02,石川県,地方公共団体,0
坂戸市役所,5558,,,0,,https://www2.njss.info/organizations/proc/4671,2026-08-02,埼玉県,地方公共団体,0
防衛省(MOD) 防衛装備庁 艦艇装備研究所,5552,,,0,,https://www2.njss.info/organizations/proc/38,2026-08-02,東京都,国・省庁,0
富士宮市役所,5539,,,0,,https://www2.njss.info/organizations/proc/4675,2026-08-02,静岡県,地方公共団体,0
笠間市役所,5537,,,0,,https://www2.njss.info/organizations/proc/4923,2026-08-02,茨城県,地方公共団体,0
恵那市役所,5515,,,0,,https://www2.njss.info/organizations/proc/4892,2026-08-02,岐阜県,地方公共団体,0
南島原市役所,5501,,,0,,https://www2.njss.info/organizations/proc/5031,2026-08-02,長崎県,地方公共団体,0
亀山市役所,5484,,,0,,https://www2.njss.info/organizations/proc/4897,2026-08-02,三重県,地方公共団体,0
大阪市役所 水道局,5481,,,0,,https://www2.njss.info/organizations/proc/1836,2026-08-02,大阪府,地方公共団体,0
防衛省(MOD) 南関東防衛局,5473,,,0,,https://www2.njss.info/organizations/proc/30,2026-08-02,神奈川県,国・省庁,0
国立市役所,5455,,,0,,https://www2.njss.info/organizations/proc/4575,2026-08-02,東京都,地方公共団体,0
防衛省(MOD) 海上自衛隊 那覇航空基地隊,5448,,,0,,https://www2.njss.info/organizations/proc/81,2026-08-02,沖縄県,国・省庁,0
古河市役所,5441,,,0,,https://www2.njss.info/organizations/proc/4699,2026-08-02,茨城県,地方公共団体,0
防衛省(MOD) 航空自衛隊 三沢基地 第3航空団,5427,,,0,,https://www2.njss.info/organizations/proc/4031,2026-08-02,青森県,国・省庁,0
可児市役所,5423,,,0,,https://www2.njss.info/organizations/proc/4885,2026-08-02,岐阜県,地方公共団体,0
株式会社国際協力銀行,5394,,,0,,https://www2.njss.info/organizations/proc/7489,2026-08-02,東京都,国・省庁,0
長久手市役所,5388,,,0,,https://www2.njss.info/organizations/proc/5933,2026-08-02,愛知県,地方公共団体,0
弘前大学,5380,,,0,,https://www2.njss.info/organizations/proc/249,2026-08-02,青森県,国・省庁,0
碧南市役所,5372,,,0,,https://www2.njss.info/organizations/proc/4835,2026-08-02,愛知県,地方公共団体,0
茅野市役所,5370,,,0,,https://www2.njss.info/organizations/proc/4988,2026-08-02,長野県,地方公共団体,0
壱岐市役所,5349,,,0,,https://www2.njss.info/organizations/proc/6095,2026-08-02,長崎県,地方公共団体,0
財務省(MOF) 東京税関,5347,,,0,,https://www2.njss.info/organizations/proc/409,2026-08-02,東京都,国・省庁,0
福島県 伊達市役所,5341,,,0,,https://www2.njss.info/organizations/proc/4965,2026-08-02,福島県,地方公共団体,0
防衛省(MOD) 航空自衛隊 那覇基地 第83航空隊,5313,,,0,,https://www2.njss.info/organizations/proc/4050,2026-08-02,沖縄県,国・省庁,0
笠岡市役所,5312,,,0,,https://www2.njss.info/organizations/proc/4693,2026-08-02,岡山県,地方公共団体,0
旭市役所,5302,,,0,,https://www2.njss.info/organizations/proc/4819,2026-08-02,千葉県,地方公共団体,0
理化学研究所 神戸事業所,5301,,,0,,https://www2.njss.info/organizations/proc/240,2026-08-02,兵庫県,国・省庁,0
十日町市役所,5300,,,0,,https://www2.njss.info/organizations/proc/4974,2026-08-02,新潟県,地方公共団体,0
最高裁判所 東京高等裁判所 甲府地方裁判所,5287,,,0,,https://www2.njss.info/organizations/proc/3937,2026-08-02,山梨県,国・省庁,0
掛川市役所,5285,,,0,,https://www2.njss.info/organizations/proc/4676,2026-08-02,静岡県,地方公共団体,0
真岡市役所,5282,,,0,,https://www2.njss.info/organizations/proc/4934,2026-08-02,栃木県,地方公共団体,0
君津市役所,5276,,,0,,https://www2.njss.info/organizations/proc/4813,2026-08-02,千葉県,地方公共団体,0
札幌市役所 総務局,5270,,,0,,https://www2.njss.info/organizations/proc/4170,2026-08-02,北海道,地方公共団体,0
宍粟市役所,5262,,,0,,https://www2.njss.info/organizations/proc/5601,2026-08-02,兵庫県,地方公共団体,0
舞鶴市役所,5249,,,0,,https://www2.njss.info/organizations/proc/4864,2026-08-02,京都府,地方公共団体,0
首都高速道路株式会社,5247,,,0,,https://www2.njss.info/organizations/proc/556,2026-08-02,東京都,国・省庁,0
鹿沼市役所,5245,,,0,,https://www2.njss.info/organizations/proc/4707,2026-08-02,栃木県,地方公共団体,0
大阪広域環境施設組合,5238,,,0,,https://www2.njss.info/organizations/proc/7132,2026-08-02,大阪府,地方公共団体,0
氷見市役所,5234,,,0,,https://www2.njss.info/organizations/proc/4982,2026-08-02,富山県,地方公共団体,0
宇城市役所,5218,,,0,,https://www2.njss.info/organizations/proc/5034,2026-08-02,熊本県,地方公共団体,0
群馬県警察本部,5207,,,0,,https://www2.njss.info/organizations/proc/319,2026-08-02,群馬県,地方公共団体,0
島田市役所,5195,,,0,,https://www2.njss.info/organizations/proc/4678,2026-08-02,静岡県,地方公共団体,0
最高裁判所 仙台高等裁判所 福島地方裁判所,5162,,,0,,https://www2.njss.info/organizations/proc/3970,2026-08-02,福島県,国・省庁,0
泉佐野市役所,5143,,,0,,https://www2.njss.info/organizations/proc/4603,2026-08-02,大阪府,地方公共団体,0
三木市役所,5139,,,0,,https://www2.njss.info/organizations/proc/4876,2026-08-02,兵庫県,地方公共団体,0
吉野川市役所,5135,,,0,,https://www2.njss.info/organizations/proc/5760,2026-08-02,徳島県,地方公共団体,0
財務省(MOF) 国税庁(NTA) 広島国税局,5130,,,0,,https://www2.njss.info/organizations/proc/424,2026-08-02,広島県,国・省庁,0
伊丹市役所,5127,,,0,,https://www2.njss.info/organizations/proc/4733,2026-08-02,兵庫県,地方公共団体,0
土岐市役所,5126,,,0,,https://www2.njss.info/organizations/proc/4890,2026-08-02,岐阜県,地方公共団体,0
北海道庁 空知総合振興局,5122,,,0,,https://www2.njss.info/organizations/proc/7433,2026-08-02,北海道,地方公共団体,0
財務省(MOF) 中国財務局,5118,,,0,,https://www2.njss.info/organizations/proc/412,2026-08-02,広島県,国・省庁,0
防衛省(MOD) 陸上自衛隊 東部方面隊 霞ヶ浦駐屯地 関東補給処,5109,,,0,,https://www2.njss.info/organizations/proc/12,2026-08-02,茨城県,国・省庁,0
志摩市役所,5103,,,0,,https://www2.njss.info/organizations/proc/4896,2026-08-02,三重県,地方公共団体,0
最高裁判所 福岡高等裁判所 鹿児島地方裁判所,5077,,,0,,https://www2.njss.info/organizations/proc/3965,2026-08-02,鹿児島県,国・省庁,0
南九州市役所,5076,,,0,,https://www2.njss.info/organizations/proc/5889,2026-08-02,鹿児島県,地方公共団体,0
東近江市役所,5074,,,0,,https://www2.njss.info/organizations/proc/4738,2026-08-02,滋賀県,地方公共団体,0
守口市役所,5073,,,0,,https://www2.njss.info/organizations/proc/4607,2026-08-02,大阪府,地方公共団体,0
三条市役所,5067,,,0,,https://www2.njss.info/organizations/proc/4717,2026-08-02,新潟県,地方公共団体,0
瑞穂市役所,5065,,,0,,https://www2.njss.info/organizations/proc/4893,2026-08-02,岐阜県,地方公共団体,0
筑西市役所,5062,,,0,,https://www2.njss.info/organizations/proc/4701,2026-08-02,茨城県,地方公共団体,0
宗像市役所,5058,,,0,,https://www2.njss.info/organizations/proc/4845,2026-08-02,福岡県,地方公共団体,0
福井県警察本部,5041,,,0,,https://www2.njss.info/organizations/proc/331,2026-08-02,福井県,地方公共団体,0
狭山市役所,5038,,,0,,https://www2.njss.info/organizations/proc/4660,2026-08-02,埼玉県,地方公共団体,0
横浜市建築保全公社,5028,,,0,,https://www2.njss.info/organizations/proc/6868,2026-08-02,神奈川県,国・省庁,1
五泉市役所,5025,,,0,,https://www2.njss.info/organizations/proc/4975,2026-08-02,新潟県,地方公共団体,0
新見市役所,5024,,,0,,https://www2.njss.info/organizations/proc/5738,2026-08-02,岡山県,地方公共団体,0
武雄市役所,5017,,,0,,https://www2.njss.info/organizations/proc/5029,2026-08-02,佐賀県,地方公共団体,0
室蘭市役所,5006,,,0,,https://www2.njss.info/organizations/proc/4938,2026-08-02,北海道,地方公共団体,0
行橋市役所,5000,,,0,,https://www2.njss.info/organizations/proc/4849,2026-08-02,福岡県,地方公共団体,0
朝霞市役所,4980,,,0,,https://www2.njss.info/organizations/proc/4665,2026-08-02,埼玉県,地方公共団体,0
港湾空港技術研究所(PARI),4958,,,0,,https://www2.njss.info/organizations/proc/454,2026-08-02,神奈川県,国・省庁,0
富士見市役所,4948,,,0,,https://www2.njss.info/organizations/proc/4669,2026-08-02,埼玉県,地方公共団体,0
都市再生機構(UR) 九州支社,4948,,,0,,https://www2.njss.info/organizations/proc/5058,2026-08-02,福岡県,国・省庁,0
日南市役所,4942,,,0,,https://www2.njss.info/organizations/proc/5044,2026-08-02,宮崎県,地方公共団体,0
香南市役所,4940,,,0,,https://www2.njss.info/organizations/proc/5818,2026-08-02,高知県,地方公共団体,0
福島県庁 土木部,4924,,,0,,https://www2.njss.info/organizations/proc/5561,2026-08-02,福島県,地方公共団体,0
伊万里市役所,4922,,,0,,https://www2.njss.info/organizations/proc/5028,2026-08-02,佐賀県,地方公共団体,0
鳴門市役所,4915,,,0,,https://www2.njss.info/organizations/proc/5020,2026-08-02,徳島県,地方公共団体,0
常陸太田市役所,4913,,,0,,https://www2.njss.info/organizations/proc/4927,2026-08-02,茨城県,地方公共団体,0
四街道市役所,4913,,,0,,https://www2.njss.info/organizations/proc/4815,2026-08-02,千葉県,地方公共団体,0
財務省(MOF) 国税庁(NTA) 札幌国税局,4909,,,0,,https://www2.njss.info/organizations/proc/432,2026-08-02,北海道,国・省庁,0
防府市役所,4899,,,0,,https://www2.njss.info/organizations/proc/4750,2026-08-02,山口県,地方公共団体,0
厚生労働省(MHLW) 東京労働局,4873,,,0,,https://www2.njss.info/organizations/proc/590,2026-08-02,東京都,国・省庁,0
鹿角市役所,4872,,,0,,https://www2.njss.info/organizations/proc/5507,2026-08-02,秋田県,地方公共団体,0
平戸市役所,4856,,,0,,https://www2.njss.info/organizations/proc/5823,2026-08-02,長崎県,地方公共団体,0
知多市役所,4846,,,0,,https://www2.njss.info/organizations/proc/4829,2026-08-02,愛知県,地方公共団体,0
鎌ケ谷市役所,4846,,,0,,https://www2.njss.info/organizations/proc/4656,2026-08-02,千葉県,地方公共団体,0
江南市役所,4843,,,0,,https://www2.njss.info/organizations/proc/4826,2026-08-02,愛知県,地方公共団体,0
日本スポーツ振興センター,4825,,,0,,https://www2.njss.info/organizations/proc/226,2026-08-02,東京都,国・省庁,0
国会 国立国会図書館,4823,,,0,,https://www2.njss.info/organizations/proc/7,2026-08-02,東京都,国・省庁,0
財務省(MOF) 近畿財務局,4767,,,0,,https://www2.njss.info/organizations/proc/417,2026-08-02,大阪府,国・省庁,0
最高裁判所 大阪高等裁判所 和歌山地方裁判所,4762,,,0,,https://www2.njss.info/organizations/proc/3946,2026-08-02,和歌山県,国・省庁,0
伊豆市役所,4752,,,0,,https://www2.njss.info/organizations/proc/5626,2026-08-02,静岡県,地方公共団体,0
財務省(MOF) 国税庁(NTA) 仙台国税局,4748,,,0,,https://www2.njss.info/organizations/proc/433,2026-08-02,宮城県,国・省庁,0
門真市役所,4735,,,0,,https://www2.njss.info/organizations/proc/4429,2026-08-02,大阪府,地方公共団体,0
岩見沢市役所,4728,,,0,,https://www2.njss.info/organizations/proc/4940,2026-08-02,北海道,地方公共団体,0
経済産業省(METI) 資源エネルギー庁,4724,,,0,,https://www2.njss.info/organizations/proc/740,2026-08-02,東京都,国・省庁,0
医薬基盤・健康・栄養研究所(NIBN),4718,,,0,,https://www2.njss.info/organizations/proc/609,2026-08-02,大阪府,国・省庁,0
女川町役場,4715,,,0,,https://www2.njss.info/organizations/proc/4913,2026-08-02,宮城県,地方公共団体,0
三豊市役所,4714,,,0,,https://www2.njss.info/organizations/proc/5021,2026-08-02,香川県,地方公共団体,0
国立青少年教育振興機構(NIYE),4713,,,0,,https://www2.njss.info/organizations/proc/233,2026-08-02,東京都,国・省庁,0
財務省(MOF) 東海財務局,4713,,,0,,https://www2.njss.info/organizations/proc/421,2026-08-02,愛知県,国・省庁,0
防衛省(MOD) 中国四国防衛局,4712,,,0,,https://www2.njss.info/organizations/proc/4511,2026-08-02,広島県,国・省庁,0
国立病院機構,4710,,,0,,https://www2.njss.info/organizations/proc/605,2026-08-02,東京都,国・省庁,0
阿賀野市役所,4684,,,0,,https://www2.njss.info/organizations/proc/5686,2026-08-02,新潟県,地方公共団体,0
長崎県警察本部,4658,,,0,,https://www2.njss.info/organizations/proc/324,2026-08-02,長崎県,地方公共団体,0
高エネルギー加速器研究機構(KEK),4641,,,0,,https://www2.njss.info/organizations/proc/241,2026-08-02,茨城県,国・省庁,0
最高裁判所 札幌高等裁判所 札幌地方裁判所,4633,,,0,,https://www2.njss.info/organizations/proc/3976,2026-08-02,北海道,国・省庁,0
防衛省(MOD) 陸上自衛隊 中部方面隊 関西補給処 宇治駐屯地,4631,,,0,,https://www2.njss.info/organizations/proc/3500,2026-08-02,京都府,国・省庁,0
雲南市役所,4630,,,0,,https://www2.njss.info/organizations/proc/5735,2026-08-02,島根県,地方公共団体,0
東村山市役所,4629,,,0,,https://www2.njss.info/organizations/proc/4342,2026-08-02,東京都,地方公共団体,0
沖縄市役所,4616,,,0,,https://www2.njss.info/organizations/proc/4763,2026-08-02,沖縄県,地方公共団体,0
国土交通省(MLIT) 海上保安庁 第五管区,4615,,,0,,https://www2.njss.info/organizations/proc/526,2026-08-02,兵庫県,国・省庁,0
防衛省(MOD) 東北防衛局,4602,,,0,,https://www2.njss.info/organizations/proc/28,2026-08-02,宮城県,国・省庁,0
玉野市役所,4593,,,0,,https://www2.njss.info/organizations/proc/4692,2026-08-02,岡山県,地方公共団体,0
大洲市役所,4588,,,0,,https://www2.njss.info/organizations/proc/5771,2026-08-02,愛媛県,地方公共団体,0
最高裁判所 広島高等裁判所 岡山地方裁判所,4579,,,0,,https://www2.njss.info/organizations/proc/3956,2026-08-02,岡山県,国・省庁,0
千曲市役所,4573,,,0,,https://www2.njss.info/organizations/proc/4987,2026-08-02,長野県,地方公共団体,0
西海市役所,4557,,,0,,https://www2.njss.info/organizations/proc/5826,2026-08-02,長崎県,地方公共団体,0
都市再生機構(UR) 東日本賃貸住宅本部 千葉地域,4549,,,0,,https://www2.njss.info/organizations/proc/5061,2026-08-02,千葉県,国・省庁,0
八幡平市役所,4548,,,0,,https://www2.njss.info/organizations/proc/6127,2026-08-02,岩手県,地方公共団体,0
淡路市役所,4547,,,0,,https://www2.njss.info/organizations/proc/5600,2026-08-02,兵庫県,地方公共団体,0
貝塚市役所,4545,,,0,,https://www2.njss.info/organizations/proc/4604,2026-08-02,大阪府,地方公共団体,0
香取市役所,4535,,,0,,https://www2.njss.info/organizations/proc/4816,2026-08-02,千葉県,地方公共団体,0
駿東郡長泉町役場,4530,,,0,,https://www2.njss.info/organizations/proc/5676,2026-08-02,静岡県,地方公共団体,0
岡山県警察本部,4523,,,0,,https://www2.njss.info/organizations/proc/337,2026-08-02,岡山県,地方公共団体,0
日本赤十字社,4522,,,0,,https://www2.njss.info/organizations/proc/1109,2026-08-02,東京都,国・省庁,0
都市再生機構(UR) 中部支社,4503,,,0,,https://www2.njss.info/organizations/proc/5057,2026-08-02,愛知県,国・省庁,0
都市再生機構(UR) 東日本賃貸住宅本部 神奈川地域,4488,,,0,,https://www2.njss.info/organizations/proc/5063,2026-08-02,神奈川県,国・省庁,0
和歌山県立医科大学,4482,,,0,,https://www2.njss.info/organizations/proc/5420,2026-08-02,和歌山県,国・省庁,0
河西郡芽室町役場,4481,,,0,,https://www2.njss.info/organizations/proc/6354,2026-08-02,北海道,地方公共団体,0
綾瀬市役所,4476,,,0,,https://www2.njss.info/organizations/proc/4772,2026-08-02,神奈川県,地方公共団体,0
国会 衆議院,4475,,,0,,https://www2.njss.info/organizations/proc/5,2026-08-02,東京都,国・省庁,1
山梨大学,4467,,,0,,https://www2.njss.info/organizations/proc/260,2026-08-02,山梨県,国・省庁,0
東海市役所,4465,,,0,,https://www2.njss.info/organizations/proc/4629,2026-08-02,愛知県,地方公共団体,0
国土交通省(MLIT) 東北地方整備局 山形河川国道事務所,4449,,,0,,https://www2.njss.info/organizations/proc/1072,2026-08-02,山形県,国・省庁,0
京田辺市役所,4448,,,0,,https://www2.njss.info/organizations/proc/4870,2026-08-02,京都府,地方公共団体,0
最高裁判所 仙台高等裁判所 秋田地方裁判所,4445,,,0,,https://www2.njss.info/organizations/proc/3973,2026-08-02,秋田県,国・省庁,0
山鹿市役所,4445,,,0,,https://www2.njss.info/organizations/proc/5035,2026-08-02,熊本県,地方公共団体,0
札幌市役所 消防局,4434,,,0,,https://www2.njss.info/organizations/proc/4397,2026-08-02,北海道,地方公共団体,0
井原市役所,4431,,,0,,https://www2.njss.info/organizations/proc/5736,2026-08-02,岡山県,地方公共団体,0
江別市役所,4428,,,0,,https://www2.njss.info/organizations/proc/4689,2026-08-02,北海道,地方公共団体,0
群馬大学,4424,,,0,,https://www2.njss.info/organizations/proc/5347,2026-08-02,群馬県,国・省庁,0
防衛省(MOD) 海上自衛隊 沖縄基地隊,4411,,,0,,https://www2.njss.info/organizations/proc/80,2026-08-02,沖縄県,国・省庁,0
内閣府(CAO) 金融庁,4406,,,0,,https://www2.njss.info/organizations/proc/354,2026-08-02,東京都,国・省庁,0
由布市役所,4406,,,0,,https://www2.njss.info/organizations/proc/5879,2026-08-02,大分県,地方公共団体,0
知多郡東浦町役場,4406,,,0,,https://www2.njss.info/organizations/proc/5946,2026-08-02,愛知県,地方公共団体,0
国際観光振興機構〈日本政府観光局〉(JNTO),4392,,,0,,https://www2.njss.info/organizations/proc/442,2026-08-02,東京都,国・省庁,0
国土交通省(MLIT) 海上保安庁 第十一管区,4385,,,0,,https://www2.njss.info/organizations/proc/532,2026-08-02,沖縄県,国・省庁,0
厚生労働省(MHLW) 国立医薬品食品衛生研究所,4383,,,0,,https://www2.njss.info/organizations/proc/683,2026-08-02,神奈川県,国・省庁,0
北海道庁 オホーツク総合振興局,4379,,,0,,https://www2.njss.info/organizations/proc/7443,2026-08-02,北海道,地方公共団体,0
情報処理推進機構(IPA),4378,,,0,,https://www2.njss.info/organizations/proc/721,2026-08-02,東京都,国・省庁,0
最高裁判所 大阪高等裁判所 大津地方裁判所,4376,,,0,,https://www2.njss.info/organizations/proc/3945,2026-08-02,滋賀県,国・省庁,0
本州四国連絡高速道路株式会社,4369,,,0,,https://www2.njss.info/organizations/proc/549,2026-08-02,兵庫県,国・省庁,0
厚生労働省(MHLW) 北海道労働局,4366,,,0,,https://www2.njss.info/organizations/proc/569,2026-08-02,北海道,国・省庁,0
南魚沼市役所,4355,,,0,,https://www2.njss.info/organizations/proc/4973,2026-08-02,新潟県,地方公共団体,0
熱海市役所,4351,,,0,,https://www2.njss.info/organizations/proc/5625,2026-08-02,静岡県,地方公共団体,0
那珂市役所,4347,,,0,,https://www2.njss.info/organizations/proc/4929,2026-08-02,茨城県,地方公共団体,0
防衛省共済組合,4345,,,0,,https://www2.njss.info/organizations/proc/51,2026-08-02,東京都,国・省庁,0
財務省(MOF) 東北財務局,4335,,,0,,https://www2.njss.info/organizations/proc/420,2026-08-02,宮城県,国・省庁,0
伊予市役所,4335,,,0,,https://www2.njss.info/organizations/proc/5772,2026-08-02,愛媛県,地方公共団体,0
島原市役所,4333,,,0,,https://www2.njss.info/organizations/proc/5822,2026-08-02,長崎県,地方公共団体,0
国土交通省(MLIT) 海上保安庁 第一管区,4327,,,0,,https://www2.njss.info/organizations/proc/522,2026-08-02,北海道,国・省庁,0
財務省(MOF) 福岡財務支局,4327,,,0,,https://www2.njss.info/organizations/proc/413,2026-08-02,福岡県,国・省庁,0
日向市役所,4327,,,0,,https://www2.njss.info/organizations/proc/5043,2026-08-02,宮崎県,地方公共団体,0
八幡市役所,4326,,,0,,https://www2.njss.info/organizations/proc/4868,2026-08-02,京都府,地方公共団体,0
坂出市役所,4320,,,0,,https://www2.njss.info/organizations/proc/5023,2026-08-02,香川県,地方公共団体,0
四国中央市役所,4316,,,0,,https://www2.njss.info/organizations/proc/5025,2026-08-02,愛媛県,地方公共団体,0
藤枝市役所,4309,,,0,,https://www2.njss.info/organizations/proc/4674,2026-08-02,静岡県,地方公共団体,0
日田市役所,4306,,,0,,https://www2.njss.info/organizations/proc/5041,2026-08-02,大分県,地方公共団体,0
最高裁判所 広島高等裁判所 山口地方裁判所,4303,,,0,,https://www2.njss.info/organizations/proc/3955,2026-08-02,山口県,国・省庁,0
本庄市役所,4302,,,0,,https://www2.njss.info/organizations/proc/4778,2026-08-02,埼玉県,地方公共団体,0
山陽小野田市役所,4281,,,0,,https://www2.njss.info/organizations/proc/5015,2026-08-02,山口県,地方公共団体,0
防衛省(MOD) 統合幕僚監部,4280,,,0,,https://www2.njss.info/organizations/proc/25,2026-08-02,東京都,国・省庁,0
下野市役所,4278,,,0,,https://www2.njss.info/organizations/proc/4936,2026-08-02,栃木県,地方公共団体,0
瑞浪市役所,4271,,,0,,https://www2.njss.info/organizations/proc/5614,2026-08-02,岐阜県,地方公共団体,0
農林水産省(MAFF) 植物防疫所,4266,,,0,,https://www2.njss.info/organizations/proc/298,2026-08-02,神奈川県,国・省庁,0
宮古市役所,4263,,,0,,https://www2.njss.info/organizations/proc/4949,2026-08-02,岩手県,地方公共団体,0
南房総市役所,4257,,,0,,https://www2.njss.info/organizations/proc/5544,2026-08-02,千葉県,地方公共団体,0
都市再生機構(UR) 東日本賃貸住宅本部 埼玉地域,4244,,,0,,https://www2.njss.info/organizations/proc/5062,2026-08-02,埼玉県,国・省庁,0
多摩市役所,4237,,,0,,https://www2.njss.info/organizations/proc/4339,2026-08-02,東京都,地方公共団体,0
大阪府立病院機構,4228,,,0,,https://www2.njss.info/organizations/proc/1789,2026-08-02,大阪府,地方公共団体,0
雲仙市役所,4227,,,0,,https://www2.njss.info/organizations/proc/5827,2026-08-02,長崎県,地方公共団体,0
防衛省(MOD) 航空自衛隊 浜松基地 第1航空団,4226,,,0,,https://www2.njss.info/organizations/proc/4058,2026-08-02,静岡県,国・省庁,0
富岡市役所,4225,,,0,,https://www2.njss.info/organizations/proc/4918,2026-08-02,群馬県,地方公共団体,0
国際交流基金,4219,,,0,,https://www2.njss.info/organizations/proc/758,2026-08-02,東京都,国・省庁,0
五島市役所,4215,,,0,,https://www2.njss.info/organizations/proc/5825,2026-08-02,長崎県,地方公共団体,0
常陸大宮市役所,4213,,,0,,https://www2.njss.info/organizations/proc/5516,2026-08-02,茨城県,地方公共団体,0
財務省(MOF) 国税庁(NTA) 福岡国税局,4210,,,0,,https://www2.njss.info/organizations/proc/423,2026-08-02,福岡県,国・省庁,0
防衛省(MOD) 防衛装備庁 【［閉鎖］技術研究本部(TRDI)】,4193,,,0,,https://www2.njss.info/organizations/proc/35,2026-08-02,東京都,国・省庁,1
寝屋川市役所,4182,,,0,,https://www2.njss.info/organizations/proc/1767,2026-08-02,大阪府,地方公共団体,0
伊豆の国市役所,4175,,,0,,https://www2.njss.info/organizations/proc/5940,2026-08-02,静岡県,地方公共団体,0
柳川市役所,4171,,,0,,https://www2.njss.info/organizations/proc/4847,2026-08-02,福岡県,地方公共団体,0
最高裁判所 仙台高等裁判所 仙台地方裁判所,4168,,,0,,https://www2.njss.info/organizations/proc/3969,2026-08-02,宮城県,国・省庁,0
鳥栖市役所,4163,,,0,,https://www2.njss.info/organizations/proc/5027,2026-08-02,佐賀県,地方公共団体,0
伊勢原市役所,4154,,,0,,https://www2.njss.info/organizations/proc/4648,2026-08-02,神奈川県,地方公共団体,0
大阪市住宅供給公社,4128,,,0,,https://www2.njss.info/organizations/proc/7464,2026-08-02,大阪府,地方公共団体,0
放送大学学園 放送大学,4123,,,0,,https://www2.njss.info/organizations/proc/1300,2026-08-02,千葉県,国・省庁,0
入間市役所,4122,,,0,,https://www2.njss.info/organizations/proc/4662,2026-08-02,埼玉県,地方公共団体,0
春日市役所,4115,,,0,,https://www2.njss.info/organizations/proc/4642,2026-08-02,福岡県,地方公共団体,0
藤岡市役所,4114,,,0,,https://www2.njss.info/organizations/proc/4916,2026-08-02,群馬県,地方公共団体,0
三好市役所,4106,,,0,,https://www2.njss.info/organizations/proc/6184,2026-08-02,徳島県,地方公共団体,0
東京都公園協会,4105,,,0,,https://www2.njss.info/organizations/proc/6111,2026-08-02,東京都,国・省庁,0
菊池市役所,4102,,,0,,https://www2.njss.info/organizations/proc/5038,2026-08-02,熊本県,地方公共団体,0
高梁市役所,4102,,,0,,https://www2.njss.info/organizations/proc/5737,2026-08-02,岡山県,地方公共団体,0
防衛省(MOD) 海上自衛隊 阪神基地隊,4101,,,0,,https://www2.njss.info/organizations/proc/67,2026-08-02,兵庫県,国・省庁,0
都市再生機構(UR) 東日本都市再生本部,4100,,,0,,https://www2.njss.info/organizations/proc/4531,2026-08-02,東京都,国・省庁,0
伊那市役所,4100,,,0,,https://www2.njss.info/organizations/proc/4985,2026-08-02,長野県,地方公共団体,0
土浦市役所,4094,,,0,,https://www2.njss.info/organizations/proc/4698,2026-08-02,茨城県,地方公共団体,0
さくら市役所,4093,,,0,,https://www2.njss.info/organizations/proc/5526,2026-08-02,栃木県,地方公共団体,0
稲敷郡阿見町役場,4081,,,0,,https://www2.njss.info/organizations/proc/5524,2026-08-02,茨城県,地方公共団体,0
最高裁判所 大阪高等裁判所 奈良地方裁判所,4072,,,0,,https://www2.njss.info/organizations/proc/3944,2026-08-02,奈良県,国・省庁,0
羽村市役所,4070,,,0,,https://www2.njss.info/organizations/proc/4348,2026-08-02,東京都,地方公共団体,0
別府市役所,4067,,,0,,https://www2.njss.info/organizations/proc/4758,2026-08-02,大分県,地方公共団体,0
西予市役所,4067,,,0,,https://www2.njss.info/organizations/proc/5773,2026-08-02,愛媛県,地方公共団体,0
森林研究・整備機構 森林総合研究所,4066,,,0,,https://www2.njss.info/organizations/proc/284,2026-08-02,茨城県,国・省庁,0
厚生労働省(MHLW) 大阪労働局,4062,,,0,,https://www2.njss.info/organizations/proc/557,2026-08-02,大阪府,国・省庁,0
池田市役所,4044,,,0,,https://www2.njss.info/organizations/proc/4602,2026-08-02,大阪府,地方公共団体,0
八幡浜市役所,4040,,,0,,https://www2.njss.info/organizations/proc/5770,2026-08-02,愛媛県,地方公共団体,0
国土交通省(MLIT) 海上保安庁 第八管区,4039,,,0,,https://www2.njss.info/organizations/proc/529,2026-08-02,京都府,国・省庁,0
富谷市役所,4027,,,0,,https://www2.njss.info/organizations/proc/4908,2026-08-02,宮城県,地方公共団体,0
大田市役所,4020,,,0,,https://www2.njss.info/organizations/proc/5733,2026-08-02,島根県,地方公共団体,0
飯能市役所,4010,,,0,,https://www2.njss.info/organizations/proc/4776,2026-08-02,埼玉県,地方公共団体,0
防衛省(MOD) 北海道防衛局,4004,,,0,,https://www2.njss.info/organizations/proc/27,2026-08-02,北海道,国・省庁,0
小美玉市役所,3985,,,0,,https://www2.njss.info/organizations/proc/4931,2026-08-02,茨城県,地方公共団体,0
大阪府住宅供給公社,3981,,,0,,https://www2.njss.info/organizations/proc/4374,2026-08-02,大阪府,地方公共団体,0
最高裁判所 高松高等裁判所 松山地方裁判所,3978,,,0,,https://www2.njss.info/organizations/proc/3984,2026-08-02,愛媛県,国・省庁,0
敦賀市役所,3975,,,0,,https://www2.njss.info/organizations/proc/4996,2026-08-02,福井県,地方公共団体,0
国土交通省(MLIT) 東北地方整備局 岩手河川国道事務所,3974,,,0,,https://www2.njss.info/organizations/proc/1067,2026-08-02,岩手県,国・省庁,0
防衛省(MOD) 航空自衛隊 春日基地 西部航空警戒管制団,3964,,,0,,https://www2.njss.info/organizations/proc/4049,2026-08-02,福岡県,国・省庁,0
御殿場市役所,3958,,,0,,https://www2.njss.info/organizations/proc/4857,2026-08-02,静岡県,地方公共団体,0
あま市役所,3958,,,0,,https://www2.njss.info/organizations/proc/4827,2026-08-02,愛知県,地方公共団体,0
東海国立大学機構,3948,,,0,,https://www2.njss.info/organizations/proc/7762,2026-08-02,愛知県,国立大学,0
諏訪市役所,3941,,,0,,https://www2.njss.info/organizations/proc/4991,2026-08-02,長野県,地方公共団体,1
袋井市役所,3940,,,0,,https://www2.njss.info/organizations/proc/4858,2026-08-02,静岡県,地方公共団体,0
美祢市役所,3934,,,0,,https://www2.njss.info/organizations/proc/6183,2026-08-02,山口県,地方公共団体,0
武蔵村山市役所,3930,,,0,,https://www2.njss.info/organizations/proc/4338,2026-08-02,東京都,地方公共団体,0
菊川市役所,3924,,,0,,https://www2.njss.info/organizations/proc/5628,2026-08-02,静岡県,地方公共団体,0
八街市役所,3920,,,0,,https://www2.njss.info/organizations/proc/4817,2026-08-02,千葉県,地方公共団体,0
庄原市役所,3918,,,0,,https://www2.njss.info/organizations/proc/5755,2026-08-02,広島県,地方公共団体,0
全国健康保険協会,3912,,,0,,https://www2.njss.info/organizations/proc/1573,2026-08-02,東京都,国・省庁,0
国会 参議院,3908,,,0,,https://www2.njss.info/organizations/proc/6,2026-08-02,東京都,国・省庁,0
大阪市役所 環境局,3898,,,0,,https://www2.njss.info/organizations/proc/1830,2026-08-02,大阪府,地方公共団体,0
岩手県警察本部,3895,,,0,,https://www2.njss.info/organizations/proc/333,2026-08-02,岩手県,地方公共団体,0
田村市役所,3889,,,0,,https://www2.njss.info/organizations/proc/5680,2026-08-02,福島県,地方公共団体,0
直方市役所,3887,,,0,,https://www2.njss.info/organizations/proc/4853,2026-08-02,福岡県,地方公共団体,0
防衛省(MOD) 陸上自衛隊 久里浜駐屯地 通信学校,3878,,,0,,https://www2.njss.info/organizations/proc/4001,2026-08-02,神奈川県,国・省庁,0
日光市役所,3870,,,0,,https://www2.njss.info/organizations/proc/4933,2026-08-02,栃木県,地方公共団体,0
那珂川市役所,3868,,,0,,https://www2.njss.info/organizations/proc/5585,2026-08-02,福岡県,地方公共団体,0
あきる野市役所,3862,,,0,,https://www2.njss.info/organizations/proc/4349,2026-08-02,東京都,地方公共団体,0
福島県庁 農林水産部,3841,,,0,,https://www2.njss.info/organizations/proc/5560,2026-08-02,福島県,地方公共団体,0
農林水産省(MAFF) 東海農政局,3830,,,0,,https://www2.njss.info/organizations/proc/282,2026-08-02,愛知県,国・省庁,0
羽生市役所,3826,,,0,,https://www2.njss.info/organizations/proc/4789,2026-08-02,埼玉県,地方公共団体,0
徳島県警察本部,3825,,,0,,https://www2.njss.info/organizations/proc/344,2026-08-02,徳島県,地方公共団体,0
防衛省(MOD) 陸上自衛隊 中部方面隊 関西補給処 桂駐屯地 桂支処,3814,,,0,,https://www2.njss.info/organizations/proc/4021,2026-08-02,京都府,国・省庁,0
秩父市役所,3813,,,0,,https://www2.njss.info/organizations/proc/4785,2026-08-02,埼玉県,地方公共団体,0
国立高等専門学校機構,3811,,,0,,https://www2.njss.info/organizations/proc/7586,2026-08-02,東京都,国・省庁,0
沖縄県警察本部,3808,,,0,,https://www2.njss.info/organizations/proc/325,2026-08-02,沖縄県,地方公共団体,0
彦根市役所,3805,,,0,,https://www2.njss.info/organizations/proc/4739,2026-08-02,滋賀県,地方公共団体,0
最高裁判所 名古屋高等裁判所 金沢地方裁判所,3803,,,0,,https://www2.njss.info/organizations/proc/3952,2026-08-02,石川県,国・省庁,0
札幌市役所 市民文化局,3802,,,0,,https://www2.njss.info/organizations/proc/4393,2026-08-02,北海道,地方公共団体,0
たつの市役所,3785,,,0,,https://www2.njss.info/organizations/proc/4877,2026-08-02,兵庫県,地方公共団体,0
静岡大学,3767,,,0,,https://www2.njss.info/organizations/proc/5352,2026-08-02,静岡県,国・省庁,0
美馬市役所,3762,,,0,,https://www2.njss.info/organizations/proc/5762,2026-08-02,徳島県,地方公共団体,0
京都府警察本部,3761,,,0,,https://www2.njss.info/organizations/proc/4514,2026-08-02,京都府,地方公共団体,0
竹原市役所,3749,,,0,,https://www2.njss.info/organizations/proc/6179,2026-08-02,広島県,地方公共団体,0
安来市役所,3747,,,0,,https://www2.njss.info/organizations/proc/5734,2026-08-02,島根県,地方公共団体,0
ふじみ野市役所,3740,,,0,,https://www2.njss.info/organizations/proc/4670,2026-08-02,埼玉県,地方公共団体,0
みどり市役所,3736,,,0,,https://www2.njss.info/organizations/proc/4903,2026-08-02,群馬県,地方公共団体,0
国立長寿医療研究センター(NCGG),3734,,,0,,https://www2.njss.info/organizations/proc/691,2026-08-02,愛知県,国・省庁,0
国土交通省(MLIT) 海上保安庁 第六管区,3732,,,0,,https://www2.njss.info/organizations/proc/527,2026-08-02,広島県,国・省庁,0
大阪市役所 淀川区役所,3727,,,0,,https://www2.njss.info/organizations/proc/1865,2026-08-02,大阪府,地方公共団体,0
飛騨市役所,3725,,,0,,https://www2.njss.info/organizations/proc/6065,2026-08-02,岐阜県,地方公共団体,0
農畜産業振興機構(ALIC),3715,,,0,,https://www2.njss.info/organizations/proc/283,2026-08-02,東京都,国・省庁,0
国土交通省(MLIT) 東北地方整備局 仙台河川国道事務所,3697,,,0,,https://www2.njss.info/organizations/proc/1077,2026-08-02,宮城県,国・省庁,0
大阪市役所 大阪港湾局,3685,,,0,,https://www2.njss.info/organizations/proc/1833,2026-08-02,大阪府,地方公共団体,0
北海道 伊達市役所,3681,,,0,,https://www2.njss.info/organizations/proc/5492,2026-08-02,北海道,地方公共団体,0
防衛省(MOD) 近畿中部防衛局,3677,,,0,,https://www2.njss.info/organizations/proc/32,2026-08-02,大阪府,国・省庁,0
農林水産省(MAFF) 【［閉鎖］WTO対象外「各省庁調達情報の提供サイト：令和元年12月に閉鎖」】,3670,,,0,,https://www2.njss.info/organizations/proc/1459,2026-08-02,東京都,国・省庁,1
新潟大学,3668,,,0,,https://www2.njss.info/organizations/proc/5367,2026-08-02,新潟県,国・省庁,0
黒部市役所,3663,,,0,,https://www2.njss.info/organizations/proc/5691,2026-08-02,富山県,地方公共団体,0
安中市役所,3658,,,0,,https://www2.njss.info/organizations/proc/4917,2026-08-02,群馬県,地方公共団体,0
和光市役所,3655,,,0,,https://www2.njss.info/organizations/proc/4779,2026-08-02,埼玉県,地方公共団体,0
最高裁判所 福岡高等裁判所 熊本地方裁判所,3651,,,0,,https://www2.njss.info/organizations/proc/3964,2026-08-02,熊本県,国・省庁,0
五條市役所,3649,,,0,,https://www2.njss.info/organizations/proc/5726,2026-08-02,奈良県,地方公共団体,0
防衛省(MOD) 川西駐屯地 自衛隊阪神病院,3647,,,0,,https://www2.njss.info/organizations/proc/3508,2026-08-02,兵庫県,国・省庁,0
豊後大野市役所,3638,,,0,,https://www2.njss.info/organizations/proc/5878,2026-08-02,大分県,地方公共団体,0
大和郡山市役所,3634,,,0,,https://www2.njss.info/organizations/proc/4998,2026-08-02,奈良県,地方公共団体,0
甲斐市役所,3626,,,0,,https://www2.njss.info/organizations/proc/4976,2026-08-02,山梨県,地方公共団体,0
都市再生機構(UR) 【［閉鎖］首都圏ニュータウン本部】,3620,,,0,,https://www2.njss.info/organizations/proc/4545,2026-08-02,東京都,国・省庁,1
国土交通省(MLIT) 四国地方整備局 徳島河川国道事務所,3618,,,0,,https://www2.njss.info/organizations/proc/917,2026-08-02,徳島県,国・省庁,0
長門市役所,3617,,,0,,https://www2.njss.info/organizations/proc/5757,2026-08-02,山口県,地方公共団体,0
帯広市役所,3617,,,0,,https://www2.njss.info/organizations/proc/4686,2026-08-02,北海道,地方公共団体,0
取手市役所,3617,,,0,,https://www2.njss.info/organizations/proc/4700,2026-08-02,茨城県,地方公共団体,0
東久留米市役所,3614,,,0,,https://www2.njss.info/organizations/proc/4345,2026-08-02,東京都,地方公共団体,0
常滑市役所,3612,,,0,,https://www2.njss.info/organizations/proc/4843,2026-08-02,愛知県,地方公共団体,0
小浜市役所,3606,,,0,,https://www2.njss.info/organizations/proc/5699,2026-08-02,福井県,地方公共団体,0
大田原市役所,3588,,,0,,https://www2.njss.info/organizations/proc/4935,2026-08-02,栃木県,地方公共団体,0
大和高田市役所,3587,,,0,,https://www2.njss.info/organizations/proc/5001,2026-08-02,奈良県,地方公共団体,0
東金市役所,3575,,,0,,https://www2.njss.info/organizations/proc/4820,2026-08-02,千葉県,地方公共団体,0
国土交通省(MLIT) 海上保安庁 第十管区,3573,,,0,,https://www2.njss.info/organizations/proc/531,2026-08-02,鹿児島県,国・省庁,0
神奈川県立病院機構,3572,,,0,,https://www2.njss.info/organizations/proc/4494,2026-08-02,神奈川県,地方公共団体,0
竹田市役所,3551,,,0,,https://www2.njss.info/organizations/proc/6113,2026-08-02,大分県,地方公共団体,0
防衛省(MOD) 防衛装備庁 【［閉鎖］電子装備研究所】,3544,,,0,,https://www2.njss.info/organizations/proc/39,2026-08-02,東京都,国・省庁,1
合志市役所,3543,,,0,,https://www2.njss.info/organizations/proc/5037,2026-08-02,熊本県,地方公共団体,0
福島県警察本部,3536,,,0,,https://www2.njss.info/organizations/proc/318,2026-08-02,福島県,地方公共団体,0
茂原市役所,3530,,,0,,https://www2.njss.info/organizations/proc/4812,2026-08-02,千葉県,地方公共団体,0
木更津市役所,3527,,,0,,https://www2.njss.info/organizations/proc/4657,2026-08-02,千葉県,地方公共団体,0
内閣府(CAO) 国家公安委員会 警察庁 近畿管区警察局,3518,,,0,,https://www2.njss.info/organizations/proc/312,2026-08-02,大阪府,国・省庁,0
袖ケ浦市役所,3514,,,0,,https://www2.njss.info/organizations/proc/4821,2026-08-02,千葉県,地方公共団体,0
大船渡市役所,3499,,,0,,https://www2.njss.info/organizations/proc/5499,2026-08-02,岩手県,地方公共団体,0
伊予郡砥部町役場,3491,,,0,,https://www2.njss.info/organizations/proc/6191,2026-08-02,愛媛県,地方公共団体,0
瀬戸内市役所,3489,,,0,,https://www2.njss.info/organizations/proc/5739,2026-08-02,岡山県,地方公共団体,0
田川市役所,3489,,,0,,https://www2.njss.info/organizations/proc/4856,2026-08-02,福岡県,地方公共団体,0
内閣府(CAO) 国家公安委員会 警察庁 九州管区警察局,3480,,,0,,https://www2.njss.info/organizations/proc/309,2026-08-02,福岡県,国・省庁,0
財務省(MOF) 国税庁(NTA) 熊本国税局,3469,,,0,,https://www2.njss.info/organizations/proc/427,2026-08-02,熊本県,国・省庁,0
愛西市役所,3466,,,0,,https://www2.njss.info/organizations/proc/4840,2026-08-02,愛知県,地方公共団体,0
防衛省(MOD) 航空自衛隊 小松基地 第6航空団,3465,,,0,,https://www2.njss.info/organizations/proc/4042,2026-08-02,石川県,国・省庁,0
財務省(MOF) 国税庁(NTA) 金沢国税局,3465,,,0,,https://www2.njss.info/organizations/proc/425,2026-08-02,石川県,国・省庁,0
玉名市役所,3457,,,0,,https://www2.njss.info/organizations/proc/5033,2026-08-02,熊本県,地方公共団体,0
名古屋市立大学,3455,,,0,,https://www2.njss.info/organizations/proc/5413,2026-08-02,愛知県,国・省庁,0
山武市役所,3455,,,0,,https://www2.njss.info/organizations/proc/4823,2026-08-02,千葉県,地方公共団体,0
小金井市役所,3440,,,0,,https://www2.njss.info/organizations/proc/4333,2026-08-02,東京都,地方公共団体,0
［閉鎖］雇用・能力開発機構,3440,,,0,,https://www2.njss.info/organizations/proc/603,2026-08-02,神奈川県,国・省庁,1
総務省(MIC) 消防庁,3434,,,0,,https://www2.njss.info/organizations/proc/385,2026-08-02,東京都,国・省庁,0
東京都庁 下水道局,3431,,,0,,https://www2.njss.info/organizations/proc/4515,2026-08-02,東京都,地方公共団体,0
向日市役所,3426,,,0,,https://www2.njss.info/organizations/proc/4872,2026-08-02,京都府,地方公共団体,0
内閣府(CAO) 国家公安委員会 警察庁 中国四国管区警察局,3423,,,0,,https://www2.njss.info/organizations/proc/307,2026-08-02,広島県,国・省庁,0
森林研究・整備機構 森林整備センター,3423,,,0,,https://www2.njss.info/organizations/proc/289,2026-08-02,神奈川県,国・省庁,0
いなべ市役所,3416,,,0,,https://www2.njss.info/organizations/proc/5706,2026-08-02,三重県,地方公共団体,0
四万十市役所,3413,,,0,,https://www2.njss.info/organizations/proc/5817,2026-08-02,高知県,地方公共団体,0
香芝市役所,3403,,,0,,https://www2.njss.info/organizations/proc/4999,2026-08-02,奈良県,地方公共団体,0
鳳珠郡能登町役場,3398,,,0,,https://www2.njss.info/organizations/proc/6458,2026-08-02,石川県,地方公共団体,1
白井市役所,3398,,,0,,https://www2.njss.info/organizations/proc/4822,2026-08-02,千葉県,地方公共団体,0
長岡京市役所,3396,,,0,,https://www2.njss.info/organizations/proc/4866,2026-08-02,京都府,地方公共団体,0
最高裁判所 仙台高等裁判所 盛岡地方裁判所,3392,,,0,,https://www2.njss.info/organizations/proc/3972,2026-08-02,岩手県,国・省庁,0
北本市役所,3383,,,0,,https://www2.njss.info/organizations/proc/4784,2026-08-02,埼玉県,地方公共団体,0
国立精神・神経医療研究センター(NCNP),3382,,,0,,https://www2.njss.info/organizations/proc/692,2026-08-02,東京都,国・省庁,0
福島県庁 教育委員会,3379,,,0,,https://www2.njss.info/organizations/proc/5553,2026-08-02,福島県,地方公共団体,0
赤穂市役所,3368,,,0,,https://www2.njss.info/organizations/proc/4879,2026-08-02,兵庫県,地方公共団体,0
阿南市役所,3356,,,0,,https://www2.njss.info/organizations/proc/5019,2026-08-02,徳島県,地方公共団体,0
北杜市役所,3353,,,0,,https://www2.njss.info/organizations/proc/5565,2026-08-02,山梨県,地方公共団体,0
福津市役所,3351,,,0,,https://www2.njss.info/organizations/proc/4855,2026-08-02,福岡県,地方公共団体,0
北海道庁 檜山振興局,3349,,,0,,https://www2.njss.info/organizations/proc/7439,2026-08-02,北海道,地方公共団体,0
倉吉市役所,3345,,,0,,https://www2.njss.info/organizations/proc/5013,2026-08-02,鳥取県,地方公共団体,0
米原市役所,3345,,,0,,https://www2.njss.info/organizations/proc/5708,2026-08-02,滋賀県,地方公共団体,0
南あわじ市役所,3345,,,0,,https://www2.njss.info/organizations/proc/5938,2026-08-02,兵庫県,地方公共団体,0
田方郡函南町役場,3343,,,0,,https://www2.njss.info/organizations/proc/5630,2026-08-02,静岡県,地方公共団体,0
橋本市役所,3342,,,0,,https://www2.njss.info/organizations/proc/4881,2026-08-02,和歌山県,地方公共団体,0
守谷市役所,3342,,,0,,https://www2.njss.info/organizations/proc/4926,2026-08-02,茨城県,地方公共団体,0
桶川市役所,3341,,,0,,https://www2.njss.info/organizations/proc/4780,2026-08-02,埼玉県,地方公共団体,0
最高裁判所 仙台高等裁判所 山形地方裁判所,3338,,,0,,https://www2.njss.info/organizations/proc/3971,2026-08-02,山形県,国・省庁,0
杵築市役所,3325,,,0,,https://www2.njss.info/organizations/proc/5877,2026-08-02,大分県,地方公共団体,0
交野市役所,3312,,,0,,https://www2.njss.info/organizations/proc/4617,2026-08-02,大阪府,地方公共団体,0
阪神高速道路株式会社,3310,,,0,,https://www2.njss.info/organizations/proc/548,2026-08-02,大阪府,国・省庁,0
愛媛県警察本部,3308,,,0,,https://www2.njss.info/organizations/proc/346,2026-08-02,愛媛県,地方公共団体,0
岩倉市役所,3304,,,0,,https://www2.njss.info/organizations/proc/5571,2026-08-02,愛知県,地方公共団体,0
厚生労働省(MHLW) 福岡労働局,3301,,,0,,https://www2.njss.info/organizations/proc/564,2026-08-02,福岡県,国・省庁,0
志布志市役所,3299,,,0,,https://www2.njss.info/organizations/proc/5887,2026-08-02,鹿児島県,地方公共団体,0
上天草市役所,3298,,,0,,https://www2.njss.info/organizations/proc/5832,2026-08-02,熊本県,地方公共団体,0
白河市役所,3293,,,0,,https://www2.njss.info/organizations/proc/4966,2026-08-02,福島県,地方公共団体,0
内閣府(CAO) 消費者庁,3285,,,0,,https://www2.njss.info/organizations/proc/1655,2026-08-02,東京都,国・省庁,0
防衛省(MOD) 陸上自衛隊 東部方面隊 霞ヶ浦駐屯地 関東補給処 松戸支処,3276,,,0,,https://www2.njss.info/organizations/proc/14,2026-08-02,千葉県,国・省庁,0
川崎市役所 病院局,3274,,,0,,https://www2.njss.info/organizations/proc/4312,2026-08-02,神奈川県,地方公共団体,0
高輝度光科学研究センター(JASRI),3271,,,0,,https://www2.njss.info/organizations/proc/1879,2026-08-02,兵庫県,国・省庁,1
吉川市役所,3269,,,0,,https://www2.njss.info/organizations/proc/4786,2026-08-02,埼玉県,地方公共団体,0
島根県警察本部,3268,,,0,,https://www2.njss.info/organizations/proc/339,2026-08-02,島根県,地方公共団体,0
海津市役所,3263,,,0,,https://www2.njss.info/organizations/proc/5618,2026-08-02,岐阜県,地方公共団体,0
見附市役所,3258,,,0,,https://www2.njss.info/organizations/proc/5683,2026-08-02,新潟県,地方公共団体,0
医薬品医療機器総合機構(PMDA),3248,,,0,,https://www2.njss.info/organizations/proc/611,2026-08-02,東京都,国・省庁,0
蓮田市役所,3244,,,0,,https://www2.njss.info/organizations/proc/4787,2026-08-02,埼玉県,地方公共団体,0
大阪市役所 城東区役所,3239,,,0,,https://www2.njss.info/organizations/proc/1859,2026-08-02,大阪府,地方公共団体,0
東温市役所,3230,,,0,,https://www2.njss.info/organizations/proc/5774,2026-08-02,愛媛県,地方公共団体,0
広島市学校給食会,3229,,,0,,https://www2.njss.info/organizations/proc/6676,2026-08-02,広島県,国・省庁,1
最高裁判所 名古屋高等裁判所 福井地方裁判所,3224,,,0,,https://www2.njss.info/organizations/proc/3951,2026-08-02,福井県,国・省庁,0
自動車事故対策機構(NASVA),3223,,,0,,https://www2.njss.info/organizations/proc/448,2026-08-02,東京都,国・省庁,0
宇佐市役所,3220,,,0,,https://www2.njss.info/organizations/proc/5042,2026-08-02,大分県,地方公共団体,0
珠洲市役所,3201,,,0,,https://www2.njss.info/organizations/proc/6456,2026-08-02,石川県,地方公共団体,0
北海道庁 経済部,3195,,,0,,https://www2.njss.info/organizations/proc/7428,2026-08-02,北海道,地方公共団体,0
長崎大学,3190,,,0,,https://www2.njss.info/organizations/proc/5357,2026-08-02,長崎県,国・省庁,0
日高市役所,3189,,,0,,https://www2.njss.info/organizations/proc/4788,2026-08-02,埼玉県,地方公共団体,0
財務省(MOF) 九州財務局,3187,,,0,,https://www2.njss.info/organizations/proc/418,2026-08-02,熊本県,国・省庁,0
湖南市役所,3185,,,0,,https://www2.njss.info/organizations/proc/4902,2026-08-02,滋賀県,地方公共団体,0
国土交通省(MLIT) 海上保安庁 第二管区,3179,,,0,,https://www2.njss.info/organizations/proc/523,2026-08-02,宮城県,国・省庁,0
勝山市役所,3178,,,0,,https://www2.njss.info/organizations/proc/6174,2026-08-02,福井県,地方公共団体,0
十和田市役所,3167,,,0,,https://www2.njss.info/organizations/proc/4945,2026-08-02,青森県,地方公共団体,0
赤磐市役所,3157,,,0,,https://www2.njss.info/organizations/proc/5740,2026-08-02,岡山県,地方公共団体,0
理化学研究所 筑波事業所,3148,,,0,,https://www2.njss.info/organizations/proc/237,2026-08-02,茨城県,国・省庁,0
財務省(MOF) 大阪税関,3145,,,0,,https://www2.njss.info/organizations/proc/408,2026-08-02,大阪府,国・省庁,0
荒尾市役所,3135,,,0,,https://www2.njss.info/organizations/proc/5036,2026-08-02,熊本県,地方公共団体,0
国土交通省(MLIT) 東北地方整備局 三陸国道事務所,3131,,,0,,https://www2.njss.info/organizations/proc/1069,2026-08-02,岩手県,国・省庁,0
出水市役所,3116,,,0,,https://www2.njss.info/organizations/proc/5047,2026-08-02,鹿児島県,地方公共団体,0
うるま市役所,3111,,,0,,https://www2.njss.info/organizations/proc/4764,2026-08-02,沖縄県,地方公共団体,0
つがる市役所,3108,,,0,,https://www2.njss.info/organizations/proc/5497,2026-08-02,青森県,地方公共団体,0
最高裁判所 名古屋高等裁判所 富山地方裁判所,3104,,,0,,https://www2.njss.info/organizations/proc/3953,2026-08-02,富山県,国・省庁,0
稲敷市役所,3100,,,0,,https://www2.njss.info/organizations/proc/5517,2026-08-02,茨城県,地方公共団体,0
大阪市役所 契約管財局,3097,,,0,,https://www2.njss.info/organizations/proc/1813,2026-08-02,大阪府,地方公共団体,0
亀岡市役所,3090,,,0,,https://www2.njss.info/organizations/proc/4863,2026-08-02,京都府,地方公共団体,0
揖斐郡揖斐川町役場,3088,,,0,,https://www2.njss.info/organizations/proc/6069,2026-08-02,岐阜県,地方公共団体,0
加東市役所,3082,,,0,,https://www2.njss.info/organizations/proc/5603,2026-08-02,兵庫県,地方公共団体,0
岡山大学,3082,,,0,,https://www2.njss.info/organizations/proc/264,2026-08-02,岡山県,国・省庁,0
小矢部市役所,3080,,,0,,https://www2.njss.info/organizations/proc/5693,2026-08-02,富山県,地方公共団体,0
対馬市役所,3077,,,0,,https://www2.njss.info/organizations/proc/5824,2026-08-02,長崎県,地方公共団体,0
北海道庁 日高振興局,3077,,,0,,https://www2.njss.info/organizations/proc/7437,2026-08-02,北海道,地方公共団体,0
網走市役所,3074,,,0,,https://www2.njss.info/organizations/proc/5489,2026-08-02,北海道,地方公共団体,0
防衛省(MOD) 航空自衛隊 新田原基地 第5航空団,3072,,,0,,https://www2.njss.info/organizations/proc/4047,2026-08-02,宮崎県,国・省庁,0
防衛省(MOD) 航空自衛隊 市ヶ谷基地 航空中央業務隊,3070,,,0,,https://www2.njss.info/organizations/proc/4068,2026-08-02,東京都,国・省庁,0
最高裁判所 福岡高等裁判所 宮崎地方裁判所,3067,,,0,,https://www2.njss.info/organizations/proc/3966,2026-08-02,宮崎県,国・省庁,0
豊見城市役所,3065,,,0,,https://www2.njss.info/organizations/proc/5052,2026-08-02,沖縄県,地方公共団体,0
新座市役所,3051,,,0,,https://www2.njss.info/organizations/proc/4659,2026-08-02,埼玉県,地方公共団体,0
公立大学法人大阪 大阪公立大学 大阪公立大学医学部附属病院,3051,,,0,,https://www2.njss.info/organizations/proc/1828,2026-08-02,大阪府,国・省庁,0
家畜改良センター(NLBC),3047,,,0,,https://www2.njss.info/organizations/proc/294,2026-08-02,福島県,国・省庁,0
国立文化財機構(NICH),3047,,,0,,https://www2.njss.info/organizations/proc/228,2026-08-02,東京都,国・省庁,0
徳島大学,3046,,,0,,https://www2.njss.info/organizations/proc/254,2026-08-02,徳島県,国・省庁,0
香美市役所,3046,,,0,,https://www2.njss.info/organizations/proc/6192,2026-08-02,高知県,地方公共団体,0
東京都動物園協会,3044,,,0,,https://www2.njss.info/organizations/proc/6110,2026-08-02,東京都,国・省庁,1
安芸市役所,3043,,,0,,https://www2.njss.info/organizations/proc/6512,2026-08-02,高知県,地方公共団体,0
銚子市役所,3038,,,0,,https://www2.njss.info/organizations/proc/4818,2026-08-02,千葉県,地方公共団体,0
吾川郡いの町役場,3024,,,0,,https://www2.njss.info/organizations/proc/6194,2026-08-02,高知県,地方公共団体,0
郡上市役所,3022,,,0,,https://www2.njss.info/organizations/proc/5616,2026-08-02,岐阜県,地方公共団体,0
鳥取大学,3021,,,0,,https://www2.njss.info/organizations/proc/255,2026-08-02,鳥取県,国・省庁,0
横手市役所,3014,,,0,,https://www2.njss.info/organizations/proc/4950,2026-08-02,秋田県,地方公共団体,0
北海道庁 釧路総合振興局,3014,,,0,,https://www2.njss.info/organizations/proc/7445,2026-08-02,北海道,地方公共団体,0
鉾田市役所,3014,,,0,,https://www2.njss.info/organizations/proc/4932,2026-08-02,茨城県,地方公共団体,0
防衛省(MOD) 航空自衛隊 小牧基地 第1輸送航空隊,3012,,,0,,https://www2.njss.info/organizations/proc/4055,2026-08-02,愛知県,国・省庁,0
大阪市役所 財政局,3002,,,0,,https://www2.njss.info/organizations/proc/1812,2026-08-02,大阪府,地方公共団体,0
備前市役所,2997,,,0,,https://www2.njss.info/organizations/proc/4792,2026-08-02,岡山県,地方公共団体,0
東京都都市づくり公社,2991,,,0,,https://www2.njss.info/organizations/proc/6109,2026-08-02,東京都,国・省庁,0
復興庁,2985,,,0,,https://www2.njss.info/organizations/proc/4742,2026-08-02,東京都,国・省庁,0
東京都道路整備保全公社,2982,,,0,,https://www2.njss.info/organizations/proc/4825,2026-08-02,東京都,国・省庁,0
国土交通省(MLIT) 東北地方整備局 福島河川国道事務所,2975,,,0,,https://www2.njss.info/organizations/proc/1088,2026-08-02,福島県,国・省庁,0
臼杵市役所,2970,,,0,,https://www2.njss.info/organizations/proc/5876,2026-08-02,大分県,地方公共団体,0
浅口市役所,2970,,,0,,https://www2.njss.info/organizations/proc/5742,2026-08-02,岡山県,地方公共団体,0
滝川市役所,2969,,,0,,https://www2.njss.info/organizations/proc/5491,2026-08-02,北海道,地方公共団体,0
経済産業省(METI) 関東経済産業局,2969,,,0,,https://www2.njss.info/organizations/proc/732,2026-08-02,埼玉県,国・省庁,0
厚生労働省(MHLW) 新潟労働局,2966,,,0,,https://www2.njss.info/organizations/proc/585,2026-08-02,新潟県,国・省庁,0
三浦市役所,2966,,,0,,https://www2.njss.info/organizations/proc/5547,2026-08-02,神奈川県,地方公共団体,0
鹿嶋市役所,2963,,,0,,https://www2.njss.info/organizations/proc/4924,2026-08-02,茨城県,地方公共団体,0
厚生労働省(MHLW) 神奈川労働局,2959,,,0,,https://www2.njss.info/organizations/proc/575,2026-08-02,神奈川県,国・省庁,0
下松市役所,2950,,,0,,https://www2.njss.info/organizations/proc/5016,2026-08-02,山口県,地方公共団体,0
広島県警察本部,2950,,,0,,https://www2.njss.info/organizations/proc/1651,2026-08-02,広島県,地方公共団体,0
九州工業大学,2949,,,0,,https://www2.njss.info/organizations/proc/245,2026-08-02,福岡県,国・省庁,0
千歳市役所,2941,,,0,,https://www2.njss.info/organizations/proc/4939,2026-08-02,北海道,地方公共団体,0
内閣府(CAO) 国家公安委員会 警察庁 東北管区警察局,2940,,,0,,https://www2.njss.info/organizations/proc/311,2026-08-02,宮城県,国・省庁,0
全国健康保険協会 北海道支部,2931,,,0,,https://www2.njss.info/organizations/proc/1589,2026-08-02,北海道,国・省庁,0
農林水産省(MAFF) 水産庁,2930,,,0,,https://www2.njss.info/organizations/proc/297,2026-08-02,東京都,国・省庁,0
糟屋郡須恵町役場,2928,,,0,,https://www2.njss.info/organizations/proc/6085,2026-08-02,福岡県,地方公共団体,0
太宰府市役所,2926,,,0,,https://www2.njss.info/organizations/proc/4848,2026-08-02,福岡県,地方公共団体,0
大阪市役所 鶴見区役所,2925,,,0,,https://www2.njss.info/organizations/proc/1867,2026-08-02,大阪府,地方公共団体,0
南松浦郡新上五島町役場,2922,,,0,,https://www2.njss.info/organizations/proc/6097,2026-08-02,長崎県,地方公共団体,0
国立病院機構 中国四国グループ 呉医療センター・中国がんセンター,2921,,,0,,https://www2.njss.info/organizations/proc/831,2026-08-02,広島県,国・省庁,0
塩尻市役所,2919,,,0,,https://www2.njss.info/organizations/proc/4986,2026-08-02,長野県,地方公共団体,0
天童市役所,2915,,,0,,https://www2.njss.info/organizations/proc/4907,2026-08-02,山形県,地方公共団体,0
塩竈市役所,2912,,,0,,https://www2.njss.info/organizations/proc/4635,2026-08-02,宮城県,地方公共団体,0
栗東市役所,2907,,,0,,https://www2.njss.info/organizations/proc/4901,2026-08-02,滋賀県,地方公共団体,0
平川市役所,2904,,,0,,https://www2.njss.info/organizations/proc/5498,2026-08-02,青森県,地方公共団体,0
志木市役所,2901,,,0,,https://www2.njss.info/organizations/proc/4783,2026-08-02,埼玉県,地方公共団体,0
指宿市役所,2900,,,0,,https://www2.njss.info/organizations/proc/5883,2026-08-02,鹿児島県,地方公共団体,0
須坂市役所,2897,,,0,,https://www2.njss.info/organizations/proc/4990,2026-08-02,長野県,地方公共団体,0
河北郡津幡町役場,2893,,,0,,https://www2.njss.info/organizations/proc/5698,2026-08-02,石川県,地方公共団体,0
山形県警察本部,2892,,,0,,https://www2.njss.info/organizations/proc/340,2026-08-02,山形県,地方公共団体,0
かほく市役所,2887,,,0,,https://www2.njss.info/organizations/proc/5695,2026-08-02,石川県,地方公共団体,0
愛知県住宅供給公社,2885,,,0,,https://www2.njss.info/organizations/proc/4373,2026-08-02,愛知県,地方公共団体,1
厚生労働省(MHLW) 愛知労働局,2875,,,0,,https://www2.njss.info/organizations/proc/558,2026-08-02,愛知県,国・省庁,0
信州大学,2873,,,0,,https://www2.njss.info/organizations/proc/5368,2026-08-02,長野県,国・省庁,0
小林市役所,2861,,,0,,https://www2.njss.info/organizations/proc/5881,2026-08-02,宮崎県,地方公共団体,0
下呂市役所,2860,,,0,,https://www2.njss.info/organizations/proc/5617,2026-08-02,岐阜県,地方公共団体,0
環境省(MOE) 原子力規制委員会 【［閉鎖］原子力安全基盤機構(JNES)】,2860,,,0,,https://www2.njss.info/organizations/proc/723,2026-08-02,東京都,国・省庁,1
防衛省(MOD) 海上自衛隊 下関基地隊,2856,,,0,,https://www2.njss.info/organizations/proc/75,2026-08-02,山口県,国・省庁,0
国立病院機構 東海北陸グループ 名古屋医療センター,2854,,,0,,https://www2.njss.info/organizations/proc/891,2026-08-02,愛知県,国・省庁,0
最高裁判所 福岡高等裁判所 那覇地方裁判所,2851,,,0,,https://www2.njss.info/organizations/proc/3967,2026-08-02,沖縄県,国・省庁,0
下都賀郡壬生町役場,2851,,,0,,https://www2.njss.info/organizations/proc/5528,2026-08-02,栃木県,地方公共団体,0
北海道庁 胆振総合振興局,2846,,,0,,https://www2.njss.info/organizations/proc/7436,2026-08-02,北海道,地方公共団体,0
東京都公立大学法人 東京都立大学,2842,,,0,,https://www2.njss.info/organizations/proc/4417,2026-08-02,東京都,国・省庁,0
北海道庁 宗谷総合振興局,2834,,,0,,https://www2.njss.info/organizations/proc/7442,2026-08-02,北海道,地方公共団体,0
デジタル庁,2833,,,0,,https://www2.njss.info/organizations/proc/7854,2026-08-02,東京都,国・省庁,0
古賀市役所,2828,,,0,,https://www2.njss.info/organizations/proc/4852,2026-08-02,福岡県,地方公共団体,0
恵庭市役所,2826,,,0,,https://www2.njss.info/organizations/proc/4941,2026-08-02,北海道,地方公共団体,0
防衛省(MOD) 航空自衛隊 岐阜基地,2821,,,0,,https://www2.njss.info/organizations/proc/7661,2026-08-02,岐阜県,国・省庁,0
埼玉県立病院機構,2812,,,0,,https://www2.njss.info/organizations/proc/7870,2026-08-02,埼玉県,地方公共団体,0
那須烏山市役所,2807,,,0,,https://www2.njss.info/organizations/proc/6020,2026-08-02,栃木県,地方公共団体,0
財務省(MOF) 国税庁(NTA) 高松国税局,2805,,,0,,https://www2.njss.info/organizations/proc/435,2026-08-02,香川県,国・省庁,0
農林水産省(MAFF) 動物検疫所,2803,,,0,,https://www2.njss.info/organizations/proc/299,2026-08-02,神奈川県,国・省庁,0
最高裁判所 福岡高等裁判所 長崎地方裁判所,2802,,,0,,https://www2.njss.info/organizations/proc/3962,2026-08-02,長崎県,国・省庁,0
名古屋市住宅供給公社,2795,,,0,,https://www2.njss.info/organizations/proc/4372,2026-08-02,愛知県,地方公共団体,1
羽島郡笠松町役場,2790,,,0,,https://www2.njss.info/organizations/proc/6070,2026-08-02,岐阜県,地方公共団体,0
内閣府(CAO) 国家公安委員会 警察庁 中部管区警察局,2783,,,0,,https://www2.njss.info/organizations/proc/306,2026-08-02,愛知県,国・省庁,0
防衛省(MOD) 陸上自衛隊 東部方面隊 十条駐屯地,2782,,,0,,https://www2.njss.info/organizations/proc/19,2026-08-02,東京都,国・省庁,0
裾野市役所,2770,,,0,,https://www2.njss.info/organizations/proc/4861,2026-08-02,静岡県,地方公共団体,0
最高裁判所 高松高等裁判所 徳島地方裁判所,2768,,,0,,https://www2.njss.info/organizations/proc/3982,2026-08-02,徳島県,国・省庁,0
北広島市役所,2767,,,0,,https://www2.njss.info/organizations/proc/4942,2026-08-02,北海道,地方公共団体,0
北海道庁 十勝総合振興局,2767,,,0,,https://www2.njss.info/organizations/proc/7444,2026-08-02,北海道,地方公共団体,0
高砂市役所,2761,,,0,,https://www2.njss.info/organizations/proc/4873,2026-08-02,兵庫県,地方公共団体,0
名護市役所,2759,,,0,,https://www2.njss.info/organizations/proc/5050,2026-08-02,沖縄県,地方公共団体,0
国土交通省(MLIT) 海上保安庁 第四管区,2754,,,0,,https://www2.njss.info/organizations/proc/525,2026-08-02,愛知県,国・省庁,0
厚生労働省(MHLW) 兵庫労働局,2751,,,0,,https://www2.njss.info/organizations/proc/570,2026-08-02,兵庫県,国・省庁,0
胎内市役所,2740,,,0,,https://www2.njss.info/organizations/proc/5688,2026-08-02,新潟県,地方公共団体,0
人吉市役所,2731,,,0,,https://www2.njss.info/organizations/proc/5830,2026-08-02,熊本県,地方公共団体,0
韮崎市役所,2731,,,0,,https://www2.njss.info/organizations/proc/5564,2026-08-02,山梨県,地方公共団体,0
中野市役所,2730,,,0,,https://www2.njss.info/organizations/proc/5703,2026-08-02,長野県,地方公共団体,0
神戸大学,2730,,,0,,https://www2.njss.info/organizations/proc/4769,2026-08-02,兵庫県,国・省庁,0
妙高市役所,2720,,,0,,https://www2.njss.info/organizations/proc/5685,2026-08-02,新潟県,地方公共団体,0
北斗市役所,2720,,,0,,https://www2.njss.info/organizations/proc/5493,2026-08-02,北海道,地方公共団体,0
釜石市役所,2718,,,0,,https://www2.njss.info/organizations/proc/5501,2026-08-02,岩手県,地方公共団体,0
防衛省(MOD) 陸上自衛隊 小平学校,2717,,,0,,https://www2.njss.info/organizations/proc/20,2026-08-02,東京都,国・省庁,0
弥富市役所,2709,,,0,,https://www2.njss.info/organizations/proc/5572,2026-08-02,愛知県,地方公共団体,0
栃木県警察本部,2708,,,0,,https://www2.njss.info/organizations/proc/1647,2026-08-02,栃木県,地方公共団体,0
防衛省(MOD) 陸上自衛隊 東部方面隊 霞ヶ浦駐屯地 関東補給処 用賀支処,2705,,,0,,https://www2.njss.info/organizations/proc/15,2026-08-02,東京都,国・省庁,0
財務省(MOF) 横浜税関,2705,,,0,,https://www2.njss.info/organizations/proc/410,2026-08-02,神奈川県,国・省庁,0
京都市役所 保健福祉局,2703,,,0,,https://www2.njss.info/organizations/proc/4193,2026-08-02,京都府,地方公共団体,0
厚生労働省(MHLW) 千葉労働局,2702,,,0,,https://www2.njss.info/organizations/proc/561,2026-08-02,千葉県,国・省庁,0
南国市役所,2699,,,0,,https://www2.njss.info/organizations/proc/5816,2026-08-02,高知県,地方公共団体,0
五所川原市役所,2698,,,0,,https://www2.njss.info/organizations/proc/4947,2026-08-02,青森県,地方公共団体,0
宜野湾市役所,2692,,,0,,https://www2.njss.info/organizations/proc/5049,2026-08-02,沖縄県,地方公共団体,0
国土交通省(MLIT) 東北地方整備局 秋田河川国道事務所,2689,,,0,,https://www2.njss.info/organizations/proc/1059,2026-08-02,秋田県,国・省庁,0
逗子市役所,2687,,,0,,https://www2.njss.info/organizations/proc/4773,2026-08-02,神奈川県,地方公共団体,0
津島市役所,2683,,,0,,https://www2.njss.info/organizations/proc/4839,2026-08-02,愛知県,地方公共団体,0
野々市市役所,2683,,,0,,https://www2.njss.info/organizations/proc/5697,2026-08-02,石川県,地方公共団体,0
国土交通省(MLIT) 四国地方整備局 松山河川国道事務所,2678,,,0,,https://www2.njss.info/organizations/proc/924,2026-08-02,愛媛県,国・省庁,0
本巣市役所,2677,,,0,,https://www2.njss.info/organizations/proc/5615,2026-08-02,岐阜県,地方公共団体,0
環境省(MOE) 福島地方環境事務所,2672,,,0,,https://www2.njss.info/organizations/proc/5067,2026-08-02,福島県,国・省庁,0
阪神水道企業団,2672,,,0,,https://www2.njss.info/organizations/proc/4569,2026-08-02,兵庫県,地方公共団体,1
深川市役所,2672,,,0,,https://www2.njss.info/organizations/proc/6008,2026-08-02,北海道,地方公共団体,0
羽島市役所,2663,,,0,,https://www2.njss.info/organizations/proc/4889,2026-08-02,岐阜県,地方公共団体,0
岡谷市役所,2663,,,0,,https://www2.njss.info/organizations/proc/4989,2026-08-02,長野県,地方公共団体,0
国土交通省(MLIT) 東北地方整備局 能代河川国道事務所,2659,,,0,,https://www2.njss.info/organizations/proc/1061,2026-08-02,秋田県,国・省庁,0
桜井市役所,2657,,,0,,https://www2.njss.info/organizations/proc/5002,2026-08-02,奈良県,地方公共団体,0
伊予郡松前町役場,2656,,,0,,https://www2.njss.info/organizations/proc/5775,2026-08-02,愛媛県,地方公共団体,0
大阪市役所 福島区役所,2644,,,0,,https://www2.njss.info/organizations/proc/1862,2026-08-02,大阪府,地方公共団体,0
大阪市役所 東住吉区役所,2643,,,0,,https://www2.njss.info/organizations/proc/1853,2026-08-02,大阪府,地方公共団体,0
東京科学大学 【［閉鎖］東京医科歯科大学】,2642,,,0,,https://www2.njss.info/organizations/proc/4424,2026-08-02,東京都,国・省庁,1
財務省(MOF) 神戸税関,2641,,,0,,https://www2.njss.info/organizations/proc/403,2026-08-02,兵庫県,国・省庁,0
坂東市役所,2636,,,0,,https://www2.njss.info/organizations/proc/4928,2026-08-02,茨城県,地方公共団体,0
北海道庁 総務部,2633,,,0,,https://www2.njss.info/organizations/proc/7432,2026-08-02,北海道,地方公共団体,0
国土交通省(MLIT) 気象庁 札幌管区気象台,2631,,,0,,https://www2.njss.info/organizations/proc/516,2026-08-02,北海道,国・省庁,0
美濃加茂市役所,2630,,,0,,https://www2.njss.info/organizations/proc/4891,2026-08-02,岐阜県,地方公共団体,0
久米郡美咲町役場,2621,,,0,,https://www2.njss.info/organizations/proc/6439,2026-08-02,岡山県,地方公共団体,0
奄美市役所,2620,,,0,,https://www2.njss.info/organizations/proc/5888,2026-08-02,鹿児島県,地方公共団体,0
北海道庁 留萌振興局,2617,,,0,,https://www2.njss.info/organizations/proc/7441,2026-08-02,北海道,地方公共団体,0
糟屋郡志免町役場,2613,,,0,,https://www2.njss.info/organizations/proc/5590,2026-08-02,福岡県,地方公共団体,0
岩沼市役所,2609,,,0,,https://www2.njss.info/organizations/proc/4636,2026-08-02,宮城県,地方公共団体,0
小松島市役所,2604,,,0,,https://www2.njss.info/organizations/proc/5759,2026-08-02,徳島県,地方公共団体,0
最高裁判所 高松高等裁判所 高松地方裁判所,2594,,,0,,https://www2.njss.info/organizations/proc/3981,2026-08-02,香川県,国・省庁,0
経済産業省(METI) 東北経済産業局,2591,,,0,,https://www2.njss.info/organizations/proc/737,2026-08-02,宮城県,国・省庁,0
砺波市役所,2589,,,0,,https://www2.njss.info/organizations/proc/5692,2026-08-02,富山県,地方公共団体,0
環境省(MOE) 関東地方環境事務所,2588,,,0,,https://www2.njss.info/organizations/proc/750,2026-08-02,埼玉県,国・省庁,0
人事院,2584,,,0,,https://www2.njss.info/organizations/proc/305,2026-08-02,東京都,国・省庁,0
鴨川市役所,2583,,,0,,https://www2.njss.info/organizations/proc/5542,2026-08-02,千葉県,地方公共団体,0
高齢・障害・求職者雇用支援機構 静岡支部,2583,,,0,,https://www2.njss.info/organizations/proc/4412,2026-08-02,静岡県,国・省庁,0
黒川郡大和町役場,2582,,,0,,https://www2.njss.info/organizations/proc/6132,2026-08-02,宮城県,地方公共団体,0
丹波篠山市役所,2581,,,0,,https://www2.njss.info/organizations/proc/5598,2026-08-02,兵庫県,地方公共団体,0
佐賀大学,2572,,,0,,https://www2.njss.info/organizations/proc/244,2026-08-02,佐賀県,国・省庁,0
牧之原市役所,2570,,,0,,https://www2.njss.info/organizations/proc/5629,2026-08-02,静岡県,地方公共団体,0
上北郡六ヶ所村役場,2563,,,0,,https://www2.njss.info/organizations/proc/6387,2026-08-02,青森県,地方公共団体,0
さぬき市役所,2561,,,0,,https://www2.njss.info/organizations/proc/5024,2026-08-02,香川県,地方公共団体,1
経済産業省(METI) 近畿経済産業局,2558,,,0,,https://www2.njss.info/organizations/proc/731,2026-08-02,大阪府,国・省庁,0
亘理町役場,2555,,,0,,https://www2.njss.info/organizations/proc/4914,2026-08-02,宮城県,地方公共団体,0
内閣官房,2551,,,0,,https://www2.njss.info/organizations/proc/8100,2026-08-02,東京都,国・省庁,0
国土交通省(MLIT) 関東運輸局,2547,,,0,,https://www2.njss.info/organizations/proc/537,2026-08-02,神奈川県,国・省庁,1
防衛省(MOD) 航空自衛隊 美保基地 第3輸送航空隊,2546,,,0,,https://www2.njss.info/organizations/proc/4056,2026-08-02,鳥取県,国・省庁,0
西都市役所,2538,,,0,,https://www2.njss.info/organizations/proc/5882,2026-08-02,宮崎県,地方公共団体,0
最高裁判所 福岡高等裁判所 大分地方裁判所,2537,,,0,,https://www2.njss.info/organizations/proc/3963,2026-08-02,大分県,国・省庁,0
河内長野市役所,2534,,,0,,https://www2.njss.info/organizations/proc/4426,2026-08-02,大阪府,地方公共団体,0
羽咋郡志賀町役場,2531,,,0,,https://www2.njss.info/organizations/proc/6168,2026-08-02,石川県,地方公共団体,0
相馬市役所,2528,,,0,,https://www2.njss.info/organizations/proc/5679,2026-08-02,福島県,地方公共団体,0
防衛省(MOD) 防衛装備庁 下北試験場,2509,,,0,,https://www2.njss.info/organizations/proc/45,2026-08-02,青森県,国・省庁,0
財務省(MOF) 門司税関,2508,,,0,,https://www2.njss.info/organizations/proc/404,2026-08-02,福岡県,国・省庁,0
熊本大学,2495,,,0,,https://www2.njss.info/organizations/proc/5386,2026-08-02,熊本県,国・省庁,0
下伊那郡松川町役場,2495,,,0,,https://www2.njss.info/organizations/proc/6467,2026-08-02,長野県,地方公共団体,0
菊池郡大津町役場,2494,,,0,,https://www2.njss.info/organizations/proc/5833,2026-08-02,熊本県,地方公共団体,0
稲城市役所,2493,,,0,,https://www2.njss.info/organizations/proc/4340,2026-08-02,東京都,地方公共団体,0
国土交通省(MLIT) 四国地方整備局 土佐国道事務所,2492,,,0,,https://www2.njss.info/organizations/proc/930,2026-08-02,高知県,国・省庁,0
労働者健康安全機構 関西労災病院,2490,,,0,,https://www2.njss.info/organizations/proc/1479,2026-08-02,兵庫県,国・省庁,0
あわら市役所,2488,,,0,,https://www2.njss.info/organizations/proc/6173,2026-08-02,福井県,地方公共団体,0
札幌市役所 建設局 みどりの推進部,2488,,,0,,https://www2.njss.info/organizations/proc/4390,2026-08-02,北海道,地方公共団体,0
仁多郡奥出雲町役場,2484,,,0,,https://www2.njss.info/organizations/proc/6441,2026-08-02,島根県,地方公共団体,0
財務省(MOF) 名古屋税関,2480,,,0,,https://www2.njss.info/organizations/proc/406,2026-08-02,愛知県,国・省庁,0
大阪市役所 都島区役所,2475,,,0,,https://www2.njss.info/organizations/proc/1854,2026-08-02,大阪府,地方公共団体,0
山梨市役所,2466,,,0,,https://www2.njss.info/organizations/proc/5563,2026-08-02,山梨県,地方公共団体,0
みやま市役所,2465,,,0,,https://www2.njss.info/organizations/proc/5584,2026-08-02,福岡県,地方公共団体,0
国立美術館,2465,,,0,,https://www2.njss.info/organizations/proc/217,2026-08-02,東京都,国・省庁,0
大東市役所,2463,,,0,,https://www2.njss.info/organizations/proc/4609,2026-08-02,大阪府,地方公共団体,0
いちき串木野市役所,2461,,,0,,https://www2.njss.info/organizations/proc/5885,2026-08-02,鹿児島県,地方公共団体,0
日本赤十字社 関東甲信越ブロック血液センター,2453,,,0,,https://www2.njss.info/organizations/proc/4956,2026-08-02,東京都,国・省庁,1
大阪市役所 旭区役所,2453,,,0,,https://www2.njss.info/organizations/proc/1846,2026-08-02,大阪府,地方公共団体,0
相楽郡精華町役場,2448,,,0,,https://www2.njss.info/organizations/proc/5711,2026-08-02,京都府,地方公共団体,0
下益城郡美里町役場,2444,,,0,,https://www2.njss.info/organizations/proc/6317,2026-08-02,熊本県,地方公共団体,0
浦添市役所,2442,,,0,,https://www2.njss.info/organizations/proc/4765,2026-08-02,沖縄県,地方公共団体,0
厚生労働省(MHLW) 埼玉労働局,2438,,,0,,https://www2.njss.info/organizations/proc/592,2026-08-02,埼玉県,国・省庁,0
防衛省(MOD) 航空自衛隊 芦屋基地 第3術科学校,2434,,,0,,https://www2.njss.info/organizations/proc/4064,2026-08-02,福岡県,国・省庁,0
知多郡武豊町役場,2434,,,0,,https://www2.njss.info/organizations/proc/5577,2026-08-02,愛知県,地方公共団体,0
富良野市役所,2432,,,0,,https://www2.njss.info/organizations/proc/6006,2026-08-02,北海道,地方公共団体,0
労働者健康安全機構 横浜労災病院,2428,,,0,,https://www2.njss.info/organizations/proc/1471,2026-08-02,神奈川県,国・省庁,0
柴田郡柴田町役場,2428,,,0,,https://www2.njss.info/organizations/proc/5503,2026-08-02,宮城県,地方公共団体,0
久慈郡大子町役場,2427,,,0,,https://www2.njss.info/organizations/proc/6019,2026-08-02,茨城県,地方公共団体,0
国立病院機構 関東信越グループ 東京医療センター,2423,,,0,,https://www2.njss.info/organizations/proc/860,2026-08-02,東京都,国・省庁,0
筑後市役所,2421,,,0,,https://www2.njss.info/organizations/proc/5579,2026-08-02,福岡県,地方公共団体,0
山口大学,2421,,,0,,https://www2.njss.info/organizations/proc/266,2026-08-02,山口県,国・省庁,0
財務省(MOF) 北陸財務局,2419,,,0,,https://www2.njss.info/organizations/proc/415,2026-08-02,石川県,国・省庁,0
愛媛大学,2415,,,0,,https://www2.njss.info/organizations/proc/5356,2026-08-02,愛媛県,国・省庁,0
むつ市役所,2412,,,0,,https://www2.njss.info/organizations/proc/4946,2026-08-02,青森県,地方公共団体,0
仙台市役所 水道局,2409,,,0,,https://www2.njss.info/organizations/proc/4351,2026-08-02,宮城県,地方公共団体,0
横浜市役所 水道局,2409,,,0,,https://www2.njss.info/organizations/proc/4683,2026-08-02,神奈川県,地方公共団体,0
国立病院機構 近畿グループ 大阪医療センター,2408,,,0,,https://www2.njss.info/organizations/proc/858,2026-08-02,大阪府,国・省庁,0
葛城市役所,2406,,,0,,https://www2.njss.info/organizations/proc/5727,2026-08-02,奈良県,地方公共団体,0
羽咋市役所,2403,,,0,,https://www2.njss.info/organizations/proc/6167,2026-08-02,石川県,地方公共団体,0
黒石市役所,2403,,,0,,https://www2.njss.info/organizations/proc/5495,2026-08-02,青森県,地方公共団体,0
東根市役所,2398,,,0,,https://www2.njss.info/organizations/proc/5623,2026-08-02,山形県,地方公共団体,0
柏原市役所,2397,,,0,,https://www2.njss.info/organizations/proc/4427,2026-08-02,大阪府,地方公共団体,0
茨城県警察本部,2391,,,0,,https://www2.njss.info/organizations/proc/332,2026-08-02,茨城県,地方公共団体,0
高浜市役所,2391,,,0,,https://www2.njss.info/organizations/proc/5570,2026-08-02,愛知県,地方公共団体,0
山梨県警察本部,2388,,,0,,https://www2.njss.info/organizations/proc/349,2026-08-02,山梨県,地方公共団体,0
国土交通省(MLIT) 海上保安庁 第九管区,2378,,,0,,https://www2.njss.info/organizations/proc/530,2026-08-02,新潟県,国・省庁,0
海技教育機構,2356,,,0,,https://www2.njss.info/organizations/proc/447,2026-08-02,静岡県,国・省庁,0
生駒郡三郷町役場,2354,,,0,,https://www2.njss.info/organizations/proc/6042,2026-08-02,奈良県,地方公共団体,0
城南衛生管理組合,2354,,,0,,https://www2.njss.info/organizations/proc/5012,2026-08-02,京都府,地方公共団体,1
農業・食品産業技術総合研究機構(NARO) 【［閉鎖］農業生物資源研究所(NIAS)】,2345,,,0,,https://www2.njss.info/organizations/proc/293,2026-08-02,茨城県,国・省庁,1
額田郡幸田町役場,2335,,,0,,https://www2.njss.info/organizations/proc/5578,2026-08-02,愛知県,地方公共団体,0
阿波市役所,2329,,,0,,https://www2.njss.info/organizations/proc/5761,2026-08-02,徳島県,地方公共団体,0
三沢市役所,2325,,,0,,https://www2.njss.info/organizations/proc/5496,2026-08-02,青森県,地方公共団体,0
防衛省(MOD) 海上自衛隊 函館基地隊,2318,,,0,,https://www2.njss.info/organizations/proc/61,2026-08-02,北海道,国・省庁,0
鶴ヶ島市役所,2310,,,0,,https://www2.njss.info/organizations/proc/4782,2026-08-02,埼玉県,地方公共団体,0
湯沢市役所,2309,,,0,,https://www2.njss.info/organizations/proc/4955,2026-08-02,秋田県,地方公共団体,0
国土交通省(MLIT) 気象庁 気象研究所,2308,,,0,,https://www2.njss.info/organizations/proc/498,2026-08-02,茨城県,国・省庁,0
上益城郡御船町役場,2304,,,0,,https://www2.njss.info/organizations/proc/6311,2026-08-02,熊本県,地方公共団体,0
厚生労働省(MHLW) 京都労働局,2300,,,0,,https://www2.njss.info/organizations/proc/578,2026-08-02,京都府,国・省庁,0
大阪市役所 市民局,2290,,,0,,https://www2.njss.info/organizations/proc/1811,2026-08-02,大阪府,地方公共団体,0
姶良市役所,2271,,,0,,https://www2.njss.info/organizations/proc/5046,2026-08-02,鹿児島県,地方公共団体,0
垂水市役所,2270,,,0,,https://www2.njss.info/organizations/proc/6332,2026-08-02,鹿児島県,地方公共団体,0
滑川市役所,2266,,,0,,https://www2.njss.info/organizations/proc/5690,2026-08-02,富山県,地方公共団体,0
財務省(MOF) 四国財務局,2264,,,0,,https://www2.njss.info/organizations/proc/419,2026-08-02,香川県,国・省庁,0
高齢・障害・求職者雇用支援機構 栃木支部,2256,,,0,,https://www2.njss.info/organizations/proc/5652,2026-08-02,栃木県,国・省庁,0
京都郡苅田町役場,2256,,,0,,https://www2.njss.info/organizations/proc/5587,2026-08-02,福岡県,地方公共団体,0
富里市役所,2253,,,0,,https://www2.njss.info/organizations/proc/4824,2026-08-02,千葉県,地方公共団体,0
湖西市役所,2252,,,0,,https://www2.njss.info/organizations/proc/4860,2026-08-02,静岡県,地方公共団体,0
本宮市役所,2252,,,0,,https://www2.njss.info/organizations/proc/5681,2026-08-02,福島県,地方公共団体,0
高知大学,2245,,,0,,https://www2.njss.info/organizations/proc/4486,2026-08-02,高知県,国・省庁,0
青梅市役所,2245,,,0,,https://www2.njss.info/organizations/proc/4346,2026-08-02,東京都,地方公共団体,0
朝来市役所,2243,,,0,,https://www2.njss.info/organizations/proc/5599,2026-08-02,兵庫県,地方公共団体,0
玉名郡和水町役場,2242,,,0,,https://www2.njss.info/organizations/proc/6318,2026-08-02,熊本県,地方公共団体,0
防衛省(MOD) 陸上自衛隊 横浜駐屯地 中央輸送隊,2239,,,0,,https://www2.njss.info/organizations/proc/4004,2026-08-02,神奈川県,国・省庁,0
結城市役所,2238,,,0,,https://www2.njss.info/organizations/proc/4930,2026-08-02,茨城県,地方公共団体,0
労働者健康安全機構 労働安全衛生総合研究所(JNIOSH),2236,,,0,,https://www2.njss.info/organizations/proc/608,2026-08-02,東京都,国・省庁,0
大阪市役所 経済戦略局,2234,,,0,,https://www2.njss.info/organizations/proc/5245,2026-08-02,大阪府,地方公共団体,0
佐賀県警察本部,2233,,,0,,https://www2.njss.info/organizations/proc/341,2026-08-02,佐賀県,地方公共団体,0
防衛省(MOD) 真駒内駐屯地 自衛隊札幌病院,2232,,,0,,https://www2.njss.info/organizations/proc/3993,2026-08-02,北海道,国・省庁,0
宿毛市役所,2228,,,0,,https://www2.njss.info/organizations/proc/6196,2026-08-02,高知県,地方公共団体,0
東茨城郡城里町役場,2224,,,0,,https://www2.njss.info/organizations/proc/6018,2026-08-02,茨城県,地方公共団体,0
糸満市役所,2218,,,0,,https://www2.njss.info/organizations/proc/5051,2026-08-02,沖縄県,地方公共団体,0
嘉麻市役所,2217,,,0,,https://www2.njss.info/organizations/proc/5583,2026-08-02,福岡県,地方公共団体,0
最高裁判所 福岡高等裁判所 佐賀地方裁判所,2217,,,0,,https://www2.njss.info/organizations/proc/3961,2026-08-02,佐賀県,国・省庁,0
国東市役所,2217,,,0,,https://www2.njss.info/organizations/proc/5880,2026-08-02,大分県,地方公共団体,0
秋田大学,2214,,,0,,https://www2.njss.info/organizations/proc/5365,2026-08-02,秋田県,国・省庁,0
観音寺市役所,2213,,,0,,https://www2.njss.info/organizations/proc/5022,2026-08-02,香川県,地方公共団体,0
日本高速道路保有・債務返済機構,2212,,,0,,https://www2.njss.info/organizations/proc/441,2026-08-02,神奈川県,国・省庁,0
羽曳野市役所,2205,,,0,,https://www2.njss.info/organizations/proc/4428,2026-08-02,大阪府,地方公共団体,0
宮城郡松島町役場,2204,,,0,,https://www2.njss.info/organizations/proc/6404,2026-08-02,宮城県,地方公共団体,0
蕨市役所,2204,,,0,,https://www2.njss.info/organizations/proc/4781,2026-08-02,埼玉県,地方公共団体,0
国立病院機構 近畿グループ 京都医療センター,2200,,,0,,https://www2.njss.info/organizations/proc/837,2026-08-02,京都府,国・省庁,0
小郡市役所,2197,,,0,,https://www2.njss.info/organizations/proc/4851,2026-08-02,福岡県,地方公共団体,0
加西市役所,2196,,,0,,https://www2.njss.info/organizations/proc/5596,2026-08-02,兵庫県,地方公共団体,0
阿蘇市役所,2196,,,0,,https://www2.njss.info/organizations/proc/6098,2026-08-02,熊本県,地方公共団体,0
つくばみらい市役所,2195,,,0,,https://www2.njss.info/organizations/proc/5521,2026-08-02,茨城県,地方公共団体,0
財務省(MOF) 函館税関,2192,,,0,,https://www2.njss.info/organizations/proc/402,2026-08-02,北海道,国・省庁,0
札幌市役所 経済観光局,2190,,,0,,https://www2.njss.info/organizations/proc/4392,2026-08-02,北海道,地方公共団体,0
柳井市役所,2187,,,0,,https://www2.njss.info/organizations/proc/5758,2026-08-02,山口県,地方公共団体,0
厚生労働省(MHLW) 広島労働局,2184,,,0,,https://www2.njss.info/organizations/proc/568,2026-08-02,広島県,国・省庁,0
いすみ市役所,2179,,,0,,https://www2.njss.info/organizations/proc/5546,2026-08-02,千葉県,地方公共団体,0
入間郡三芳町役場,2178,,,0,,https://www2.njss.info/organizations/proc/5533,2026-08-02,埼玉県,地方公共団体,0
北海道庁 道立病院局,2178,,,0,,https://www2.njss.info/organizations/proc/7422,2026-08-02,北海道,地方公共団体,0
小諸市役所,2174,,,0,,https://www2.njss.info/organizations/proc/5701,2026-08-02,長野県,地方公共団体,0
洲本市役所,2172,,,0,,https://www2.njss.info/organizations/proc/5592,2026-08-02,兵庫県,地方公共団体,0
大阪市役所 経済戦略局 中央卸売市場,2171,,,0,,https://www2.njss.info/organizations/proc/1829,2026-08-02,大阪府,地方公共団体,0
自動車技術総合機構 交通安全環境研究所,2162,,,0,,https://www2.njss.info/organizations/proc/451,2026-08-02,東京都,国・省庁,0
上益城郡益城町役場,2161,,,0,,https://www2.njss.info/organizations/proc/5835,2026-08-02,熊本県,地方公共団体,0
中新川郡立山町役場,2154,,,0,,https://www2.njss.info/organizations/proc/6170,2026-08-02,富山県,地方公共団体,0
大仙市役所,2150,,,0,,https://www2.njss.info/organizations/proc/4951,2026-08-02,秋田県,地方公共団体,0
米沢市役所,2147,,,0,,https://www2.njss.info/organizations/proc/4905,2026-08-02,山形県,地方公共団体,0
御前崎市役所,2141,,,0,,https://www2.njss.info/organizations/proc/5627,2026-08-02,静岡県,地方公共団体,0
葦北郡芦北町役場,2139,,,0,,https://www2.njss.info/organizations/proc/6310,2026-08-02,熊本県,地方公共団体,0
名古屋港管理組合,2137,,,0,,https://www2.njss.info/organizations/proc/7763,2026-08-02,愛知県,地方公共団体,0
川崎市役所 交通局,2134,,,0,,https://www2.njss.info/organizations/proc/4311,2026-08-02,神奈川県,地方公共団体,0
国立病院機構 中国四国グループ 岡山医療センター,2133,,,0,,https://www2.njss.info/organizations/proc/823,2026-08-02,岡山県,国・省庁,0
鹿島市役所,2132,,,0,,https://www2.njss.info/organizations/proc/5819,2026-08-02,佐賀県,地方公共団体,0
角田市役所,2124,,,0,,https://www2.njss.info/organizations/proc/4639,2026-08-02,宮城県,地方公共団体,0
紋別市役所,2123,,,0,,https://www2.njss.info/organizations/proc/6005,2026-08-02,北海道,地方公共団体,0
大分大学,2122,,,0,,https://www2.njss.info/organizations/proc/5375,2026-08-02,大分県,国・省庁,0
飯山市役所,2122,,,0,,https://www2.njss.info/organizations/proc/6163,2026-08-02,長野県,地方公共団体,0
下都賀郡野木町役場,2120,,,0,,https://www2.njss.info/organizations/proc/6022,2026-08-02,栃木県,地方公共団体,0
福島県立医科大学,2115,,,0,,https://www2.njss.info/organizations/proc/5402,2026-08-02,福島県,国・省庁,0
水俣市役所,2113,,,0,,https://www2.njss.info/organizations/proc/6099,2026-08-02,熊本県,地方公共団体,0
東松島市役所,2110,,,0,,https://www2.njss.info/organizations/proc/4637,2026-08-02,宮城県,地方公共団体,0
二海郡八雲町役場,2103,,,0,,https://www2.njss.info/organizations/proc/6353,2026-08-02,北海道,地方公共団体,0
厚生労働省(MHLW) 静岡労働局,2099,,,0,,https://www2.njss.info/organizations/proc/595,2026-08-02,静岡県,国・省庁,0
宮城県立がんセンター,2099,,,0,,https://www2.njss.info/organizations/proc/5998,2026-08-02,宮城県,地方公共団体,1
山県郡北広島町役場,2098,,,0,,https://www2.njss.info/organizations/proc/6532,2026-08-02,広島県,地方公共団体,0
中間貯蔵・環境安全事業株式会社(JESCO),2093,,,0,,https://www2.njss.info/organizations/proc/6152,2026-08-02,東京都,国・省庁,0
横浜市立大学,2090,,,0,,https://www2.njss.info/organizations/proc/5406,2026-08-02,神奈川県,国・省庁,0
由利本荘市役所,2088,,,0,,https://www2.njss.info/organizations/proc/4952,2026-08-02,秋田県,地方公共団体,0
東かがわ市役所,2088,,,0,,https://www2.njss.info/organizations/proc/5768,2026-08-02,香川県,地方公共団体,0
知多郡阿久比町役場,2084,,,0,,https://www2.njss.info/organizations/proc/6075,2026-08-02,愛知県,地方公共団体,0
小城市役所,2083,,,0,,https://www2.njss.info/organizations/proc/5820,2026-08-02,佐賀県,地方公共団体,0
厚生労働省(MHLW) 国立障害者リハビリテーションセンター,2083,,,0,,https://www2.njss.info/organizations/proc/685,2026-08-02,埼玉県,国・省庁,0
熊野市役所,2083,,,0,,https://www2.njss.info/organizations/proc/6280,2026-08-02,三重県,地方公共団体,0
法務省(MOJ) 日本司法支援センター,2072,,,0,,https://www2.njss.info/organizations/proc/199,2026-08-02,東京都,国・省庁,0
経済産業省(METI) 中部経済産業局,2071,,,0,,https://www2.njss.info/organizations/proc/729,2026-08-02,愛知県,国・省庁,0
菊池郡菊陽町役場,2070,,,0,,https://www2.njss.info/organizations/proc/5834,2026-08-02,熊本県,地方公共団体,0
甲州市役所,2070,,,0,,https://www2.njss.info/organizations/proc/5566,2026-08-02,山梨県,地方公共団体,0
労働者健康安全機構 大阪ろうさい病院,2069,,,0,,https://www2.njss.info/organizations/proc/1478,2026-08-02,大阪府,国・省庁,0
広島県府中市役所,2053,,,0,,https://www2.njss.info/organizations/proc/5754,2026-08-02,広島県,地方公共団体,0
宇土市役所,2044,,,0,,https://www2.njss.info/organizations/proc/5831,2026-08-02,熊本県,地方公共団体,0
喜多郡内子町役場,2044,,,0,,https://www2.njss.info/organizations/proc/6515,2026-08-02,愛媛県,地方公共団体,0
宮崎大学,2043,,,0,,https://www2.njss.info/organizations/proc/251,2026-08-02,宮崎県,国・省庁,0
河内郡上三川町役場,2042,,,0,,https://www2.njss.info/organizations/proc/5527,2026-08-02,栃木県,地方公共団体,0
国土交通省(MLIT) 観光庁,2038,,,0,,https://www2.njss.info/organizations/proc/4201,2026-08-02,東京都,国・省庁,0
清瀬市役所,2037,,,0,,https://www2.njss.info/organizations/proc/4344,2026-08-02,東京都,地方公共団体,0
大里郡寄居町役場,2035,,,0,,https://www2.njss.info/organizations/proc/5537,2026-08-02,埼玉県,地方公共団体,0
栃木県庁 企業局,2033,,,0,,https://www2.njss.info/organizations/proc/4308,2026-08-02,栃木県,地方公共団体,0
邑楽郡大泉町役場,2030,,,0,,https://www2.njss.info/organizations/proc/5531,2026-08-02,群馬県,地方公共団体,0
山元町役場,2029,,,0,,https://www2.njss.info/organizations/proc/4910,2026-08-02,宮城県,地方公共団体,0
宮城県立病院機構,2027,,,0,,https://www2.njss.info/organizations/proc/4492,2026-08-02,宮城県,地方公共団体,1
遠賀郡岡垣町役場,2024,,,0,,https://www2.njss.info/organizations/proc/5586,2026-08-02,福岡県,地方公共団体,0
三重郡菰野町役場,2024,,,0,,https://www2.njss.info/organizations/proc/5707,2026-08-02,三重県,地方公共団体,0
江田島市役所,2021,,,0,,https://www2.njss.info/organizations/proc/6181,2026-08-02,広島県,地方公共団体,0
相馬郡飯舘村役場,2020,,,0,,https://www2.njss.info/organizations/proc/6878,2026-08-02,福島県,地方公共団体,0
国土交通省(MLIT) 気象庁 東京管区気象台,2018,,,0,,https://www2.njss.info/organizations/proc/518,2026-08-02,東京都,国・省庁,0
南丹市役所,2017,,,0,,https://www2.njss.info/organizations/proc/5710,2026-08-02,京都府,地方公共団体,0
内閣府(CAO) 国家公安委員会 警察庁 四国警察支局,2017,,,0,,https://www2.njss.info/organizations/proc/310,2026-08-02,香川県,国・省庁,0
防衛省(MOD) 航空自衛隊 松島基地 第4航空団,2017,,,0,,https://www2.njss.info/organizations/proc/4059,2026-08-02,宮城県,国・省庁,0
大飯郡おおい町役場,2016,,,0,,https://www2.njss.info/organizations/proc/6998,2026-08-02,福井県,地方公共団体,0
勤労者退職金共済機構,2009,,,0,,https://www2.njss.info/organizations/proc/615,2026-08-02,東京都,国・省庁,0
高知県警察本部,2008,,,0,,https://www2.njss.info/organizations/proc/315,2026-08-02,高知県,地方公共団体,0
稚内市役所,2003,,,0,,https://www2.njss.info/organizations/proc/5490,2026-08-02,北海道,地方公共団体,0
大阪市役所 住之江区役所,2002,,,0,,https://www2.njss.info/organizations/proc/1860,2026-08-02,大阪府,地方公共団体,0
国立病院機構 東海北陸グループ 金沢医療センター,1997,,,0,,https://www2.njss.info/organizations/proc/859,2026-08-02,石川県,国・省庁,0
厚生労働省(MHLW) 長野労働局,1990,,,0,,https://www2.njss.info/organizations/proc/582,2026-08-02,長野県,国・省庁,0
三重大学,1988,,,0,,https://www2.njss.info/organizations/proc/263,2026-08-02,三重県,国・省庁,0
野洲市役所,1986,,,0,,https://www2.njss.info/organizations/proc/5936,2026-08-02,滋賀県,地方公共団体,0
最高裁判所 広島高等裁判所 松江地方裁判所,1984,,,0,,https://www2.njss.info/organizations/proc/3958,2026-08-02,島根県,国・省庁,0
須崎市役所,1983,,,0,,https://www2.njss.info/organizations/proc/6195,2026-08-02,高知県,地方公共団体,0
大阪市役所 生野区役所,1981,,,0,,https://www2.njss.info/organizations/proc/1866,2026-08-02,大阪府,地方公共団体,0
防衛省(MOD) 防衛装備庁 岐阜試験場,1972,,,0,,https://www2.njss.info/organizations/proc/47,2026-08-02,岐阜県,国・省庁,0
防衛省(MOD) 航空自衛隊 築城基地 第8航空団,1971,,,0,,https://www2.njss.info/organizations/proc/4048,2026-08-02,福岡県,国・省庁,0
国土交通省(MLIT) 四国地方整備局 香川河川国道事務所,1970,,,0,,https://www2.njss.info/organizations/proc/921,2026-08-02,香川県,国・省庁,0
留萌市役所,1970,,,0,,https://www2.njss.info/organizations/proc/6015,2026-08-02,北海道,地方公共団体,0
琉球大学,1960,,,0,,https://www2.njss.info/organizations/proc/258,2026-08-02,沖縄県,国・省庁,0
国立病院機構 関東信越グループ 横浜医療センター,1960,,,0,,https://www2.njss.info/organizations/proc/875,2026-08-02,神奈川県,国・省庁,0
かずさ水道広域連合企業団,1959,,,0,,https://www2.njss.info/organizations/proc/7727,2026-08-02,千葉県,地方公共団体,1
吉田郡永平寺町役場,1959,,,0,,https://www2.njss.info/organizations/proc/6176,2026-08-02,福井県,地方公共団体,0
国立病院機構 九州グループ 長崎医療センター,1958,,,0,,https://www2.njss.info/organizations/proc/873,2026-08-02,長崎県,国・省庁,0
桜川市役所,1951,,,0,,https://www2.njss.info/organizations/proc/5519,2026-08-02,茨城県,地方公共団体,0
岩出市役所,1950,,,0,,https://www2.njss.info/organizations/proc/4884,2026-08-02,和歌山県,地方公共団体,0
那珂郡東海村役場,1948,,,0,,https://www2.njss.info/organizations/proc/5523,2026-08-02,茨城県,地方公共団体,0
大阪市役所 西淀川区役所,1944,,,0,,https://www2.njss.info/organizations/proc/1857,2026-08-02,大阪府,地方公共団体,0
丹生郡越前町役場,1944,,,0,,https://www2.njss.info/organizations/proc/6175,2026-08-02,福井県,地方公共団体,0
国土交通省(MLIT) 中部運輸局,1939,,,0,,https://www2.njss.info/organizations/proc/538,2026-08-02,愛知県,国・省庁,0
愛甲郡愛川町役場,1929,,,0,,https://www2.njss.info/organizations/proc/5552,2026-08-02,神奈川県,地方公共団体,0
高齢・障害・求職者雇用支援機構 宮城支部,1929,,,0,,https://www2.njss.info/organizations/proc/4410,2026-08-02,宮城県,国・省庁,0
魚津市役所,1926,,,0,,https://www2.njss.info/organizations/proc/5689,2026-08-02,富山県,地方公共団体,0
久慈市役所,1923,,,0,,https://www2.njss.info/organizations/proc/5500,2026-08-02,岩手県,地方公共団体,0
匝瑳市役所,1915,,,0,,https://www2.njss.info/organizations/proc/5545,2026-08-02,千葉県,地方公共団体,0
陸前高田市役所,1914,,,0,,https://www2.njss.info/organizations/proc/6129,2026-08-02,岩手県,地方公共団体,0
農林水産省(MAFF) 林野庁(FA) 東北森林管理局 米代東部森林管理署,1914,,,0,,https://www2.njss.info/organizations/proc/1323,2026-08-02,秋田県,国・省庁,0
かすみがうら市役所,1911,,,0,,https://www2.njss.info/organizations/proc/5518,2026-08-02,茨城県,地方公共団体,0
大分県警察本部,1906,,,0,,https://www2.njss.info/organizations/proc/336,2026-08-02,大分県,地方公共団体,0
南足柄市役所,1903,,,0,,https://www2.njss.info/organizations/proc/5548,2026-08-02,神奈川県,地方公共団体,0
農林水産消費安全技術センター(FAMIC),1901,,,0,,https://www2.njss.info/organizations/proc/287,2026-08-02,埼玉県,国・省庁,0
厚生労働省(MHLW) 和歌山労働局,1900,,,0,,https://www2.njss.info/organizations/proc/600,2026-08-02,和歌山県,国・省庁,0
電子航法研究所(ENRI),1899,,,0,,https://www2.njss.info/organizations/proc/440,2026-08-02,東京都,国・省庁,0
常総市役所,1897,,,0,,https://www2.njss.info/organizations/proc/4925,2026-08-02,茨城県,地方公共団体,0
磯城郡田原本町役場,1897,,,0,,https://www2.njss.info/organizations/proc/5729,2026-08-02,奈良県,地方公共団体,0
鹿児島大学,1896,,,0,,https://www2.njss.info/organizations/proc/5358,2026-08-02,鹿児島県,国・省庁,0
農林水産省(MAFF) 林野庁(FA) 東北森林管理局 津軽森林管理署,1896,,,0,,https://www2.njss.info/organizations/proc/1310,2026-08-02,青森県,国・省庁,0
海部地区環境事務組合,1896,,,0,,https://www2.njss.info/organizations/proc/5011,2026-08-02,愛知県,地方公共団体,1
南宇和郡愛南町役場,1895,,,0,,https://www2.njss.info/organizations/proc/6190,2026-08-02,愛媛県,地方公共団体,0
岩手郡雫石町役場,1895,,,0,,https://www2.njss.info/organizations/proc/6391,2026-08-02,岩手県,地方公共団体,0
標津郡中標津町役場,1893,,,0,,https://www2.njss.info/organizations/proc/6007,2026-08-02,北海道,地方公共団体,0
那須郡那須町役場,1892,,,0,,https://www2.njss.info/organizations/proc/6021,2026-08-02,栃木県,地方公共団体,0
富津市役所,1889,,,0,,https://www2.njss.info/organizations/proc/5543,2026-08-02,千葉県,地方公共団体,0
田村郡三春町役場,1887,,,0,,https://www2.njss.info/organizations/proc/6422,2026-08-02,福島県,地方公共団体,0
大網白里市役所,1883,,,0,,https://www2.njss.info/organizations/proc/5935,2026-08-02,千葉県,地方公共団体,0
国土交通省(MLIT) 四国地方整備局 大洲河川国道事務所,1883,,,0,,https://www2.njss.info/organizations/proc/925,2026-08-02,愛媛県,国・省庁,0
国立病院機構 関東信越グループ 災害医療センター,1880,,,0,,https://www2.njss.info/organizations/proc/863,2026-08-02,東京都,国・省庁,0
綾部市役所,1875,,,0,,https://www2.njss.info/organizations/proc/5709,2026-08-02,京都府,地方公共団体,0
労働者健康安全機構 関東労災病院,1869,,,0,,https://www2.njss.info/organizations/proc/1470,2026-08-02,神奈川県,国・省庁,0
潮来市役所,1867,,,0,,https://www2.njss.info/organizations/proc/5942,2026-08-02,茨城県,地方公共団体,0
登別市役所,1866,,,0,,https://www2.njss.info/organizations/proc/4944,2026-08-02,北海道,地方公共団体,0
国土交通省(MLIT) 東北地方整備局 青森河川国道事務所,1864,,,0,,https://www2.njss.info/organizations/proc/1052,2026-08-02,青森県,国・省庁,0
東蒲原郡阿賀町役場,1864,,,0,,https://www2.njss.info/organizations/proc/6480,2026-08-02,新潟県,地方公共団体,0
羽咋郡宝達志水町役場,1861,,,0,,https://www2.njss.info/organizations/proc/6455,2026-08-02,石川県,地方公共団体,0
御所市役所,1859,,,0,,https://www2.njss.info/organizations/proc/5943,2026-08-02,奈良県,地方公共団体,0
農林水産省(MAFF) 林野庁(FA) 東北森林管理局 宮城北部森林管理署,1858,,,0,,https://www2.njss.info/organizations/proc/1321,2026-08-02,宮城県,国・省庁,0
安芸郡海田町役場,1853,,,0,,https://www2.njss.info/organizations/proc/6180,2026-08-02,広島県,地方公共団体,0
松原市役所,1853,,,0,,https://www2.njss.info/organizations/proc/4601,2026-08-02,大阪府,地方公共団体,0
滋賀医科大学,1850,,,0,,https://www2.njss.info/organizations/proc/4232,2026-08-02,滋賀県,国・省庁,0
高座郡寒川町役場,1849,,,0,,https://www2.njss.info/organizations/proc/5550,2026-08-02,神奈川県,地方公共団体,0
会計検査院(BAJ),1848,,,0,,https://www2.njss.info/organizations/proc/2,2026-08-02,東京都,国・省庁,0
豊後高田市役所,1846,,,0,,https://www2.njss.info/organizations/proc/6114,2026-08-02,大分県,地方公共団体,0
内閣府(CAO) 国家公安委員会 警察庁 警察大学校,1845,,,0,,https://www2.njss.info/organizations/proc/351,2026-08-02,東京都,国・省庁,0
北海道庁 保健福祉部,1845,,,0,,https://www2.njss.info/organizations/proc/7429,2026-08-02,北海道,地方公共団体,0
多賀城市役所,1844,,,0,,https://www2.njss.info/organizations/proc/4634,2026-08-02,宮城県,地方公共団体,0
上北郡おいらせ町役場,1843,,,0,,https://www2.njss.info/organizations/proc/6014,2026-08-02,青森県,地方公共団体,0
京都市役所 文化市民局,1842,,,0,,https://www2.njss.info/organizations/proc/4187,2026-08-02,京都府,地方公共団体,0
那賀郡那賀町役場,1842,,,0,,https://www2.njss.info/organizations/proc/7051,2026-08-02,徳島県,地方公共団体,0
鳥羽市役所,1839,,,0,,https://www2.njss.info/organizations/proc/6081,2026-08-02,三重県,地方公共団体,0
美濃市役所,1838,,,0,,https://www2.njss.info/organizations/proc/6071,2026-08-02,岐阜県,地方公共団体,0
球磨郡あさぎり町役場,1828,,,0,,https://www2.njss.info/organizations/proc/6313,2026-08-02,熊本県,地方公共団体,0
大島郡周防大島町役場,1825,,,0,,https://www2.njss.info/organizations/proc/6528,2026-08-02,山口県,地方公共団体,0
旭川医科大学,1824,,,0,,https://www2.njss.info/organizations/proc/4438,2026-08-02,北海道,国・省庁,0
労働者健康安全機構 釧路労災病院,1821,,,0,,https://www2.njss.info/organizations/proc/1462,2026-08-02,北海道,国・省庁,0
高岡郡四万十町役場,1820,,,0,,https://www2.njss.info/organizations/proc/6511,2026-08-02,高知県,地方公共団体,0
国立病院機構 九州グループ 九州医療センター,1820,,,0,,https://www2.njss.info/organizations/proc/807,2026-08-02,福岡県,国・省庁,0
宮城郡利府町役場,1819,,,0,,https://www2.njss.info/organizations/proc/5505,2026-08-02,宮城県,地方公共団体,0
厚生労働省(MHLW) 熊本労働局,1817,,,0,,https://www2.njss.info/organizations/proc/577,2026-08-02,熊本県,国・省庁,0
中郡大磯町役場,1809,,,0,,https://www2.njss.info/organizations/proc/5551,2026-08-02,神奈川県,地方公共団体,0
国立病院機構 中国四国グループ 岩国医療センター,1809,,,0,,https://www2.njss.info/organizations/proc/903,2026-08-02,山口県,国・省庁,0
八女郡広川町役場,1803,,,0,,https://www2.njss.info/organizations/proc/6089,2026-08-02,福岡県,地方公共団体,0
神石郡神石高原町役場,1802,,,0,,https://www2.njss.info/organizations/proc/6529,2026-08-02,広島県,地方公共団体,0
防衛省(MOD) 陸上自衛隊 東部方面隊 東部方面会計隊 古河駐屯地 第341会計隊,1798,,,0,,https://www2.njss.info/organizations/proc/4006,2026-08-02,茨城県,国・省庁,0
防衛省(MOD) 陸上自衛隊 土浦駐屯地 武器学校,1797,,,0,,https://www2.njss.info/organizations/proc/4002,2026-08-02,茨城県,国・省庁,0
東京観光財団,1795,,,0,,https://www2.njss.info/organizations/proc/5910,2026-08-02,東京都,国・省庁,0
児湯郡新富町役場,1795,,,0,,https://www2.njss.info/organizations/proc/6327,2026-08-02,宮崎県,地方公共団体,0
厚生労働省(MHLW) 富山労働局,1795,,,0,,https://www2.njss.info/organizations/proc/599,2026-08-02,富山県,国・省庁,0
阿久根市役所,1793,,,0,,https://www2.njss.info/organizations/proc/6122,2026-08-02,鹿児島県,地方公共団体,0
国土交通省(MLIT) 北陸地方整備局 富山河川国道事務所,1789,,,0,,https://www2.njss.info/organizations/proc/941,2026-08-02,富山県,国・省庁,0
最高裁判所 札幌高等裁判所 釧路地方裁判所,1789,,,0,,https://www2.njss.info/organizations/proc/3979,2026-08-02,北海道,国・省庁,0
福島市役所 福島市上下水道局,1787,,,0,,https://www2.njss.info/organizations/proc/4574,2026-08-02,福島県,地方公共団体,0
日高郡新ひだか町役場,1786,,,0,,https://www2.njss.info/organizations/proc/6004,2026-08-02,北海道,地方公共団体,0
駿東郡清水町役場,1785,,,0,,https://www2.njss.info/organizations/proc/5675,2026-08-02,静岡県,地方公共団体,0
防衛省(MOD) 航空自衛隊 熊谷基地 第4術科学校,1782,,,0,,https://www2.njss.info/organizations/proc/4065,2026-08-02,埼玉県,国・省庁,0
東茨城郡茨城町役場,1776,,,0,,https://www2.njss.info/organizations/proc/5522,2026-08-02,茨城県,地方公共団体,0
防衛省(MOD) 航空自衛隊 防府南基地 航空教育隊,1771,,,0,,https://www2.njss.info/organizations/proc/4062,2026-08-02,山口県,国・省庁,0
丹羽郡扶桑町役場,1769,,,0,,https://www2.njss.info/organizations/proc/5574,2026-08-02,愛知県,地方公共団体,0
国土交通省(MLIT) 東北地方整備局 新庄河川事務所,1766,,,0,,https://www2.njss.info/organizations/proc/1073,2026-08-02,山形県,国・省庁,0
農林水産省(MAFF) 農林水産技術会議,1766,,,0,,https://www2.njss.info/organizations/proc/1351,2026-08-02,東京都,国・省庁,0
水資源機構 千葉用水総合管理所,1766,,,0,,https://www2.njss.info/organizations/proc/460,2026-08-02,千葉県,国・省庁,0
厚生労働省(MHLW) 宮城労働局,1765,,,0,,https://www2.njss.info/organizations/proc/580,2026-08-02,宮城県,国・省庁,0
石川郡平田村役場,1764,,,0,,https://www2.njss.info/organizations/proc/6873,2026-08-02,福島県,地方公共団体,0
市立旭川病院,1757,,,0,,https://www2.njss.info/organizations/proc/5169,2026-08-02,北海道,地方公共団体,1
香川大学,1756,,,0,,https://www2.njss.info/organizations/proc/5372,2026-08-02,香川県,国・省庁,0
宮若市役所,1754,,,0,,https://www2.njss.info/organizations/proc/5944,2026-08-02,福岡県,地方公共団体,0
防衛省(MOD) 航空自衛隊 奈良基地 幹部候補生学校,1752,,,0,,https://www2.njss.info/organizations/proc/4063,2026-08-02,奈良県,国・省庁,0
下田市役所,1752,,,0,,https://www2.njss.info/organizations/proc/6073,2026-08-02,静岡県,地方公共団体,0
環境省(MOE) 九州地方環境事務所,1746,,,0,,https://www2.njss.info/organizations/proc/753,2026-08-02,熊本県,国・省庁,0
大阪市役所 計画調整局,1741,,,0,,https://www2.njss.info/organizations/proc/1814,2026-08-02,大阪府,地方公共団体,0
美方郡香美町役場,1741,,,0,,https://www2.njss.info/organizations/proc/6254,2026-08-02,兵庫県,地方公共団体,0
小千谷市役所,1738,,,0,,https://www2.njss.info/organizations/proc/5682,2026-08-02,新潟県,地方公共団体,0
西彼杵郡時津町役場,1737,,,0,,https://www2.njss.info/organizations/proc/5829,2026-08-02,長崎県,地方公共団体,0
足柄下郡湯河原町役場,1737,,,0,,https://www2.njss.info/organizations/proc/6033,2026-08-02,神奈川県,地方公共団体,0
新潟県警察本部,1735,,,0,,https://www2.njss.info/organizations/proc/4510,2026-08-02,新潟県,地方公共団体,0
高齢・障害・求職者雇用支援機構 愛知支部,1731,,,0,,https://www2.njss.info/organizations/proc/4432,2026-08-02,愛知県,国・省庁,0
高齢・障害・求職者雇用支援機構 大阪支部,1731,,,0,,https://www2.njss.info/organizations/proc/4433,2026-08-02,大阪府,国・省庁,0
財務省(MOF) 国税庁(NTA) 沖縄国税事務所,1730,,,0,,https://www2.njss.info/organizations/proc/430,2026-08-02,沖縄県,国・省庁,0
防衛省(MOD) 航空自衛隊 府中基地 防空指揮群,1729,,,0,,https://www2.njss.info/organizations/proc/4067,2026-08-02,東京都,国・省庁,0
農林水産省(MAFF) 林野庁(FA) 東北森林管理局 下北森林管理署,1729,,,0,,https://www2.njss.info/organizations/proc/1312,2026-08-02,青森県,国・省庁,0
瑞穂町役場,1728,,,0,,https://www2.njss.info/organizations/proc/4578,2026-08-02,東京都,地方公共団体,0
上伊那郡辰野町役場,1728,,,0,,https://www2.njss.info/organizations/proc/6165,2026-08-02,長野県,地方公共団体,0
国立病院機構 九州グループ 熊本医療センター,1727,,,0,,https://www2.njss.info/organizations/proc/882,2026-08-02,熊本県,国・省庁,0
四條畷市役所,1726,,,0,,https://www2.njss.info/organizations/proc/4616,2026-08-02,大阪府,地方公共団体,0
長野県庁 教育委員会事務局,1724,,,0,,https://www2.njss.info/organizations/proc/4281,2026-08-02,長野県,地方公共団体,0
労働者健康安全機構 香川労災病院,1724,,,0,,https://www2.njss.info/organizations/proc/1485,2026-08-02,香川県,国・省庁,0
鹿児島県警察本部,1721,,,0,,https://www2.njss.info/organizations/proc/4516,2026-08-02,鹿児島県,地方公共団体,0
防衛省(MOD) 防衛装備庁 【［閉鎖］先進技術推進センター】,1719,,,0,,https://www2.njss.info/organizations/proc/40,2026-08-02,東京都,国・省庁,1
国土交通省(MLIT) 気象庁 仙台管区気象台,1717,,,0,,https://www2.njss.info/organizations/proc/517,2026-08-02,宮城県,国・省庁,0
経済産業省(METI) 九州経済産業局,1717,,,0,,https://www2.njss.info/organizations/proc/733,2026-08-02,福岡県,国・省庁,0
鹿島郡中能登町役場,1716,,,0,,https://www2.njss.info/organizations/proc/6457,2026-08-02,石川県,地方公共団体,0
福島県庁 生活環境部,1714,,,0,,https://www2.njss.info/organizations/proc/5557,2026-08-02,福島県,地方公共団体,0
大阪市役所 総務局,1710,,,0,,https://www2.njss.info/organizations/proc/1810,2026-08-02,大阪府,地方公共団体,0
厚生労働省(MHLW) 茨城労働局,1710,,,0,,https://www2.njss.info/organizations/proc/571,2026-08-02,茨城県,国・省庁,0
最高裁判所 東京高等裁判所,1709,,,0,,https://www2.njss.info/organizations/proc/3,2026-08-02,東京都,国・省庁,0
香川県広域水道企業団,1709,,,0,,https://www2.njss.info/organizations/proc/7500,2026-08-02,香川県,地方公共団体,1
国土交通省(MLIT) 東北地方整備局 郡山国道事務所,1707,,,0,,https://www2.njss.info/organizations/proc/1090,2026-08-02,福島県,国・省庁,0
長野県庁 飯田建設事務所,1706,,,0,,https://www2.njss.info/organizations/proc/4299,2026-08-02,長野県,地方公共団体,0
農林水産省(MAFF) 林野庁(FA) 東北森林管理局 青森森林管理署,1702,,,0,,https://www2.njss.info/organizations/proc/1309,2026-08-02,青森県,国・省庁,0
国土交通省(MLIT) 四国地方整備局 中村河川国道事務所,1700,,,0,,https://www2.njss.info/organizations/proc/929,2026-08-02,高知県,国・省庁,0
豊前市役所,1698,,,0,,https://www2.njss.info/organizations/proc/6084,2026-08-02,福岡県,地方公共団体,0
駒ヶ根市役所,1697,,,0,,https://www2.njss.info/organizations/proc/5702,2026-08-02,長野県,地方公共団体,0
国立病院機構 中国四国グループ 福山医療センター,1697,,,0,,https://www2.njss.info/organizations/proc/836,2026-08-02,広島県,国・省庁,0
農林水産省(MAFF) 林野庁(FA) 東北森林管理局 山形森林管理署 最上支署,1696,,,0,,https://www2.njss.info/organizations/proc/1331,2026-08-02,山形県,国・省庁,0
度会郡南伊勢町役場,1691,,,0,,https://www2.njss.info/organizations/proc/6284,2026-08-02,三重県,地方公共団体,0
厚生労働省(MHLW) 岐阜労働局,1690,,,0,,https://www2.njss.info/organizations/proc/566,2026-08-02,岐阜県,国・省庁,0
日の出町役場,1688,,,0,,https://www2.njss.info/organizations/proc/4577,2026-08-02,東京都,地方公共団体,0
厚生労働省(MHLW) 栃木労働局,1687,,,0,,https://www2.njss.info/organizations/proc/596,2026-08-02,栃木県,国・省庁,0
勝浦市役所,1687,,,0,,https://www2.njss.info/organizations/proc/6031,2026-08-02,千葉県,地方公共団体,1
国立病院機構 九州グループ 別府医療センター,1686,,,0,,https://www2.njss.info/organizations/proc/898,2026-08-02,大分県,国・省庁,0
札幌市役所 子ども未来局,1684,,,0,,https://www2.njss.info/organizations/proc/4391,2026-08-02,北海道,地方公共団体,0
海部郡蟹江町役場,1681,,,0,,https://www2.njss.info/organizations/proc/5576,2026-08-02,愛知県,地方公共団体,0
双葉郡浪江町役場,1680,,,0,,https://www2.njss.info/organizations/proc/6141,2026-08-02,福島県,地方公共団体,0
国立病院機構 中国四国グループ 四国がんセンター,1676,,,0,,https://www2.njss.info/organizations/proc/910,2026-08-02,愛媛県,国・省庁,0
玖珠郡玖珠町役場,1676,,,0,,https://www2.njss.info/organizations/proc/6324,2026-08-02,大分県,地方公共団体,0
白石市役所,1673,,,0,,https://www2.njss.info/organizations/proc/4638,2026-08-02,宮城県,地方公共団体,0
秋田県警察本部,1673,,,0,,https://www2.njss.info/organizations/proc/343,2026-08-02,秋田県,地方公共団体,0
三島郡島本町役場,1673,,,0,,https://www2.njss.info/organizations/proc/5568,2026-08-02,大阪府,地方公共団体,0
労働者健康安全機構 和歌山労災病院,1673,,,0,,https://www2.njss.info/organizations/proc/1480,2026-08-02,和歌山県,国・省庁,0
加古郡稲美町役場,1671,,,0,,https://www2.njss.info/organizations/proc/5611,2026-08-02,兵庫県,地方公共団体,0
那覇市役所 上下水道局,1670,,,0,,https://www2.njss.info/organizations/proc/4371,2026-08-02,沖縄県,地方公共団体,0
加美郡加美町役場,1665,,,0,,https://www2.njss.info/organizations/proc/6130,2026-08-02,宮城県,地方公共団体,0
奈良県警察本部,1664,,,0,,https://www2.njss.info/organizations/proc/1650,2026-08-02,奈良県,地方公共団体,0
厚生労働省(MHLW) 三重労働局,1658,,,0,,https://www2.njss.info/organizations/proc/579,2026-08-02,三重県,国・省庁,0
［閉鎖］SK総合住宅サービス協会,1654,,,0,,https://www2.njss.info/organizations/proc/5064,2026-08-02,東京都,国・省庁,1
西脇市役所,1652,,,0,,https://www2.njss.info/organizations/proc/5594,2026-08-02,兵庫県,地方公共団体,0
神奈川県内広域水道企業団,1650,,,0,,https://www2.njss.info/organizations/proc/7324,2026-08-02,神奈川県,地方公共団体,1
糟屋郡篠栗町役場,1648,,,0,,https://www2.njss.info/organizations/proc/5589,2026-08-02,福岡県,地方公共団体,0
国際農林水産業研究センター(JIRCAS),1648,,,0,,https://www2.njss.info/organizations/proc/285,2026-08-02,茨城県,国・省庁,0
中央市役所,1646,,,0,,https://www2.njss.info/organizations/proc/5567,2026-08-02,山梨県,地方公共団体,0
多久市役所,1645,,,0,,https://www2.njss.info/organizations/proc/6093,2026-08-02,佐賀県,地方公共団体,0
内閣府(CAO) 国家公安委員会 警察庁 科学警察研究所,1645,,,0,,https://www2.njss.info/organizations/proc/352,2026-08-02,千葉県,国・省庁,0
国立病院機構 中国四国グループ 東広島医療センター,1644,,,0,,https://www2.njss.info/organizations/proc/846,2026-08-02,広島県,国・省庁,0
上野原市役所,1640,,,0,,https://www2.njss.info/organizations/proc/6159,2026-08-02,山梨県,地方公共団体,0
行方市役所,1639,,,0,,https://www2.njss.info/organizations/proc/5520,2026-08-02,茨城県,地方公共団体,0
東京都中小企業振興公社,1634,,,0,,https://www2.njss.info/organizations/proc/6200,2026-08-02,東京都,国・省庁,0
高齢・障害・求職者雇用支援機構 富山支部,1634,,,0,,https://www2.njss.info/organizations/proc/5807,2026-08-02,富山県,国・省庁,0
伊佐市役所,1633,,,0,,https://www2.njss.info/organizations/proc/6157,2026-08-02,鹿児島県,地方公共団体,0
士別市役所,1631,,,0,,https://www2.njss.info/organizations/proc/6010,2026-08-02,北海道,地方公共団体,1
国立病院機構 北海道東北グループ 仙台医療センター,1630,,,0,,https://www2.njss.info/organizations/proc/776,2026-08-02,宮城県,国・省庁,0
松浦市役所,1629,,,0,,https://www2.njss.info/organizations/proc/6096,2026-08-02,長崎県,地方公共団体,0
内閣府(CAO) 国家公安委員会 警察庁 皇宮警察本部,1627,,,0,,https://www2.njss.info/organizations/proc/342,2026-08-02,東京都,国・省庁,0
阿蘇郡南阿蘇村役場,1626,,,0,,https://www2.njss.info/organizations/proc/6316,2026-08-02,熊本県,地方公共団体,0
JKA〈Japan keirin Autorace foundation〉,1624,,,0,,https://www2.njss.info/organizations/proc/1306,2026-08-02,東京都,国・省庁,1
上北郡東北町役場,1623,,,0,,https://www2.njss.info/organizations/proc/6375,2026-08-02,青森県,地方公共団体,0
国土交通省(MLIT) 四国地方整備局 高知河川国道事務所,1622,,,0,,https://www2.njss.info/organizations/proc/928,2026-08-02,高知県,国・省庁,0
榛原郡吉田町役場,1620,,,0,,https://www2.njss.info/organizations/proc/5677,2026-08-02,静岡県,地方公共団体,0
東海国立大学機構 岐阜大学,1619,,,0,,https://www2.njss.info/organizations/proc/5369,2026-08-02,岐阜県,国立大学,0
東伯郡琴浦町役場,1619,,,0,,https://www2.njss.info/organizations/proc/6450,2026-08-02,鳥取県,地方公共団体,0
財務省(MOF) 国税庁(NTA) 税務大学校,1609,,,0,,https://www2.njss.info/organizations/proc/429,2026-08-02,埼玉県,国・省庁,0
日本赤十字社 和歌山医療センター,1605,,,0,,https://www2.njss.info/organizations/proc/1261,2026-08-02,和歌山県,国・省庁,0
寒河江市役所,1604,,,0,,https://www2.njss.info/organizations/proc/5621,2026-08-02,山形県,地方公共団体,0
経済産業省(METI) 中小企業庁,1602,,,0,,https://www2.njss.info/organizations/proc/739,2026-08-02,東京都,国・省庁,0
大沼郡会津美里町役場,1601,,,0,,https://www2.njss.info/organizations/proc/6156,2026-08-02,福島県,地方公共団体,0
大竹市役所,1599,,,0,,https://www2.njss.info/organizations/proc/6178,2026-08-02,広島県,地方公共団体,0
員弁郡東員町役場,1598,,,0,,https://www2.njss.info/organizations/proc/6079,2026-08-02,三重県,地方公共団体,0
国立病院機構 北海道東北グループ 北海道がんセンター,1597,,,0,,https://www2.njss.info/organizations/proc/762,2026-08-02,北海道,国・省庁,0
最高裁判所 高松高等裁判所 高知地方裁判所,1596,,,0,,https://www2.njss.info/organizations/proc/3983,2026-08-02,高知県,国・省庁,0
厚生労働省(MHLW) 鹿児島労働局,1595,,,0,,https://www2.njss.info/organizations/proc/574,2026-08-02,鹿児島県,国・省庁,0
厚生労働省(MHLW) 山形労働局,1587,,,0,,https://www2.njss.info/organizations/proc/601,2026-08-02,山形県,国・省庁,0
労働者健康安全機構 千葉労災病院,1585,,,0,,https://www2.njss.info/organizations/proc/1468,2026-08-02,千葉県,国・省庁,0
内閣府(CAO) 沖縄総合事務局 南部国道事務所,1581,,,0,,https://www2.njss.info/organizations/proc/7085,2026-08-02,沖縄県,国・省庁,0
二戸市役所,1575,,,0,,https://www2.njss.info/organizations/proc/6125,2026-08-02,岩手県,地方公共団体,0
宮古島市役所,1573,,,0,,https://www2.njss.info/organizations/proc/5053,2026-08-02,沖縄県,地方公共団体,0
上益城郡甲佐町役場,1572,,,0,,https://www2.njss.info/organizations/proc/6319,2026-08-02,熊本県,地方公共団体,0
厚生労働省(MHLW) 国立療養所菊池恵楓園,1570,,,0,,https://www2.njss.info/organizations/proc/671,2026-08-02,熊本県,国・省庁,0
安芸高田市役所,1562,,,0,,https://www2.njss.info/organizations/proc/5756,2026-08-02,広島県,地方公共団体,0
防衛省(MOD) 航空自衛隊 防府北基地 第12飛行教育団,1562,,,0,,https://www2.njss.info/organizations/proc/4061,2026-08-02,山口県,国・省庁,0
防衛省(MOD) 防衛装備庁 千歳試験場,1560,,,0,,https://www2.njss.info/organizations/proc/44,2026-08-02,北海道,国・省庁,0
西伯郡大山町役場,1558,,,0,,https://www2.njss.info/organizations/proc/6448,2026-08-02,鳥取県,地方公共団体,0
薩摩郡さつま町役場,1555,,,0,,https://www2.njss.info/organizations/proc/6120,2026-08-02,鹿児島県,地方公共団体,0
境港市役所,1555,,,0,,https://www2.njss.info/organizations/proc/5731,2026-08-02,鳥取県,地方公共団体,0
国土交通省(MLIT) 四国地方整備局 那賀川河川事務所,1554,,,0,,https://www2.njss.info/organizations/proc/918,2026-08-02,徳島県,国・省庁,0
仙北市役所,1552,,,0,,https://www2.njss.info/organizations/proc/6134,2026-08-02,秋田県,地方公共団体,0
国立病院機構 関東信越グループ 高崎総合医療センター,1552,,,0,,https://www2.njss.info/organizations/proc/816,2026-08-02,群馬県,国・省庁,0
中間市役所,1548,,,0,,https://www2.njss.info/organizations/proc/5581,2026-08-02,福岡県,地方公共団体,0
土佐市役所,1547,,,0,,https://www2.njss.info/organizations/proc/6193,2026-08-02,高知県,地方公共団体,0
国土交通省(MLIT) 近畿地方整備局 淀川河川事務所,1545,,,0,,https://www2.njss.info/organizations/proc/979,2026-08-02,大阪府,国・省庁,0
国土交通省(MLIT) 九州運輸局,1545,,,0,,https://www2.njss.info/organizations/proc/539,2026-08-02,福岡県,国・省庁,1
玖珠郡九重町役場,1545,,,0,,https://www2.njss.info/organizations/proc/6325,2026-08-02,大分県,地方公共団体,0
国立病院機構 関東信越グループ 東京病院,1545,,,0,,https://www2.njss.info/organizations/proc/867,2026-08-02,東京都,国・省庁,0
上北郡七戸町役場,1545,,,0,,https://www2.njss.info/organizations/proc/6377,2026-08-02,青森県,地方公共団体,0
佐波郡玉村町役場,1538,,,0,,https://www2.njss.info/organizations/proc/5530,2026-08-02,群馬県,地方公共団体,0
労働者健康安全機構 青森労災病院,1538,,,0,,https://www2.njss.info/organizations/proc/1463,2026-08-02,青森県,国・省庁,0
高齢・障害・求職者雇用支援機構 埼玉支部,1537,,,0,,https://www2.njss.info/organizations/proc/5801,2026-08-02,埼玉県,国・省庁,0
新潟市民病院,1535,,,0,,https://www2.njss.info/organizations/proc/5153,2026-08-02,新潟県,地方公共団体,1
理化学研究所 計算科学研究センター,1535,,,0,,https://www2.njss.info/organizations/proc/4694,2026-08-02,兵庫県,国・省庁,0
厚生労働省(MHLW) 群馬労働局,1534,,,0,,https://www2.njss.info/organizations/proc/567,2026-08-02,群馬県,国・省庁,0
環境省(MOE) 東北地方環境事務所,1533,,,0,,https://www2.njss.info/organizations/proc/754,2026-08-02,宮城県,国・省庁,0
紀の川市役所,1533,,,0,,https://www2.njss.info/organizations/proc/4882,2026-08-02,和歌山県,地方公共団体,0
滝沢市役所,1532,,,0,,https://www2.njss.info/organizations/proc/5932,2026-08-02,岩手県,地方公共団体,0
奈良県広域消防組合,1531,,,0,,https://www2.njss.info/organizations/proc/7882,2026-08-02,奈良県,地方公共団体,0
南巨摩郡富士川町役場,1531,,,0,,https://www2.njss.info/organizations/proc/6475,2026-08-02,山梨県,地方公共団体,0
農林水産省(MAFF) 林野庁(FA) 北海道森林管理局 石狩森林管理署,1527,,,0,,https://www2.njss.info/organizations/proc/1354,2026-08-02,北海道,国・省庁,0
名寄市役所,1522,,,0,,https://www2.njss.info/organizations/proc/5941,2026-08-02,北海道,地方公共団体,0
国土交通省(MLIT) 北陸地方整備局 金沢河川国道事務所,1519,,,0,,https://www2.njss.info/organizations/proc/945,2026-08-02,石川県,国・省庁,0
岩手中部水道企業団,1517,,,0,,https://www2.njss.info/organizations/proc/7404,2026-08-02,岩手県,地方公共団体,1
福岡北九州高速道路公社,1514,,,0,,https://www2.njss.info/organizations/proc/6100,2026-08-02,福岡県,地方公共団体,1
上伊那郡南箕輪村役場,1511,,,0,,https://www2.njss.info/organizations/proc/6469,2026-08-02,長野県,地方公共団体,0
木田郡三木町役場,1511,,,0,,https://www2.njss.info/organizations/proc/6187,2026-08-02,香川県,地方公共団体,0
名取市役所,1510,,,0,,https://www2.njss.info/organizations/proc/4633,2026-08-02,宮城県,地方公共団体,0
国立病院機構 関東信越グループ 水戸医療センター,1509,,,0,,https://www2.njss.info/organizations/proc/796,2026-08-02,茨城県,国・省庁,0
吾川郡仁淀川町役場,1507,,,0,,https://www2.njss.info/organizations/proc/7064,2026-08-02,高知県,地方公共団体,0
厚生労働省(MHLW) 岡山労働局,1507,,,0,,https://www2.njss.info/organizations/proc/587,2026-08-02,岡山県,国・省庁,0
金沢大学,1505,,,0,,https://www2.njss.info/organizations/proc/5393,2026-08-02,石川県,国・省庁,0
内閣府(CAO) 公正取引委員会,1505,,,0,,https://www2.njss.info/organizations/proc/355,2026-08-02,東京都,国・省庁,0
国立病院機構 九州グループ 福岡東医療センター,1504,,,0,,https://www2.njss.info/organizations/proc/833,2026-08-02,福岡県,国・省庁,0
東田川郡庄内町役場,1502,,,0,,https://www2.njss.info/organizations/proc/6140,2026-08-02,山形県,地方公共団体,0
福岡県住宅供給公社,1501,,,0,,https://www2.njss.info/organizations/proc/4376,2026-08-02,福岡県,地方公共団体,1
駿東郡小山町役場,1500,,,0,,https://www2.njss.info/organizations/proc/6074,2026-08-02,静岡県,地方公共団体,0
国立病院機構 九州グループ 嬉野医療センター,1499,,,0,,https://www2.njss.info/organizations/proc/864,2026-08-02,佐賀県,国・省庁,0
長野県庁 企業局,1498,,,0,,https://www2.njss.info/organizations/proc/4280,2026-08-02,長野県,地方公共団体,0
最高裁判所 広島高等裁判所 鳥取地方裁判所,1497,,,0,,https://www2.njss.info/organizations/proc/3957,2026-08-02,鳥取県,国・省庁,0
上伊那郡箕輪町役場,1496,,,0,,https://www2.njss.info/organizations/proc/6162,2026-08-02,長野県,地方公共団体,0
全国健康保険協会 宮城支部,1492,,,0,,https://www2.njss.info/organizations/proc/1592,2026-08-02,宮城県,国・省庁,0
八戸圏域水道企業団,1488,,,0,,https://www2.njss.info/organizations/proc/7408,2026-08-02,青森県,地方公共団体,1
労働者健康安全機構 山陰労災病院,1483,,,0,,https://www2.njss.info/organizations/proc/1481,2026-08-02,鳥取県,国・省庁,0
石狩市役所,1482,,,0,,https://www2.njss.info/organizations/proc/4943,2026-08-02,北海道,地方公共団体,0
高齢・障害・求職者雇用支援機構 宮崎支部,1482,,,0,,https://www2.njss.info/organizations/proc/4416,2026-08-02,宮崎県,国・省庁,0
国土交通省(MLIT) 航空保安大学校,1481,,,0,,https://www2.njss.info/organizations/proc/1106,2026-08-02,大阪府,国・省庁,0
全国健康保険協会 福島支部,1479,,,0,,https://www2.njss.info/organizations/proc/1595,2026-08-02,福島県,国・省庁,0
厚生労働省(MHLW) 横浜検疫所,1479,,,0,,https://www2.njss.info/organizations/proc/713,2026-08-02,神奈川県,国・省庁,0
農林水産省(MAFF) 林野庁(FA) 東北森林管理局 岩手南部森林管理署,1478,,,0,,https://www2.njss.info/organizations/proc/1316,2026-08-02,岩手県,国・省庁,0
厚生労働省(MHLW) 国立療養所星塚敬愛園,1478,,,0,,https://www2.njss.info/organizations/proc/670,2026-08-02,鹿児島県,国・省庁,0
内閣府(CAO) 沖縄総合事務局 那覇港湾・空港整備事務所,1477,,,0,,https://www2.njss.info/organizations/proc/7087,2026-08-02,沖縄県,国・省庁,0
下閉伊郡山田町役場,1472,,,0,,https://www2.njss.info/organizations/proc/6390,2026-08-02,岩手県,地方公共団体,0
揖斐郡池田町役場,1471,,,0,,https://www2.njss.info/organizations/proc/6066,2026-08-02,岐阜県,地方公共団体,0
国立病院機構 近畿グループ 大阪南医療センター,1466,,,0,,https://www2.njss.info/organizations/proc/868,2026-08-02,大阪府,国・省庁,0
久遠郡せたな町役場,1466,,,0,,https://www2.njss.info/organizations/proc/6650,2026-08-02,北海道,地方公共団体,0
国立健康危機管理研究機構(JIHS),1459,,,0,,https://www2.njss.info/organizations/proc/9780,2026-08-02,東京都,国・省庁,0
財務省(MOF) 長崎税関,1459,,,0,,https://www2.njss.info/organizations/proc/405,2026-08-02,長崎県,国・省庁,0
国土交通省(MLIT) 北海道運輸局,1457,,,0,,https://www2.njss.info/organizations/proc/534,2026-08-02,北海道,国・省庁,1
奈良市役所 企業局,1454,,,0,,https://www2.njss.info/organizations/proc/4381,2026-08-02,奈良県,地方公共団体,0
南都留郡富士河口湖町役場,1454,,,0,,https://www2.njss.info/organizations/proc/6160,2026-08-02,山梨県,地方公共団体,0
三浦郡葉山町役場,1448,,,0,,https://www2.njss.info/organizations/proc/5549,2026-08-02,神奈川県,地方公共団体,0
揖斐郡大野町役場,1448,,,0,,https://www2.njss.info/organizations/proc/6067,2026-08-02,岐阜県,地方公共団体,0
労働者健康安全機構 中部労災病院,1446,,,0,,https://www2.njss.info/organizations/proc/1476,2026-08-02,愛知県,国・省庁,0
養父市役所,1444,,,0,,https://www2.njss.info/organizations/proc/6038,2026-08-02,兵庫県,地方公共団体,0
国土交通省(MLIT) 近畿地方整備局 福井河川国道事務所,1444,,,0,,https://www2.njss.info/organizations/proc/960,2026-08-02,福井県,国・省庁,0
国立科学博物館,1443,,,0,,https://www2.njss.info/organizations/proc/224,2026-08-02,東京都,国・省庁,0
環境省(MOE) 北海道地方環境事務所 釧路自然環境事務所,1442,,,0,,https://www2.njss.info/organizations/proc/748,2026-08-02,北海道,国・省庁,0
警視庁,1439,,,0,,https://www2.njss.info/organizations/proc/4506,2026-08-02,東京都,地方公共団体,0
西松浦郡有田町役場,1438,,,0,,https://www2.njss.info/organizations/proc/6094,2026-08-02,佐賀県,地方公共団体,0
河北郡内灘町役場,1437,,,0,,https://www2.njss.info/organizations/proc/6166,2026-08-02,石川県,地方公共団体,0
北海道庁 根室振興局,1437,,,0,,https://www2.njss.info/organizations/proc/7446,2026-08-02,北海道,地方公共団体,0
厚生労働省(MHLW) 岩手労働局,1435,,,0,,https://www2.njss.info/organizations/proc/572,2026-08-02,岩手県,国・省庁,0
厚生労働省(MHLW) 宮崎労働局,1435,,,0,,https://www2.njss.info/organizations/proc/581,2026-08-02,宮崎県,国・省庁,0
遠田郡美里町役場,1435,,,0,,https://www2.njss.info/organizations/proc/6131,2026-08-02,宮城県,地方公共団体,0
尾鷲市役所,1432,,,0,,https://www2.njss.info/organizations/proc/6082,2026-08-02,三重県,地方公共団体,0
大阪市役所 東成区役所,1431,,,0,,https://www2.njss.info/organizations/proc/1858,2026-08-02,大阪府,地方公共団体,0
北海道庁 上川総合振興局,1430,,,0,,https://www2.njss.info/organizations/proc/7440,2026-08-02,北海道,地方公共団体,0
中新川郡上市町役場,1429,,,0,,https://www2.njss.info/organizations/proc/6172,2026-08-02,富山県,地方公共団体,0
神埼市役所,1429,,,0,,https://www2.njss.info/organizations/proc/5821,2026-08-02,佐賀県,地方公共団体,0
白岡市役所,1426,,,0,,https://www2.njss.info/organizations/proc/5934,2026-08-02,埼玉県,地方公共団体,0
国立病院機構 東海北陸グループ 静岡医療センター,1425,,,0,,https://www2.njss.info/organizations/proc/888,2026-08-02,静岡県,国・省庁,0
紋別郡遠軽町役場,1424,,,0,,https://www2.njss.info/organizations/proc/6009,2026-08-02,北海道,地方公共団体,0
地域医療機能推進機構(JCHO) 九州病院,1422,,,0,,https://www2.njss.info/organizations/proc/7195,2026-08-02,福岡県,国・省庁,0
横浜国立大学,1420,,,0,,https://www2.njss.info/organizations/proc/5378,2026-08-02,神奈川県,国立大学,0
国土交通省(MLIT) 国土技術政策総合研究所 横須賀庁舎,1420,,,0,,https://www2.njss.info/organizations/proc/508,2026-08-02,神奈川県,国・省庁,0
最高裁判所 札幌高等裁判所 旭川地方裁判所,1419,,,0,,https://www2.njss.info/organizations/proc/3978,2026-08-02,北海道,国・省庁,0
国立病院機構 九州グループ 鹿児島医療センター,1419,,,0,,https://www2.njss.info/organizations/proc/894,2026-08-02,鹿児島県,国・省庁,0
自然科学研究機構 核融合科学研究所(NIFS),1418,,,0,,https://www2.njss.info/organizations/proc/4443,2026-08-02,岐阜県,国・省庁,1
国土交通省(MLIT) 気象庁 福岡管区気象台,1417,,,0,,https://www2.njss.info/organizations/proc/512,2026-08-02,福岡県,国・省庁,0
厚生労働省(MHLW) 山口労働局,1415,,,0,,https://www2.njss.info/organizations/proc/602,2026-08-02,山口県,国・省庁,0
工業所有権情報・研修館(INPIT),1415,,,0,,https://www2.njss.info/organizations/proc/720,2026-08-02,東京都,国・省庁,0
日本赤十字社 成田赤十字病院,1414,,,0,,https://www2.njss.info/organizations/proc/1226,2026-08-02,千葉県,国・省庁,0
大川市役所,1413,,,0,,https://www2.njss.info/organizations/proc/5580,2026-08-02,福岡県,地方公共団体,0
農林水産省(MAFF) 林野庁(FA) 東北森林管理局 米代西部森林管理署,1411,,,0,,https://www2.njss.info/organizations/proc/1325,2026-08-02,秋田県,国・省庁,0
国土交通省(MLIT) 東北地方整備局 磐城国道事務所,1410,,,0,,https://www2.njss.info/organizations/proc/1091,2026-08-02,福島県,国・省庁,0
邑智郡邑南町役場,1410,,,0,,https://www2.njss.info/organizations/proc/6440,2026-08-02,島根県,地方公共団体,0
労働者健康安全機構 東北労災病院,1407,,,0,,https://www2.njss.info/organizations/proc/1464,2026-08-02,宮城県,国・省庁,0
国立病院機構 関東信越グループ 埼玉病院,1404,,,0,,https://www2.njss.info/organizations/proc/835,2026-08-02,埼玉県,国・省庁,0
防衛省(MOD) 防衛装備庁 【［閉鎖］次世代装備研究所】,1403,,,0,,https://www2.njss.info/organizations/proc/7850,2026-08-02,東京都,国・省庁,1
広島市立大学,1401,,,0,,https://www2.njss.info/organizations/proc/4358,2026-08-02,広島県,国・省庁,0
労働者健康安全機構 東京労災病院,1401,,,0,,https://www2.njss.info/organizations/proc/1469,2026-08-02,東京都,国・省庁,0
防衛省(MOD) 陸上自衛隊 前川原駐屯地 幹部候補生学校,1398,,,0,,https://www2.njss.info/organizations/proc/4027,2026-08-02,福岡県,国・省庁,0
労働政策研究・研修機構(JILPT),1396,,,0,,https://www2.njss.info/organizations/proc/607,2026-08-02,東京都,国・省庁,0
南巨摩郡身延町役場,1396,,,0,,https://www2.njss.info/organizations/proc/6474,2026-08-02,山梨県,地方公共団体,0
男鹿市役所,1393,,,0,,https://www2.njss.info/organizations/proc/5506,2026-08-02,秋田県,地方公共団体,0
世羅郡世羅町役場,1389,,,0,,https://www2.njss.info/organizations/proc/6531,2026-08-02,広島県,地方公共団体,0
奈良県庁 総務部,1388,,,0,,https://www2.njss.info/organizations/proc/4795,2026-08-02,奈良県,地方公共団体,0
厚生労働省(MHLW) 長崎労働局,1388,,,0,,https://www2.njss.info/organizations/proc/583,2026-08-02,長崎県,国・省庁,0
国立病院機構 中国四国グループ 四国こどもとおとなの医療センター,1384,,,0,,https://www2.njss.info/organizations/proc/909,2026-08-02,香川県,国・省庁,0
厚生労働省(MHLW) 青森労働局,1381,,,0,,https://www2.njss.info/organizations/proc/560,2026-08-02,青森県,国・省庁,0
全国健康保険協会 東京支部,1379,,,0,,https://www2.njss.info/organizations/proc/1601,2026-08-02,東京都,国・省庁,0
奈良県庁 地域創造部,1378,,,0,,https://www2.njss.info/organizations/proc/4796,2026-08-02,奈良県,地方公共団体,0
長野県住宅供給公社,1377,,,0,,https://www2.njss.info/organizations/proc/7453,2026-08-02,長野県,地方公共団体,1
えびの市役所,1376,,,0,,https://www2.njss.info/organizations/proc/6117,2026-08-02,宮崎県,地方公共団体,0
環境省(MOE) 九州地方環境事務所 沖縄奄美自然環境事務所,1375,,,0,,https://www2.njss.info/organizations/proc/752,2026-08-02,沖縄県,国・省庁,0
農林水産省(MAFF) 林野庁(FA) 北海道森林管理局 網走南部森林管理署,1372,,,0,,https://www2.njss.info/organizations/proc/1369,2026-08-02,北海道,国・省庁,0
札幌市役所 北区役所,1371,,,0,,https://www2.njss.info/organizations/proc/4399,2026-08-02,北海道,地方公共団体,0
長野県立病院機構,1369,,,0,,https://www2.njss.info/organizations/proc/4282,2026-08-02,長野県,地方公共団体,1
厚生労働省(MHLW) 国立療養所沖縄愛楽園,1365,,,0,,https://www2.njss.info/organizations/proc/664,2026-08-02,沖縄県,国・省庁,0
仙北郡美郷町役場,1365,,,0,,https://www2.njss.info/organizations/proc/6136,2026-08-02,秋田県,地方公共団体,0
大阪市役所 中央区役所,1364,,,0,,https://www2.njss.info/organizations/proc/1855,2026-08-02,大阪府,地方公共団体,0
労働者健康安全機構 九州労災病院,1360,,,0,,https://www2.njss.info/organizations/proc/1487,2026-08-02,福岡県,国・省庁,0
国立病院機構 東海北陸グループ 長良医療センター,1359,,,0,,https://www2.njss.info/organizations/proc/874,2026-08-02,岐阜県,国・省庁,0
遠賀郡芦屋町役場,1358,,,0,,https://www2.njss.info/organizations/proc/6299,2026-08-02,福岡県,地方公共団体,0
名古屋工業大学,1358,,,0,,https://www2.njss.info/organizations/proc/5353,2026-08-02,愛知県,国・省庁,0
静岡県住宅供給公社,1358,,,0,,https://www2.njss.info/organizations/proc/4644,2026-08-02,静岡県,地方公共団体,1
高齢・障害・求職者雇用支援機構 岡山支部,1356,,,0,,https://www2.njss.info/organizations/proc/5859,2026-08-02,岡山県,国・省庁,0
国土交通省(MLIT) 近畿運輸局,1355,,,0,,https://www2.njss.info/organizations/proc/536,2026-08-02,大阪府,国・省庁,0
国土交通省(MLIT) 東北運輸局,1354,,,0,,https://www2.njss.info/organizations/proc/542,2026-08-02,宮城県,国・省庁,0
京都市役所 環境政策局,1354,,,0,,https://www2.njss.info/organizations/proc/4184,2026-08-02,京都府,地方公共団体,0
日本赤十字社 東海北陸ブロック血液センター,1352,,,0,,https://www2.njss.info/organizations/proc/4962,2026-08-02,愛知県,国・省庁,0
有田郡有田川町役場,1351,,,0,,https://www2.njss.info/organizations/proc/6044,2026-08-02,和歌山県,地方公共団体,0
預金保険機構(DICJ),1350,,,0,,https://www2.njss.info/organizations/proc/437,2026-08-02,東京都,国・省庁,0
東京都立病院機構,1349,,,0,,https://www2.njss.info/organizations/proc/8102,2026-08-02,東京都,地方公共団体,0
枕崎市役所,1347,,,0,,https://www2.njss.info/organizations/proc/6121,2026-08-02,鹿児島県,地方公共団体,0
那須郡那珂川町役場,1345,,,0,,https://www2.njss.info/organizations/proc/6207,2026-08-02,栃木県,地方公共団体,0
東京農工大学,1343,,,0,,https://www2.njss.info/organizations/proc/257,2026-08-02,東京都,国・省庁,0
厚生労働省(MHLW) 滋賀労働局,1342,,,0,,https://www2.njss.info/organizations/proc/593,2026-08-02,滋賀県,国・省庁,0
高齢・障害・求職者雇用支援機構 北海道支部,1341,,,0,,https://www2.njss.info/organizations/proc/5765,2026-08-02,北海道,国・省庁,0
曽於郡大崎町役場,1339,,,0,,https://www2.njss.info/organizations/proc/6335,2026-08-02,鹿児島県,地方公共団体,0
厚生労働省(MHLW) 秋田労働局,1338,,,0,,https://www2.njss.info/organizations/proc/559,2026-08-02,秋田県,国・省庁,0
厚生労働省(MHLW) 石川労働局,1338,,,0,,https://www2.njss.info/organizations/proc/589,2026-08-02,石川県,国・省庁,0
厚生労働省(MHLW) 大分労働局,1334,,,0,,https://www2.njss.info/organizations/proc/586,2026-08-02,大分県,国・省庁,0
足柄上郡開成町役場,1333,,,0,,https://www2.njss.info/organizations/proc/6238,2026-08-02,神奈川県,地方公共団体,0
全国健康保険協会 大阪支部,1330,,,0,,https://www2.njss.info/organizations/proc/1615,2026-08-02,大阪府,国・省庁,0
豊明市役所,1327,,,0,,https://www2.njss.info/organizations/proc/4836,2026-08-02,愛知県,地方公共団体,0
北蒲原郡聖籠町役場,1327,,,0,,https://www2.njss.info/organizations/proc/6481,2026-08-02,新潟県,地方公共団体,0
津久見市役所,1326,,,0,,https://www2.njss.info/organizations/proc/6323,2026-08-02,大分県,地方公共団体,0
海南市役所,1325,,,0,,https://www2.njss.info/organizations/proc/4883,2026-08-02,和歌山県,地方公共団体,0
丹羽郡大口町役場,1325,,,0,,https://www2.njss.info/organizations/proc/6077,2026-08-02,愛知県,地方公共団体,0
高齢・障害・求職者雇用支援機構 千葉支部,1325,,,0,,https://www2.njss.info/organizations/proc/5802,2026-08-02,千葉県,国・省庁,0
厚生労働省(MHLW) 沖縄労働局,1324,,,0,,https://www2.njss.info/organizations/proc/588,2026-08-02,沖縄県,国・省庁,0
宇陀市役所,1322,,,0,,https://www2.njss.info/organizations/proc/5728,2026-08-02,奈良県,地方公共団体,0
日本赤十字社 福井赤十字病院,1322,,,0,,https://www2.njss.info/organizations/proc/1235,2026-08-02,福井県,国・省庁,0
国土交通省(MLIT) 四国地方整備局 四国山地砂防事務所,1320,,,0,,https://www2.njss.info/organizations/proc/919,2026-08-02,徳島県,国・省庁,0
公立大学法人大阪 大阪公立大学 【［閉鎖］大阪市立大学】,1319,,,0,,https://www2.njss.info/organizations/proc/1827,2026-08-02,大阪府,国・省庁,1
国立病院機構 東海北陸グループ 三重中央医療センター,1316,,,0,,https://www2.njss.info/organizations/proc/800,2026-08-02,三重県,国・省庁,0
厚生労働省(MHLW) 福島労働局,1316,,,0,,https://www2.njss.info/organizations/proc/565,2026-08-02,福島県,国・省庁,0
国立病院機構 関東信越グループ 相模原病院,1315,,,0,,https://www2.njss.info/organizations/proc/794,2026-08-02,神奈川県,国・省庁,0
防衛省(MOD) 陸上自衛隊 教育訓練研究本部,1314,,,0,,https://www2.njss.info/organizations/proc/7688,2026-08-02,東京都,国・省庁,0
内閣府(CAO) 沖縄総合事務局 北部国道事務所,1314,,,0,,https://www2.njss.info/organizations/proc/7086,2026-08-02,沖縄県,国・省庁,0
東御市役所,1313,,,0,,https://www2.njss.info/organizations/proc/5704,2026-08-02,長野県,地方公共団体,0
高萩市役所,1313,,,0,,https://www2.njss.info/organizations/proc/5510,2026-08-02,茨城県,地方公共団体,0
高齢・障害・求職者雇用支援機構 京都支部,1313,,,0,,https://www2.njss.info/organizations/proc/5850,2026-08-02,京都府,国・省庁,0
浜松医科大学,1309,,,0,,https://www2.njss.info/organizations/proc/5392,2026-08-02,静岡県,国・省庁,0
都留市役所,1304,,,0,,https://www2.njss.info/organizations/proc/5562,2026-08-02,山梨県,地方公共団体,0
厚生労働省(MHLW) 佐賀労働局,1301,,,0,,https://www2.njss.info/organizations/proc/591,2026-08-02,佐賀県,国・省庁,0
防衛省(MOD) 東海防衛支局,1301,,,0,,https://www2.njss.info/organizations/proc/31,2026-08-02,愛知県,国・省庁,0
築上郡築上町役場,1300,,,0,,https://www2.njss.info/organizations/proc/6295,2026-08-02,福岡県,地方公共団体,0
糟屋郡新宮町役場,1296,,,0,,https://www2.njss.info/organizations/proc/6087,2026-08-02,福岡県,地方公共団体,0
厚生労働省(MHLW) 愛媛労働局,1293,,,0,,https://www2.njss.info/organizations/proc/562,2026-08-02,愛媛県,国・省庁,0
糟屋郡粕屋町役場,1292,,,0,,https://www2.njss.info/organizations/proc/5591,2026-08-02,福岡県,地方公共団体,0
芦別市役所,1292,,,0,,https://www2.njss.info/organizations/proc/6357,2026-08-02,北海道,地方公共団体,0
国立病院機構 九州グループ 都城医療センター,1292,,,0,,https://www2.njss.info/organizations/proc/899,2026-08-02,宮崎県,国・省庁,0
国立病院機構 九州グループ 小倉医療センター,1291,,,0,,https://www2.njss.info/organizations/proc/795,2026-08-02,福岡県,国・省庁,0
上川郡美瑛町役場,1290,,,0,,https://www2.njss.info/organizations/proc/6368,2026-08-02,北海道,地方公共団体,0
国土交通省(MLIT) 東北地方整備局 北上川ダム統合管理事務所,1287,,,0,,https://www2.njss.info/organizations/proc/1070,2026-08-02,岩手県,国・省庁,0
中央職業能力開発協会(JAVADA),1286,,,0,,https://www2.njss.info/organizations/proc/1289,2026-08-02,東京都,国・省庁,1
仙台市役所 交通局,1285,,,0,,https://www2.njss.info/organizations/proc/4350,2026-08-02,宮城県,地方公共団体,0
北葛飾郡杉戸町役場,1284,,,0,,https://www2.njss.info/organizations/proc/5539,2026-08-02,埼玉県,地方公共団体,0
群馬東部水道企業団,1283,,,0,,https://www2.njss.info/organizations/proc/7317,2026-08-02,群馬県,地方公共団体,0
農林水産省(MAFF) 林野庁(FA) 東北森林管理局 仙台森林管理署,1283,,,0,,https://www2.njss.info/organizations/proc/1322,2026-08-02,宮城県,国・省庁,0
国土交通省(MLIT) 九州地方整備局 筑後川河川事務所,1283,,,0,,https://www2.njss.info/organizations/proc/1046,2026-08-02,福岡県,国・省庁,0
北諸県郡三股町役場,1282,,,0,,https://www2.njss.info/organizations/proc/6115,2026-08-02,宮崎県,地方公共団体,0
軽自動車検査協会,1276,,,0,,https://www2.njss.info/organizations/proc/1287,2026-08-02,東京都,国・省庁,1
経済産業省(METI) 中国経済産業局,1275,,,0,,https://www2.njss.info/organizations/proc/4385,2026-08-02,広島県,国・省庁,0
東伯郡北栄町役場,1274,,,0,,https://www2.njss.info/organizations/proc/6446,2026-08-02,鳥取県,地方公共団体,0
国立病院機構 中国四国グループ 高知病院,1273,,,0,,https://www2.njss.info/organizations/proc/912,2026-08-02,高知県,国・省庁,0
足寄郡足寄町役場,1272,,,0,,https://www2.njss.info/organizations/proc/6664,2026-08-02,北海道,地方公共団体,0
砂川市役所,1272,,,0,,https://www2.njss.info/organizations/proc/6352,2026-08-02,北海道,地方公共団体,0
国立病院機構 近畿グループ 姫路医療センター,1272,,,0,,https://www2.njss.info/organizations/proc/872,2026-08-02,兵庫県,国・省庁,0
法務省(MOJ) 東京法務局,1272,,,0,,https://www2.njss.info/organizations/proc/135,2026-08-02,東京都,国・省庁,0
加古郡播磨町役場,1270,,,0,,https://www2.njss.info/organizations/proc/5612,2026-08-02,兵庫県,地方公共団体,0
羽島郡岐南町役場,1270,,,0,,https://www2.njss.info/organizations/proc/6068,2026-08-02,岐阜県,地方公共団体,0
高齢・障害・求職者雇用支援機構 東京支部,1269,,,0,,https://www2.njss.info/organizations/proc/7135,2026-08-02,東京都,国・省庁,0
労働者健康安全機構 熊本労災病院,1268,,,0,,https://www2.njss.info/organizations/proc/1490,2026-08-02,熊本県,国・省庁,0
熊毛郡南種子町役場,1267,,,0,,https://www2.njss.info/organizations/proc/6721,2026-08-02,鹿児島県,地方公共団体,0
環境再生保全機構(ERCA),1265,,,0,,https://www2.njss.info/organizations/proc/742,2026-08-02,神奈川県,国・省庁,0
水資源機構 利根導水総合管理所,1264,,,0,,https://www2.njss.info/organizations/proc/465,2026-08-02,埼玉県,国・省庁,0
国土交通省(MLIT) 気象庁 大阪管区気象台,1263,,,0,,https://www2.njss.info/organizations/proc/515,2026-08-02,大阪府,国・省庁,0
国立病院機構 九州グループ 佐賀病院,1262,,,0,,https://www2.njss.info/organizations/proc/839,2026-08-02,佐賀県,国・省庁,0
浦河郡浦河町役場,1257,,,0,,https://www2.njss.info/organizations/proc/6361,2026-08-02,北海道,地方公共団体,0
長岡技術科学大学,1255,,,0,,https://www2.njss.info/organizations/proc/5349,2026-08-02,新潟県,国・省庁,0
南三陸町役場,1255,,,0,,https://www2.njss.info/organizations/proc/4912,2026-08-02,宮城県,地方公共団体,0
京都市役所 都市計画局,1254,,,0,,https://www2.njss.info/organizations/proc/4195,2026-08-02,京都府,地方公共団体,0
堺市立病院機構 堺市立総合医療センター,1253,,,0,,https://www2.njss.info/organizations/proc/5145,2026-08-02,大阪府,地方公共団体,0
最高裁判所 札幌高等裁判所 函館地方裁判所,1250,,,0,,https://www2.njss.info/organizations/proc/3977,2026-08-02,北海道,国・省庁,0
三重県立総合医療センター,1250,,,0,,https://www2.njss.info/organizations/proc/5720,2026-08-02,三重県,地方公共団体,1
大飯郡高浜町役場,1248,,,0,,https://www2.njss.info/organizations/proc/6452,2026-08-02,福井県,地方公共団体,0
成田国際空港株式会社,1248,,,0,,https://www2.njss.info/organizations/proc/7368,2026-08-02,千葉県,国・省庁,0
仲多度郡多度津町役場,1248,,,0,,https://www2.njss.info/organizations/proc/6189,2026-08-02,香川県,地方公共団体,0
厚生労働省(MHLW) 国立保健医療科学院,1247,,,0,,https://www2.njss.info/organizations/proc/684,2026-08-02,埼玉県,国・省庁,0
農林水産省(MAFF) 林野庁(FA) 東北森林管理局 岩手北部森林管理署,1245,,,0,,https://www2.njss.info/organizations/proc/1314,2026-08-02,岩手県,国・省庁,0
泉大津市役所,1243,,,0,,https://www2.njss.info/organizations/proc/4611,2026-08-02,大阪府,地方公共団体,0
農林水産省(MAFF) 林野庁(FA) 北海道森林管理局 根釧西部森林管理署,1243,,,0,,https://www2.njss.info/organizations/proc/1370,2026-08-02,北海道,国・省庁,0
国土交通省(MLIT) 北陸地方整備局 新潟港湾・空港整備事務所,1242,,,0,,https://www2.njss.info/organizations/proc/955,2026-08-02,新潟県,国・省庁,0
不破郡垂井町役場,1241,,,0,,https://www2.njss.info/organizations/proc/6064,2026-08-02,岐阜県,地方公共団体,0
福井大学,1239,,,0,,https://www2.njss.info/organizations/proc/262,2026-08-02,福井県,国・省庁,0
都市再生機構(UR) 【［閉鎖］宮城震災復興支援本部】,1239,,,0,,https://www2.njss.info/organizations/proc/5059,2026-08-02,宮城県,国・省庁,1
厚生労働省(MHLW) 奈良労働局,1238,,,0,,https://www2.njss.info/organizations/proc/584,2026-08-02,奈良県,国・省庁,0
国立病院機構 近畿グループ 大阪刀根山医療センター,1238,,,0,,https://www2.njss.info/organizations/proc/865,2026-08-02,大阪府,国・省庁,0
上北郡六戸町役場,1235,,,0,,https://www2.njss.info/organizations/proc/6389,2026-08-02,青森県,地方公共団体,0
国土交通省(MLIT) 東北地方整備局 酒田河川国道事務所,1234,,,0,,https://www2.njss.info/organizations/proc/1652,2026-08-02,山形県,国・省庁,0
利根郡みなかみ町役場,1233,,,0,,https://www2.njss.info/organizations/proc/6025,2026-08-02,群馬県,地方公共団体,0
北宇和郡鬼北町役場,1232,,,0,,https://www2.njss.info/organizations/proc/6514,2026-08-02,愛媛県,地方公共団体,0
空知郡中富良野町役場,1232,,,0,,https://www2.njss.info/organizations/proc/6710,2026-08-02,北海道,地方公共団体,0
知多郡南知多町役場,1230,,,0,,https://www2.njss.info/organizations/proc/6078,2026-08-02,愛知県,地方公共団体,0
うきは市役所,1229,,,0,,https://www2.njss.info/organizations/proc/5582,2026-08-02,福岡県,地方公共団体,0
吹田市役所 水道部,1228,,,0,,https://www2.njss.info/organizations/proc/4384,2026-08-02,大阪府,地方公共団体,0
海部郡海陽町役場,1227,,,0,,https://www2.njss.info/organizations/proc/6520,2026-08-02,徳島県,地方公共団体,0
国立病院機構 近畿グループ 神戸医療センター,1223,,,0,,https://www2.njss.info/organizations/proc/913,2026-08-02,兵庫県,国・省庁,0
国立病院機構 中国四国グループ 広島西医療センター,1222,,,0,,https://www2.njss.info/organizations/proc/840,2026-08-02,広島県,国・省庁,0
厚生労働省(MHLW) 高知労働局,1222,,,0,,https://www2.njss.info/organizations/proc/576,2026-08-02,高知県,国・省庁,0
足柄下郡箱根町役場,1222,,,0,,https://www2.njss.info/organizations/proc/6239,2026-08-02,神奈川県,地方公共団体,0
防衛省(MOD) 陸上自衛隊 北宇都宮駐屯地 航空学校宇都宮分校,1221,,,0,,https://www2.njss.info/organizations/proc/4003,2026-08-02,栃木県,国・省庁,0
香取郡多古町役場,1220,,,0,,https://www2.njss.info/organizations/proc/6231,2026-08-02,千葉県,地方公共団体,0
福岡市役所 交通局,1219,,,0,,https://www2.njss.info/organizations/proc/1870,2026-08-02,福岡県,地方公共団体,0
大阪市役所 選挙管理委員会,1216,,,0,,https://www2.njss.info/organizations/proc/1838,2026-08-02,大阪府,地方公共団体,0
国土交通省(MLIT) 近畿地方整備局 豊岡河川国道事務所,1215,,,0,,https://www2.njss.info/organizations/proc/968,2026-08-02,兵庫県,国・省庁,0
年金積立金管理運用(GPIF),1215,,,0,,https://www2.njss.info/organizations/proc/604,2026-08-02,東京都,国・省庁,0
農林水産省(MAFF) 林野庁(FA) 東北森林管理局 三八上北森林管理署,1215,,,0,,https://www2.njss.info/organizations/proc/1313,2026-08-02,青森県,国・省庁,0
蒲生郡日野町役場,1214,,,0,,https://www2.njss.info/organizations/proc/6034,2026-08-02,滋賀県,地方公共団体,0
富山大学,1213,,,0,,https://www2.njss.info/organizations/proc/5351,2026-08-02,富山県,国・省庁,0
東京科学大学,1211,,,0,,https://www2.njss.info/organizations/proc/9362,2026-08-02,東京都,国・省庁,0
室戸市役所,1211,,,0,,https://www2.njss.info/organizations/proc/6509,2026-08-02,高知県,地方公共団体,0
防衛省(MOD) 防衛研究所,1210,,,0,,https://www2.njss.info/organizations/proc/50,2026-08-02,東京都,国・省庁,0
京都市役所 産業観光局,1209,,,0,,https://www2.njss.info/organizations/proc/4190,2026-08-02,京都府,地方公共団体,0
上山市役所,1207,,,0,,https://www2.njss.info/organizations/proc/5622,2026-08-02,山形県,地方公共団体,0
国土交通省(MLIT) 近畿地方整備局 兵庫国道事務所,1207,,,0,,https://www2.njss.info/organizations/proc/985,2026-08-02,兵庫県,国・省庁,0
国立病院機構 関東信越グループ 新潟病院,1206,,,0,,https://www2.njss.info/organizations/proc/809,2026-08-02,新潟県,国・省庁,0
比企郡川島町役場,1206,,,0,,https://www2.njss.info/organizations/proc/6026,2026-08-02,埼玉県,地方公共団体,0
山県市役所,1205,,,0,,https://www2.njss.info/organizations/proc/6063,2026-08-02,岐阜県,地方公共団体,0
国土交通省(MLIT) 近畿地方整備局 和歌山河川国道事務所,1205,,,0,,https://www2.njss.info/organizations/proc/986,2026-08-02,和歌山県,国・省庁,0
遠賀郡水巻町役場,1205,,,0,,https://www2.njss.info/organizations/proc/5947,2026-08-02,福岡県,地方公共団体,0
国土交通省(MLIT) 四国運輸局,1204,,,0,,https://www2.njss.info/organizations/proc/540,2026-08-02,香川県,国・省庁,0
日本赤十字社 九州ブロック血液センター,1204,,,0,,https://www2.njss.info/organizations/proc/4960,2026-08-02,福岡県,国・省庁,0
秩父広域市町村圏組合,1203,,,0,,https://www2.njss.info/organizations/proc/7779,2026-08-02,埼玉県,地方公共団体,1
農林水産省(MAFF) 林野庁(FA) 東北森林管理局 盛岡森林管理署,1200,,,0,,https://www2.njss.info/organizations/proc/1315,2026-08-02,岩手県,国・省庁,0
厚生労働省(MHLW) 神戸検疫所,1199,,,0,,https://www2.njss.info/organizations/proc/712,2026-08-02,兵庫県,国・省庁,0
国立病院機構 関東信越グループ まつもと医療センター,1199,,,0,,https://www2.njss.info/organizations/proc/824,2026-08-02,長野県,国・省庁,0
厚生労働省(MHLW) 国立療養所長島愛生園,1198,,,0,,https://www2.njss.info/organizations/proc/668,2026-08-02,岡山県,国・省庁,0
福祉医療機構(WAM),1197,,,0,,https://www2.njss.info/organizations/proc/614,2026-08-02,東京都,国・省庁,0
北牟婁郡紀北町役場,1196,,,0,,https://www2.njss.info/organizations/proc/6281,2026-08-02,三重県,地方公共団体,0
高齢・障害・求職者雇用支援機構 長崎支部,1196,,,0,,https://www2.njss.info/organizations/proc/4415,2026-08-02,長崎県,国・省庁,0
農業・食品産業技術総合研究機構(NARO) 【［閉鎖］野菜茶業研究所】,1196,,,0,,https://www2.njss.info/organizations/proc/2411,2026-08-02,三重県,国・省庁,1
天理市役所,1194,,,0,,https://www2.njss.info/organizations/proc/5000,2026-08-02,奈良県,地方公共団体,0
企業年金連合会,1194,,,0,,https://www2.njss.info/organizations/proc/4322,2026-08-02,東京都,国・省庁,1
国立病院機構 関東信越グループ 信州上田医療センター,1191,,,0,,https://www2.njss.info/organizations/proc/834,2026-08-02,長野県,国・省庁,0
国立病院機構 近畿グループ 舞鶴医療センター,1190,,,0,,https://www2.njss.info/organizations/proc/845,2026-08-02,京都府,国・省庁,0
農林水産省(MAFF) 林野庁(FA) 東北森林管理局 秋田森林管理署,1189,,,0,,https://www2.njss.info/organizations/proc/1326,2026-08-02,秋田県,国・省庁,0
下北郡東通村役場,1188,,,0,,https://www2.njss.info/organizations/proc/6813,2026-08-02,青森県,地方公共団体,0
印旛郡酒々井町役場,1187,,,0,,https://www2.njss.info/organizations/proc/6030,2026-08-02,千葉県,地方公共団体,0
養老郡養老町役場,1187,,,0,,https://www2.njss.info/organizations/proc/5619,2026-08-02,岐阜県,地方公共団体,0
青森県警察本部,1183,,,0,,https://www2.njss.info/organizations/proc/1646,2026-08-02,青森県,地方公共団体,0
八丈町役場,1180,,,0,,https://www2.njss.info/organizations/proc/4594,2026-08-02,東京都,地方公共団体,0
経済産業省(METI) 四国経済産業局,1179,,,0,,https://www2.njss.info/organizations/proc/736,2026-08-02,香川県,国・省庁,0
国土交通省(MLIT) 東北地方整備局 北上川下流河川事務所,1178,,,0,,https://www2.njss.info/organizations/proc/1078,2026-08-02,宮城県,国・省庁,0
農林水産省(MAFF) 林野庁(FA) 東北森林管理局 米代東部森林管理署 上小阿仁支署,1177,,,0,,https://www2.njss.info/organizations/proc/1324,2026-08-02,秋田県,国・省庁,0
南条郡南越前町役場,1177,,,0,,https://www2.njss.info/organizations/proc/6453,2026-08-02,福井県,地方公共団体,0
大阪市役所 港区役所,1176,,,0,,https://www2.njss.info/organizations/proc/1843,2026-08-02,大阪府,地方公共団体,0
札幌市役所 白石区役所,1176,,,0,,https://www2.njss.info/organizations/proc/4401,2026-08-02,北海道,地方公共団体,0
下新川郡入善町役場,1174,,,0,,https://www2.njss.info/organizations/proc/6171,2026-08-02,富山県,地方公共団体,0
国立病院機構 関東信越グループ 栃木医療センター,1174,,,0,,https://www2.njss.info/organizations/proc/810,2026-08-02,栃木県,国・省庁,0
北海道庁 水産林務部,1173,,,0,,https://www2.njss.info/organizations/proc/7426,2026-08-02,北海道,地方公共団体,0
速見郡日出町役場,1172,,,0,,https://www2.njss.info/organizations/proc/6112,2026-08-02,大分県,地方公共団体,0
藤津郡太良町役場,1171,,,0,,https://www2.njss.info/organizations/proc/6599,2026-08-02,佐賀県,地方公共団体,0
神崎郡福崎町役場,1166,,,0,,https://www2.njss.info/organizations/proc/6253,2026-08-02,兵庫県,地方公共団体,0
西彼杵郡長与町役場,1165,,,0,,https://www2.njss.info/organizations/proc/5828,2026-08-02,長崎県,地方公共団体,0
海部郡大治町役場,1164,,,0,,https://www2.njss.info/organizations/proc/5575,2026-08-02,愛知県,地方公共団体,0
玉名郡南関町役場,1163,,,0,,https://www2.njss.info/organizations/proc/6322,2026-08-02,熊本県,地方公共団体,0
美唄市役所,1161,,,0,,https://www2.njss.info/organizations/proc/6003,2026-08-02,北海道,地方公共団体,0
船井郡京丹波町役場,1161,,,0,,https://www2.njss.info/organizations/proc/6246,2026-08-02,京都府,地方公共団体,0
上浮穴郡久万高原町役場,1159,,,0,,https://www2.njss.info/organizations/proc/7060,2026-08-02,愛媛県,地方公共団体,0
沙流郡日高町役場,1158,,,0,,https://www2.njss.info/organizations/proc/6362,2026-08-02,北海道,地方公共団体,0
西八代郡市川三郷町役場,1156,,,0,,https://www2.njss.info/organizations/proc/6476,2026-08-02,山梨県,地方公共団体,0
国土交通省(MLIT) 北陸信越運輸局,1154,,,0,,https://www2.njss.info/organizations/proc/541,2026-08-02,新潟県,国・省庁,0
長野県庁 長野建設事務所,1153,,,0,,https://www2.njss.info/organizations/proc/4306,2026-08-02,長野県,地方公共団体,0
南埼玉郡宮代町役場,1152,,,0,,https://www2.njss.info/organizations/proc/5538,2026-08-02,埼玉県,地方公共団体,0
上閉伊郡大槌町役場,1152,,,0,,https://www2.njss.info/organizations/proc/6394,2026-08-02,岩手県,地方公共団体,0
比企郡小川町役場,1151,,,0,,https://www2.njss.info/organizations/proc/5535,2026-08-02,埼玉県,地方公共団体,0
環境省(MOE) 中国四国地方環境事務所,1151,,,0,,https://www2.njss.info/organizations/proc/746,2026-08-02,岡山県,国・省庁,0
入間郡毛呂山町役場,1151,,,0,,https://www2.njss.info/organizations/proc/5534,2026-08-02,埼玉県,地方公共団体,1
東伯郡湯梨浜町役場,1151,,,0,,https://www2.njss.info/organizations/proc/6447,2026-08-02,鳥取県,地方公共団体,0
三戸郡南部町役場,1148,,,0,,https://www2.njss.info/organizations/proc/6374,2026-08-02,青森県,地方公共団体,0
江津市役所,1148,,,0,,https://www2.njss.info/organizations/proc/6177,2026-08-02,島根県,地方公共団体,0
児玉郡上里町役場,1146,,,0,,https://www2.njss.info/organizations/proc/5536,2026-08-02,埼玉県,地方公共団体,0
村山市役所,1146,,,0,,https://www2.njss.info/organizations/proc/6138,2026-08-02,山形県,地方公共団体,0
高岡郡越知町役場,1143,,,0,,https://www2.njss.info/organizations/proc/7066,2026-08-02,高知県,地方公共団体,0
東松浦郡玄海町役場,1140,,,0,,https://www2.njss.info/organizations/proc/6603,2026-08-02,佐賀県,地方公共団体,0
札幌市役所 環境局,1140,,,0,,https://www2.njss.info/organizations/proc/4177,2026-08-02,北海道,地方公共団体,0
西伯郡伯耆町役場,1140,,,0,,https://www2.njss.info/organizations/proc/6444,2026-08-02,鳥取県,地方公共団体,0
環境省(MOE) 北海道地方環境事務所,1139,,,0,,https://www2.njss.info/organizations/proc/749,2026-08-02,北海道,国・省庁,0
虻田郡豊浦町役場,1136,,,0,,https://www2.njss.info/organizations/proc/6744,2026-08-02,北海道,地方公共団体,0
高岡郡佐川町役場,1135,,,0,,https://www2.njss.info/organizations/proc/6508,2026-08-02,高知県,地方公共団体,0
嬉野市役所,1134,,,0,,https://www2.njss.info/organizations/proc/6090,2026-08-02,佐賀県,地方公共団体,0
札幌市役所 西区役所,1133,,,0,,https://www2.njss.info/organizations/proc/4406,2026-08-02,北海道,地方公共団体,0
厚生労働省(MHLW) 関東信越厚生局,1133,,,0,,https://www2.njss.info/organizations/proc/696,2026-08-02,埼玉県,国・省庁,0
石巻地方広域水道企業団,1132,,,0,,https://www2.njss.info/organizations/proc/7405,2026-08-02,宮城県,地方公共団体,1
邑智郡美郷町役場,1132,,,0,,https://www2.njss.info/organizations/proc/7008,2026-08-02,島根県,地方公共団体,0
地域医療機能推進機構(JCHO) 中京病院,1131,,,0,,https://www2.njss.info/organizations/proc/7181,2026-08-02,愛知県,国・省庁,0
農林水産省(MAFF) 林野庁(FA) 北海道森林管理局 網走中部森林管理署,1131,,,0,,https://www2.njss.info/organizations/proc/1368,2026-08-02,北海道,国・省庁,0
札幌市役所 東区役所,1131,,,0,,https://www2.njss.info/organizations/proc/4400,2026-08-02,北海道,地方公共団体,0
農林水産省(MAFF) 林野庁(FA) 北海道森林管理局 空知森林管理署,1131,,,0,,https://www2.njss.info/organizations/proc/1355,2026-08-02,北海道,国・省庁,0
児湯郡都農町役場,1131,,,0,,https://www2.njss.info/organizations/proc/6330,2026-08-02,宮崎県,地方公共団体,0
七ヶ浜町役場,1129,,,0,,https://www2.njss.info/organizations/proc/4909,2026-08-02,宮城県,地方公共団体,0
西宇和郡伊方町役場,1127,,,0,,https://www2.njss.info/organizations/proc/6513,2026-08-02,愛媛県,地方公共団体,0
国立病院機構 中国四国グループ 関門医療センター,1127,,,0,,https://www2.njss.info/organizations/proc/856,2026-08-02,山口県,国・省庁,0
高齢・障害・求職者雇用支援機構 高知支部,1127,,,0,,https://www2.njss.info/organizations/proc/5865,2026-08-02,高知県,国・省庁,0
国土交通省(MLIT) 関東地方整備局 東京国道事務所,1127,,,0,,https://www2.njss.info/organizations/proc/1013,2026-08-02,東京都,国・省庁,0
西日本高速道路株式会社(NEXCO) 関西支社,1125,,,0,,https://www2.njss.info/organizations/proc/2010,2026-08-02,大阪府,国・省庁,0
労働者健康安全機構 福島労災病院,1124,,,0,,https://www2.njss.info/organizations/proc/1466,2026-08-02,福島県,国・省庁,0
田川郡添田町役場,1124,,,0,,https://www2.njss.info/organizations/proc/6304,2026-08-02,福岡県,地方公共団体,0
財務省(MOF) 沖縄地区税関,1123,,,0,,https://www2.njss.info/organizations/proc/407,2026-08-02,沖縄県,国・省庁,0
秋田県立大学,1122,,,0,,https://www2.njss.info/organizations/proc/4442,2026-08-02,秋田県,国・省庁,0
越智郡上島町役場,1121,,,0,,https://www2.njss.info/organizations/proc/7061,2026-08-02,愛媛県,地方公共団体,0
児湯郡川南町役場,1120,,,0,,https://www2.njss.info/organizations/proc/6328,2026-08-02,宮崎県,地方公共団体,0
新宮市役所,1118,,,0,,https://www2.njss.info/organizations/proc/5753,2026-08-02,和歌山県,地方公共団体,0
国立病院機構 北海道東北グループ 弘前総合医療センター,1117,,,0,,https://www2.njss.info/organizations/proc/769,2026-08-02,青森県,国・省庁,0
国立病院機構 九州グループ 熊本再春医療センター,1117,,,0,,https://www2.njss.info/organizations/proc/895,2026-08-02,熊本県,国・省庁,0
国立病院機構 関東信越グループ 西新潟中央病院,1116,,,0,,https://www2.njss.info/organizations/proc/806,2026-08-02,新潟県,国・省庁,0
国土交通省(MLIT) 関東地方整備局 横浜国道事務所,1114,,,0,,https://www2.njss.info/organizations/proc/1017,2026-08-02,神奈川県,国・省庁,0
経済産業省(METI) 北海道経済産業局,1113,,,0,,https://www2.njss.info/organizations/proc/730,2026-08-02,北海道,国・省庁,0
奈良県庁 会計局,1111,,,0,,https://www2.njss.info/organizations/proc/4806,2026-08-02,奈良県,地方公共団体,0
西白河郡矢吹町役場,1110,,,0,,https://www2.njss.info/organizations/proc/6421,2026-08-02,福島県,地方公共団体,0
虻田郡喜茂別町役場,1110,,,0,,https://www2.njss.info/organizations/proc/6787,2026-08-02,北海道,地方公共団体,0
安芸郡熊野町役場,1109,,,0,,https://www2.njss.info/organizations/proc/6182,2026-08-02,広島県,地方公共団体,1
加茂市役所,1108,,,0,,https://www2.njss.info/organizations/proc/6169,2026-08-02,新潟県,地方公共団体,0
八頭郡八頭町役場,1108,,,0,,https://www2.njss.info/organizations/proc/6449,2026-08-02,鳥取県,地方公共団体,0
国立病院機構 東海北陸グループ 豊橋医療センター,1105,,,0,,https://www2.njss.info/organizations/proc/790,2026-08-02,愛知県,国・省庁,0
愛知郡愛荘町役場,1104,,,0,,https://www2.njss.info/organizations/proc/6035,2026-08-02,滋賀県,地方公共団体,0
矢板市役所,1104,,,0,,https://www2.njss.info/organizations/proc/5525,2026-08-02,栃木県,地方公共団体,0
中川郡池田町役場,1102,,,0,,https://www2.njss.info/organizations/proc/6665,2026-08-02,北海道,地方公共団体,0
島根大学,1099,,,0,,https://www2.njss.info/organizations/proc/5388,2026-08-02,島根県,国・省庁,0
国土交通省(MLIT) 東北地方整備局 湯沢河川国道事務所,1099,,,0,,https://www2.njss.info/organizations/proc/1060,2026-08-02,秋田県,国・省庁,0
全国健康保険協会 山形支部,1099,,,0,,https://www2.njss.info/organizations/proc/1594,2026-08-02,山形県,国・省庁,0
国立病院機構 中国四国グループ 浜田医療センター,1098,,,0,,https://www2.njss.info/organizations/proc/818,2026-08-02,島根県,国・省庁,0
上北郡野辺地町役場,1097,,,0,,https://www2.njss.info/organizations/proc/6381,2026-08-02,青森県,地方公共団体,0
佐用郡佐用町役場,1096,,,0,,https://www2.njss.info/organizations/proc/6255,2026-08-02,兵庫県,地方公共団体,0
労働者健康安全機構 岡山労災病院,1096,,,0,,https://www2.njss.info/organizations/proc/1482,2026-08-02,岡山県,国・省庁,0
可児郡御嵩町役場,1095,,,0,,https://www2.njss.info/organizations/proc/6271,2026-08-02,岐阜県,地方公共団体,0
国土交通省(MLIT) 近畿地方整備局 奈良国道事務所,1095,,,0,,https://www2.njss.info/organizations/proc/970,2026-08-02,奈良県,国・省庁,0
厚生労働省(MHLW) 国立療養所多磨全生園,1093,,,0,,https://www2.njss.info/organizations/proc/676,2026-08-02,東京都,国・省庁,0
有田市役所,1091,,,0,,https://www2.njss.info/organizations/proc/5752,2026-08-02,和歌山県,地方公共団体,0
遠野市役所,1091,,,0,,https://www2.njss.info/organizations/proc/6126,2026-08-02,岩手県,地方公共団体,0
国立病院機構 九州グループ 九州がんセンター,1084,,,0,,https://www2.njss.info/organizations/proc/801,2026-08-02,福岡県,国・省庁,0
野付郡別海町役場,1082,,,0,,https://www2.njss.info/organizations/proc/6358,2026-08-02,北海道,地方公共団体,0
国土交通省(MLIT) 気象庁 気象衛星センター,1081,,,0,,https://www2.njss.info/organizations/proc/511,2026-08-02,東京都,国・省庁,0
神崎郡神河町役場,1080,,,0,,https://www2.njss.info/organizations/proc/6259,2026-08-02,兵庫県,地方公共団体,0
大隅肝属広域事務組合,1078,,,0,,https://www2.njss.info/organizations/proc/7134,2026-08-02,鹿児島県,地方公共団体,0
中郡二宮町役場,1078,,,0,,https://www2.njss.info/organizations/proc/6032,2026-08-02,神奈川県,地方公共団体,0
日本赤十字社 医療センター,1078,,,0,,https://www2.njss.info/organizations/proc/1200,2026-08-02,東京都,国・省庁,0
国立病院機構 東海北陸グループ 東名古屋病院,1077,,,0,,https://www2.njss.info/organizations/proc/783,2026-08-02,愛知県,国・省庁,0
国立病院機構 中国四国グループ 山口宇部医療センター,1076,,,0,,https://www2.njss.info/organizations/proc/902,2026-08-02,山口県,国・省庁,0
農林水産省(MAFF) 林野庁(FA) 九州森林管理局 大隅森林管理署,1076,,,0,,https://www2.njss.info/organizations/proc/1348,2026-08-02,鹿児島県,国・省庁,0
厚生労働省(MHLW) 香川労働局,1074,,,0,,https://www2.njss.info/organizations/proc/573,2026-08-02,香川県,国・省庁,0
邑楽郡邑楽町役場,1073,,,0,,https://www2.njss.info/organizations/proc/6024,2026-08-02,群馬県,地方公共団体,0
国立病院機構 近畿グループ 宇多野病院,1070,,,0,,https://www2.njss.info/organizations/proc/841,2026-08-02,京都府,国・省庁,0
埼玉県住宅供給公社,1069,,,0,,https://www2.njss.info/organizations/proc/7457,2026-08-02,埼玉県,地方公共団体,0
防衛省(MOD) 航空自衛隊 新潟分屯基地 新潟救難隊,1069,,,0,,https://www2.njss.info/organizations/proc/5242,2026-08-02,新潟県,国・省庁,0
国立病院機構 近畿グループ 兵庫中央病院,1068,,,0,,https://www2.njss.info/organizations/proc/879,2026-08-02,兵庫県,国・省庁,0
沖縄振興開発金融公庫,1067,,,0,,https://www2.njss.info/organizations/proc/1297,2026-08-02,沖縄県,国・省庁,0
大阪市役所 北区役所,1067,,,0,,https://www2.njss.info/organizations/proc/1841,2026-08-02,大阪府,地方公共団体,0
高齢・障害・求職者雇用支援機構 兵庫支部,1066,,,0,,https://www2.njss.info/organizations/proc/5852,2026-08-02,兵庫県,国・省庁,0
国土交通省(MLIT) 九州地方整備局 関門航路事務所,1065,,,0,,https://www2.njss.info/organizations/proc/5326,2026-08-02,福岡県,国・省庁,0
電気通信大学,1065,,,0,,https://www2.njss.info/organizations/proc/246,2026-08-02,東京都,国・省庁,0
労働者健康安全機構 富山労災病院,1064,,,0,,https://www2.njss.info/organizations/proc/1474,2026-08-02,富山県,国・省庁,0
国立病院機構 近畿グループ 南和歌山医療センター,1064,,,0,,https://www2.njss.info/organizations/proc/788,2026-08-02,和歌山県,国・省庁,0
国立公文書館,1063,,,0,,https://www2.njss.info/organizations/proc/301,2026-08-02,東京都,国・省庁,0
地方公共団体情報システム機構(J-LIS),1061,,,0,,https://www2.njss.info/organizations/proc/1795,2026-08-02,東京都,地方公共団体,0
内閣府(CAO) こども家庭庁,1061,,,0,,https://www2.njss.info/organizations/proc/9082,2026-08-02,東京都,国・省庁,0
愛知郡東郷町役場,1061,,,0,,https://www2.njss.info/organizations/proc/5573,2026-08-02,愛知県,地方公共団体,0
与謝郡与謝野町役場,1059,,,0,,https://www2.njss.info/organizations/proc/6036,2026-08-02,京都府,地方公共団体,0
佐賀東部水道企業団,1059,,,0,,https://www2.njss.info/organizations/proc/7386,2026-08-02,佐賀県,地方公共団体,1
南陽市役所,1059,,,0,,https://www2.njss.info/organizations/proc/5624,2026-08-02,山形県,地方公共団体,0
文部科学省(MEXT) 文化庁,1058,,,0,,https://www2.njss.info/organizations/proc/7588,2026-08-02,京都府,国・省庁,0
国土交通省(MLIT) 関東地方整備局 長野国道事務所,1058,,,0,,https://www2.njss.info/organizations/proc/1023,2026-08-02,長野県,国・省庁,0
京都市立病院機構,1058,,,0,,https://www2.njss.info/organizations/proc/4194,2026-08-02,京都府,地方公共団体,1
朝倉郡筑前町役場,1058,,,0,,https://www2.njss.info/organizations/proc/6083,2026-08-02,福岡県,地方公共団体,0
善通寺市役所,1057,,,0,,https://www2.njss.info/organizations/proc/5764,2026-08-02,香川県,地方公共団体,0
国立病院機構 関東信越グループ 下志津病院,1057,,,0,,https://www2.njss.info/organizations/proc/855,2026-08-02,千葉県,国・省庁,0
高石市役所,1057,,,0,,https://www2.njss.info/organizations/proc/4613,2026-08-02,大阪府,地方公共団体,0
日本赤十字社 大阪赤十字病院,1056,,,0,,https://www2.njss.info/organizations/proc/1255,2026-08-02,大阪府,国・省庁,0
福島県庁 商工労働部,1055,,,0,,https://www2.njss.info/organizations/proc/5559,2026-08-02,福島県,地方公共団体,0
国土交通省(MLIT) 近畿地方整備局 福知山河川国道事務所,1055,,,0,,https://www2.njss.info/organizations/proc/978,2026-08-02,京都府,国・省庁,0
国立病院機構 九州グループ 大分医療センター,1052,,,0,,https://www2.njss.info/organizations/proc/896,2026-08-02,大分県,国・省庁,0
国土交通省(MLIT) 近畿地方整備局 姫路河川国道事務所,1051,,,0,,https://www2.njss.info/organizations/proc/983,2026-08-02,兵庫県,国・省庁,0
紋別郡雄武町役場,1051,,,0,,https://www2.njss.info/organizations/proc/6738,2026-08-02,北海道,地方公共団体,0
農林水産省(MAFF) 林野庁(FA) 九州森林管理局 鹿児島森林管理署,1050,,,0,,https://www2.njss.info/organizations/proc/1347,2026-08-02,鹿児島県,国・省庁,0
労働者健康安全機構 【［閉鎖］北海道中央労災病院】,1044,,,0,,https://www2.njss.info/organizations/proc/1461,2026-08-02,北海道,国・省庁,1
美方郡新温泉町役場,1044,,,0,,https://www2.njss.info/organizations/proc/6257,2026-08-02,兵庫県,地方公共団体,0
国立病院機構 近畿グループ 近畿中央呼吸器センター,1043,,,0,,https://www2.njss.info/organizations/proc/861,2026-08-02,大阪府,国・省庁,0
労働者健康安全機構 中国労災病院,1040,,,0,,https://www2.njss.info/organizations/proc/1483,2026-08-02,広島県,国・省庁,0
長野県庁 佐久建設事務所,1040,,,0,,https://www2.njss.info/organizations/proc/4295,2026-08-02,長野県,地方公共団体,0
国土交通省(MLIT) 北陸地方整備局 長岡国道事務所,1038,,,0,,https://www2.njss.info/organizations/proc/939,2026-08-02,新潟県,国・省庁,0
高齢・障害・求職者雇用支援機構 新潟支部,1038,,,0,,https://www2.njss.info/organizations/proc/5806,2026-08-02,新潟県,国・省庁,0
防衛省(MOD) 陸上自衛隊 明野駐屯地 航空学校,1036,,,0,,https://www2.njss.info/organizations/proc/4010,2026-08-02,三重県,国・省庁,0
航空大学校,1036,,,0,,https://www2.njss.info/organizations/proc/445,2026-08-02,宮崎県,国・省庁,0
高齢・障害・求職者雇用支援機構 福岡支部,1036,,,0,,https://www2.njss.info/organizations/proc/5866,2026-08-02,福岡県,国・省庁,0
東京学芸大学,1035,,,0,,https://www2.njss.info/organizations/proc/5380,2026-08-02,東京都,国・省庁,0
駐留軍等労働者労務管理機構(LMO),1035,,,0,,https://www2.njss.info/organizations/proc/52,2026-08-02,東京都,国・省庁,0
国土交通省(MLIT) 九州地方整備局 熊本河川国道事務所,1034,,,0,,https://www2.njss.info/organizations/proc/5293,2026-08-02,熊本県,国・省庁,0
山県郡安芸太田町役場,1034,,,0,,https://www2.njss.info/organizations/proc/7047,2026-08-02,広島県,地方公共団体,0
国立病院機構 東海北陸グループ 天竜病院,1034,,,0,,https://www2.njss.info/organizations/proc/885,2026-08-02,静岡県,国・省庁,0
小野市役所,1032,,,0,,https://www2.njss.info/organizations/proc/5939,2026-08-02,兵庫県,地方公共団体,0
労働者健康安全機構 北海道せき損センター,1031,,,0,,https://www2.njss.info/organizations/proc/1460,2026-08-02,北海道,国・省庁,0
国立病院機構 九州グループ 長崎川棚医療センター,1030,,,0,,https://www2.njss.info/organizations/proc/878,2026-08-02,長崎県,国・省庁,0
農林水産省(MAFF) 林野庁(FA) 北海道森林管理局 檜山森林管理署,1029,,,0,,https://www2.njss.info/organizations/proc/1376,2026-08-02,北海道,国・省庁,0
都市再生機構(UR) 【［閉鎖］岩手震災復興支援本部】,1029,,,0,,https://www2.njss.info/organizations/proc/5060,2026-08-02,岩手県,国・省庁,1
国立病院機構 関東信越グループ 霞ヶ浦医療センター,1028,,,0,,https://www2.njss.info/organizations/proc/802,2026-08-02,茨城県,国・省庁,0
農林水産省(MAFF) 林野庁(FA) 北海道森林管理局 後志森林管理署,1025,,,0,,https://www2.njss.info/organizations/proc/1375,2026-08-02,北海道,国・省庁,0
国土交通省(MLIT) 海上保安庁 海上保安学校,1024,,,0,,https://www2.njss.info/organizations/proc/553,2026-08-02,京都府,国・省庁,0
国立病院機構 関東信越グループ 西埼玉中央病院,1024,,,0,,https://www2.njss.info/organizations/proc/830,2026-08-02,埼玉県,国・省庁,0
国土交通省(MLIT) 近畿地方整備局 紀南河川国道事務所,1023,,,0,,https://www2.njss.info/organizations/proc/971,2026-08-02,和歌山県,国・省庁,0
高齢・障害・求職者雇用支援機構 群馬支部,1023,,,0,,https://www2.njss.info/organizations/proc/5800,2026-08-02,群馬県,国・省庁,0
知多郡美浜町役場,1023,,,0,,https://www2.njss.info/organizations/proc/6076,2026-08-02,愛知県,地方公共団体,0
秩父郡小鹿野町役場,1023,,,0,,https://www2.njss.info/organizations/proc/6225,2026-08-02,埼玉県,地方公共団体,0
国立病院機構 九州グループ 大牟田病院,1022,,,0,,https://www2.njss.info/organizations/proc/827,2026-08-02,福岡県,国・省庁,0
泉南郡熊取町役場,1022,,,0,,https://www2.njss.info/organizations/proc/5569,2026-08-02,大阪府,地方公共団体,0
千葉大学,1021,,,0,,https://www2.njss.info/organizations/proc/5381,2026-08-02,千葉県,国・省庁,0
芳賀郡芳賀町役場,1020,,,0,,https://www2.njss.info/organizations/proc/6208,2026-08-02,栃木県,地方公共団体,0
地域医療機能推進機構(JCHO),1019,,,0,,https://www2.njss.info/organizations/proc/612,2026-08-02,東京都,国・省庁,0
鳳珠郡穴水町役場,1017,,,0,,https://www2.njss.info/organizations/proc/6997,2026-08-02,石川県,地方公共団体,0
日本赤十字社 近畿ブロック血液センター,1016,,,0,,https://www2.njss.info/organizations/proc/4957,2026-08-02,大阪府,国・省庁,0
労働者健康安全機構 浜松労災病院,1015,,,0,,https://www2.njss.info/organizations/proc/1475,2026-08-02,静岡県,国・省庁,0
農林水産省(MAFF) 林野庁(FA) 北海道森林管理局 渡島森林管理署,1015,,,0,,https://www2.njss.info/organizations/proc/1377,2026-08-02,北海道,国・省庁,0
名古屋高速道路公社,1013,,,0,,https://www2.njss.info/organizations/proc/6059,2026-08-02,愛知県,地方公共団体,0
国立病院機構 関東信越グループ 千葉医療センター,1012,,,0,,https://www2.njss.info/organizations/proc/843,2026-08-02,千葉県,国・省庁,0
北設楽郡設楽町役場,1011,,,0,,https://www2.njss.info/organizations/proc/6693,2026-08-02,愛知県,地方公共団体,0
農林水産省(MAFF) 林野庁(FA) 九州森林管理局 宮崎森林管理署 都城支署,1011,,,0,,https://www2.njss.info/organizations/proc/1344,2026-08-02,宮崎県,国・省庁,0
総務省(MIC) 関東総合通信局,1010,,,0,,https://www2.njss.info/organizations/proc/366,2026-08-02,東京都,国・省庁,0
国立病院機構 関東信越グループ 久里浜医療センター,1006,,,0,,https://www2.njss.info/organizations/proc/782,2026-08-02,神奈川県,国・省庁,0
防衛省(MOD) 航空自衛隊 秋田分屯基地 秋田救難隊,1006,,,0,,https://www2.njss.info/organizations/proc/4057,2026-08-02,秋田県,国・省庁,0
農林水産省(MAFF) 林野庁(FA) 九州森林管理局 福岡森林管理署,1005,,,0,,https://www2.njss.info/organizations/proc/1334,2026-08-02,福岡県,国・省庁,0
法務省(MOJ) 公安調査庁,1005,,,0,,https://www2.njss.info/organizations/proc/1565,2026-08-02,東京都,国・省庁,0
苫田郡鏡野町役場,1004,,,0,,https://www2.njss.info/organizations/proc/6537,2026-08-02,岡山県,地方公共団体,0
札幌市役所 豊平区役所,1004,,,0,,https://www2.njss.info/organizations/proc/4403,2026-08-02,北海道,地方公共団体,0
黒川郡大郷町役場,1004,,,0,,https://www2.njss.info/organizations/proc/6836,2026-08-02,宮城県,地方公共団体,0
農業・食品産業技術総合研究機構(NARO) 【［閉鎖］農業環境技術研究所】,1004,,,0,,https://www2.njss.info/organizations/proc/292,2026-08-02,茨城県,国・省庁,1
国土交通省(MLIT) 近畿地方整備局 大阪国道事務所,1003,,,0,,https://www2.njss.info/organizations/proc/966,2026-08-02,大阪府,国・省庁,0
法務省(MOJ) 福島地方法務局,1003,,,0,,https://www2.njss.info/organizations/proc/100,2026-08-02,福島県,国・省庁,0
揖保郡太子町役場,1002,,,0,,https://www2.njss.info/organizations/proc/5613,2026-08-02,兵庫県,地方公共団体,0
海部郡飛島村役場,1002,,,0,,https://www2.njss.info/organizations/proc/6694,2026-08-02,愛知県,地方公共団体,0
厚生労働省(MHLW) 島根労働局,1001,,,0,,https://www2.njss.info/organizations/proc/594,2026-08-02,島根県,国・省庁,0
北海道庁 後志総合振興局,1000,,,0,,https://www2.njss.info/organizations/proc/7435,2026-08-02,北海道,地方公共団体,0
全国健康保険協会 兵庫支部,1000,,,0,,https://www2.njss.info/organizations/proc/1616,2026-08-02,兵庫県,国・省庁,0
木曽郡木曽町役場,1000,,,0,,https://www2.njss.info/organizations/proc/6465,2026-08-02,長野県,地方公共団体,0
国立病院機構 九州グループ 東佐賀病院,999,,,0,,https://www2.njss.info/organizations/proc/857,2026-08-02,佐賀県,国・省庁,0
日本赤十字社 長野赤十字病院,999,,,0,,https://www2.njss.info/organizations/proc/1237,2026-08-02,長野県,国・省庁,0
諏訪郡富士見町役場,999,,,0,,https://www2.njss.info/organizations/proc/6471,2026-08-02,長野県,地方公共団体,0
厚生労働省(MHLW) 福井労働局,998,,,0,,https://www2.njss.info/organizations/proc/563,2026-08-02,福井県,国・省庁,0
札幌市役所 南区役所,998,,,0,,https://www2.njss.info/organizations/proc/4405,2026-08-02,北海道,地方公共団体,0
幸手市役所,996,,,0,,https://www2.njss.info/organizations/proc/4790,2026-08-02,埼玉県,地方公共団体,0
多摩川衛生組合,994,,,0,,https://www2.njss.info/organizations/proc/5240,2026-08-02,東京都,地方公共団体,1
厚生労働省(MHLW) 国立療養所邑久光明園,994,,,0,,https://www2.njss.info/organizations/proc/672,2026-08-02,岡山県,国・省庁,0
家畜改良センター(NLBC) 十勝牧場,993,,,0,,https://www2.njss.info/organizations/proc/1434,2026-08-02,北海道,国・省庁,0
国土交通省(MLIT) 近畿地方整備局 滋賀国道事務所,992,,,0,,https://www2.njss.info/organizations/proc/962,2026-08-02,滋賀県,国・省庁,0
国立病院機構 関東信越グループ 茨城東病院 胸部疾患・療育医療センター,991,,,0,,https://www2.njss.info/organizations/proc/805,2026-08-02,茨城県,国・省庁,0
労働者健康安全機構 山口労災病院,988,,,0,,https://www2.njss.info/organizations/proc/1484,2026-08-02,山口県,国・省庁,0
北群馬郡吉岡町役場,987,,,0,,https://www2.njss.info/organizations/proc/6212,2026-08-02,群馬県,地方公共団体,1
国土交通省(MLIT) 中国運輸局,987,,,0,,https://www2.njss.info/organizations/proc/533,2026-08-02,広島県,国・省庁,0
環境省(MOE) 近畿地方環境事務所,986,,,0,,https://www2.njss.info/organizations/proc/751,2026-08-02,大阪府,国・省庁,0
茨城県立中央病院・茨城県地域がんセンター,985,,,0,,https://www2.njss.info/organizations/proc/5952,2026-08-02,茨城県,地方公共団体,1
紫波郡矢巾町役場,984,,,0,,https://www2.njss.info/organizations/proc/6128,2026-08-02,岩手県,地方公共団体,0
国土交通省(MLIT) 関東地方整備局 京浜港湾事務所,983,,,0,,https://www2.njss.info/organizations/proc/1042,2026-08-02,神奈川県,国・省庁,0
遠田郡涌谷町役場,983,,,0,,https://www2.njss.info/organizations/proc/6403,2026-08-02,宮城県,地方公共団体,0
三方郡美浜町役場,983,,,0,,https://www2.njss.info/organizations/proc/6451,2026-08-02,福井県,地方公共団体,0
三重郡川越町役場,982,,,0,,https://www2.njss.info/organizations/proc/6285,2026-08-02,三重県,地方公共団体,0
農林水産省(MAFF) 林野庁(FA) 九州森林管理局 北薩森林管理署,982,,,0,,https://www2.njss.info/organizations/proc/1346,2026-08-02,鹿児島県,国・省庁,0
香川県広域水道企業団 中讃ブロック統括センター,981,,,0,,https://www2.njss.info/organizations/proc/7757,2026-08-02,香川県,地方公共団体,0
国立病院機構 関東信越グループ 東埼玉病院,979,,,0,,https://www2.njss.info/organizations/proc/838,2026-08-02,埼玉県,国・省庁,0
札幌市役所 手稲区役所,979,,,0,,https://www2.njss.info/organizations/proc/4407,2026-08-02,北海道,地方公共団体,0
児玉郡神川町役場,978,,,0,,https://www2.njss.info/organizations/proc/6224,2026-08-02,埼玉県,地方公共団体,0
高齢・障害・求職者雇用支援機構 秋田支部,976,,,0,,https://www2.njss.info/organizations/proc/5794,2026-08-02,秋田県,国・省庁,0
農林水産省(MAFF) 林野庁(FA) 九州森林管理局 熊本南部森林管理署,976,,,0,,https://www2.njss.info/organizations/proc/1338,2026-08-02,熊本県,国・省庁,0
国立病院機構 関東信越グループ 渋川医療センター,974,,,0,,https://www2.njss.info/organizations/proc/825,2026-08-02,群馬県,国・省庁,0
三養基郡基山町役場,972,,,0,,https://www2.njss.info/organizations/proc/6305,2026-08-02,佐賀県,地方公共団体,0
安達郡大玉村役場,971,,,0,,https://www2.njss.info/organizations/proc/6871,2026-08-02,福島県,地方公共団体,0
国立病院機構 中国四国グループ 松江医療センター,971,,,0,,https://www2.njss.info/organizations/proc/812,2026-08-02,島根県,国・省庁,0
防衛省(MOD) 自衛隊大阪地方協力本部,971,,,0,,https://www2.njss.info/organizations/proc/5477,2026-08-02,大阪府,国・省庁,0
西蒲原郡弥彦村役場,970,,,0,,https://www2.njss.info/organizations/proc/6893,2026-08-02,新潟県,地方公共団体,0
農林水産省(MAFF) 林野庁(FA) 北海道森林管理局 胆振東部森林管理署,970,,,0,,https://www2.njss.info/organizations/proc/1357,2026-08-02,北海道,国・省庁,0
厚生労働省(MHLW) 徳島労働局,969,,,0,,https://www2.njss.info/organizations/proc/597,2026-08-02,徳島県,国・省庁,0
香川県広域水道企業団 広域送水管理センター,969,,,0,,https://www2.njss.info/organizations/proc/7759,2026-08-02,香川県,地方公共団体,1
高齢・障害・求職者雇用支援機構 石川支部,966,,,0,,https://www2.njss.info/organizations/proc/5808,2026-08-02,石川県,国・省庁,0
国立病院機構 九州グループ 肥前精神医療センター,965,,,0,,https://www2.njss.info/organizations/proc/844,2026-08-02,佐賀県,国・省庁,0
防衛省(MOD) 航空自衛隊 木更津分屯基地 第4補給処,964,,,0,,https://www2.njss.info/organizations/proc/4066,2026-08-02,千葉県,国・省庁,0
国立病院機構 近畿グループ 東近江総合医療センター,964,,,0,,https://www2.njss.info/organizations/proc/828,2026-08-02,滋賀県,国・省庁,0
東彼杵郡波佐見町役場,962,,,0,,https://www2.njss.info/organizations/proc/6307,2026-08-02,長崎県,地方公共団体,0
多気郡明和町役場,962,,,0,,https://www2.njss.info/organizations/proc/6080,2026-08-02,三重県,地方公共団体,0
山武郡横芝光町役場,961,,,0,,https://www2.njss.info/organizations/proc/6028,2026-08-02,千葉県,地方公共団体,0
下伊那郡豊丘村役場,959,,,0,,https://www2.njss.info/organizations/proc/6908,2026-08-02,長野県,地方公共団体,0
厚生労働省(MHLW) 成田空港検疫所,959,,,0,,https://www2.njss.info/organizations/proc/709,2026-08-02,千葉県,国・省庁,0
日本赤十字社 武蔵野赤十字病院,959,,,0,,https://www2.njss.info/organizations/proc/1227,2026-08-02,東京都,国・省庁,0
福島大学,958,,,0,,https://www2.njss.info/organizations/proc/5360,2026-08-02,福島県,国・省庁,0
国立病院機構 関東信越グループ 村山医療センター,958,,,0,,https://www2.njss.info/organizations/proc/871,2026-08-02,東京都,国・省庁,0
京都市役所 総合企画局,958,,,0,,https://www2.njss.info/organizations/proc/4188,2026-08-02,京都府,地方公共団体,0
吾妻郡東吾妻町役場,956,,,0,,https://www2.njss.info/organizations/proc/6215,2026-08-02,群馬県,地方公共団体,0
国土交通省(MLIT) 東北地方整備局 東北技術事務所,956,,,0,,https://www2.njss.info/organizations/proc/1084,2026-08-02,宮城県,国・省庁,0
沖縄観光コンベンションビューロー,955,,,0,,https://www2.njss.info/organizations/proc/7211,2026-08-02,沖縄県,国・省庁,1
長野県庁 松本建設事務所,955,,,0,,https://www2.njss.info/organizations/proc/4301,2026-08-02,長野県,地方公共団体,0
西置賜郡飯豊町役場,954,,,0,,https://www2.njss.info/organizations/proc/6853,2026-08-02,山形県,地方公共団体,0
地域医療機能推進機構(JCHO) 徳山中央病院,952,,,0,,https://www2.njss.info/organizations/proc/7194,2026-08-02,山口県,国・省庁,0
家畜改良センター(NLBC) 新冠牧場,952,,,0,,https://www2.njss.info/organizations/proc/1433,2026-08-02,北海道,国・省庁,0
愛知中部水道企業団,951,,,0,,https://www2.njss.info/organizations/proc/7377,2026-08-02,愛知県,地方公共団体,0
多可郡多可町役場,950,,,0,,https://www2.njss.info/organizations/proc/6039,2026-08-02,兵庫県,地方公共団体,0
比企郡滑川町役場,949,,,0,,https://www2.njss.info/organizations/proc/6222,2026-08-02,埼玉県,地方公共団体,0
高齢・障害・求職者雇用支援機構 福井支部,947,,,0,,https://www2.njss.info/organizations/proc/5809,2026-08-02,福井県,国・省庁,0
農林水産省(MAFF) 林野庁(FA) 北海道森林管理局 上川北部森林管理署,947,,,0,,https://www2.njss.info/organizations/proc/1363,2026-08-02,北海道,国・省庁,0
東京しごと財団,944,,,0,,https://www2.njss.info/organizations/proc/4418,2026-08-02,東京都,国・省庁,1
農林水産省(MAFF) 林野庁(FA) 北海道森林管理局 十勝東部森林管理署,944,,,0,,https://www2.njss.info/organizations/proc/1372,2026-08-02,北海道,国・省庁,0
地域医療機能推進機構(JCHO) 埼玉メディカルセンター,943,,,0,,https://www2.njss.info/organizations/proc/7161,2026-08-02,埼玉県,国・省庁,0
日本赤十字社 釧路赤十字病院,943,,,0,,https://www2.njss.info/organizations/proc/1203,2026-08-02,北海道,国・省庁,0
佐賀西部広域水道企業団,942,,,0,,https://www2.njss.info/organizations/proc/7387,2026-08-02,佐賀県,地方公共団体,1
芳賀郡益子町役場,942,,,0,,https://www2.njss.info/organizations/proc/6023,2026-08-02,栃木県,地方公共団体,0
高齢・障害・求職者雇用支援機構 青森支部,941,,,0,,https://www2.njss.info/organizations/proc/5792,2026-08-02,青森県,国・省庁,0
伊達郡川俣町役場,941,,,0,,https://www2.njss.info/organizations/proc/6428,2026-08-02,福島県,地方公共団体,0
国土交通省(MLIT) 関東地方整備局 利根川下流河川事務所,940,,,0,,https://www2.njss.info/organizations/proc/993,2026-08-02,千葉県,国・省庁,0
刈羽郡刈羽村役場,939,,,0,,https://www2.njss.info/organizations/proc/6897,2026-08-02,新潟県,地方公共団体,0
土佐清水市役所,938,,,0,,https://www2.njss.info/organizations/proc/6510,2026-08-02,高知県,地方公共団体,0
幡多郡黒潮町役場,937,,,0,,https://www2.njss.info/organizations/proc/6507,2026-08-02,高知県,地方公共団体,0
高市郡明日香村役場,936,,,0,,https://www2.njss.info/organizations/proc/6548,2026-08-02,奈良県,地方公共団体,0
全国健康保険協会 京都支部,936,,,0,,https://www2.njss.info/organizations/proc/1614,2026-08-02,京都府,国・省庁,0
国立病院機構 関東信越グループ 千葉東病院,936,,,0,,https://www2.njss.info/organizations/proc/849,2026-08-02,千葉県,国・省庁,0
西日本高速道路株式会社(NEXCO) 中国支社,933,,,0,,https://www2.njss.info/organizations/proc/2029,2026-08-02,広島県,国・省庁,0
高齢・障害・求職者雇用支援機構 岐阜支部,932,,,0,,https://www2.njss.info/organizations/proc/5812,2026-08-02,岐阜県,国・省庁,0
比企郡吉見町役場,932,,,0,,https://www2.njss.info/organizations/proc/6027,2026-08-02,埼玉県,地方公共団体,0
防衛省(MOD) 航空自衛隊 横田基地,930,,,0,,https://www2.njss.info/organizations/proc/6689,2026-08-02,東京都,国・省庁,0
香川県広域水道企業団 高松ブロック統括センター,929,,,0,,https://www2.njss.info/organizations/proc/7756,2026-08-02,香川県,地方公共団体,0
大町市役所,927,,,0,,https://www2.njss.info/organizations/proc/6161,2026-08-02,長野県,地方公共団体,0
国立病院機構 九州グループ 南九州病院,927,,,0,,https://www2.njss.info/organizations/proc/890,2026-08-02,鹿児島県,国・省庁,0
厚生労働省(MHLW) 山梨労働局,926,,,0,,https://www2.njss.info/organizations/proc/4564,2026-08-02,山梨県,国・省庁,0
海技教育機構 【［閉鎖］航海訓練所(NIST)】,926,,,0,,https://www2.njss.info/organizations/proc/444,2026-08-02,神奈川県,国・省庁,1
吾妻郡嬬恋村役場,925,,,0,,https://www2.njss.info/organizations/proc/6220,2026-08-02,群馬県,地方公共団体,0
国土交通省(MLIT) 東北地方整備局 釜石港湾事務所,924,,,0,,https://www2.njss.info/organizations/proc/1071,2026-08-02,岩手県,国・省庁,0
大阪市役所 此花区役所,924,,,0,,https://www2.njss.info/organizations/proc/1842,2026-08-02,大阪府,地方公共団体,0
邑楽郡明和町役場,923,,,0,,https://www2.njss.info/organizations/proc/6219,2026-08-02,群馬県,地方公共団体,0
国立病院機構 東海北陸グループ 医王病院,922,,,0,,https://www2.njss.info/organizations/proc/862,2026-08-02,石川県,国・省庁,0
稲敷郡美浦村役場,920,,,0,,https://www2.njss.info/organizations/proc/6205,2026-08-02,茨城県,地方公共団体,0
国立文化財機構(NICH) 東京国立博物館(TNM),919,,,0,,https://www2.njss.info/organizations/proc/1097,2026-08-02,東京都,国・省庁,0
京都郡みやこ町役場,917,,,0,,https://www2.njss.info/organizations/proc/6088,2026-08-02,福岡県,地方公共団体,0
水資源機構 筑後川局 筑後川上流総合管理所,916,,,0,,https://www2.njss.info/organizations/proc/7858,2026-08-02,福岡県,国・省庁,0
防衛省(MOD) 防衛装備庁 新世代装備研究所,915,,,0,,https://www2.njss.info/organizations/proc/9364,2026-08-02,東京都,国・省庁,0
大津市民病院,913,,,0,,https://www2.njss.info/organizations/proc/5151,2026-08-02,滋賀県,地方公共団体,1
国立病院機構 関東信越グループ 甲府病院,912,,,0,,https://www2.njss.info/organizations/proc/817,2026-08-02,山梨県,国・省庁,0
農林水産省(MAFF) 林野庁(FA) 北海道森林管理局 網走西部森林管理署,912,,,0,,https://www2.njss.info/organizations/proc/1366,2026-08-02,北海道,国・省庁,0
赤平市役所,912,,,0,,https://www2.njss.info/organizations/proc/6365,2026-08-02,北海道,地方公共団体,0
農林水産省(MAFF) 林野庁(FA) 東北森林管理局 山形森林管理署,911,,,0,,https://www2.njss.info/organizations/proc/1330,2026-08-02,山形県,国・省庁,0
熊毛郡屋久島町役場,911,,,0,,https://www2.njss.info/organizations/proc/6336,2026-08-02,鹿児島県,地方公共団体,0
西白河郡西郷村役場,909,,,0,,https://www2.njss.info/organizations/proc/6420,2026-08-02,福島県,地方公共団体,0
東彼杵郡東彼杵町役場,906,,,0,,https://www2.njss.info/organizations/proc/6604,2026-08-02,長崎県,地方公共団体,0
国立病院機構 東海北陸グループ 三重病院,906,,,0,,https://www2.njss.info/organizations/proc/793,2026-08-02,三重県,国・省庁,0
上川郡清水町役場,906,,,0,,https://www2.njss.info/organizations/proc/6648,2026-08-02,北海道,地方公共団体,0
地域医療機能推進機構(JCHO) 船橋中央病院,904,,,0,,https://www2.njss.info/organizations/proc/7163,2026-08-02,千葉県,国・省庁,0
国土交通省(MLIT) 関東地方整備局 大宮国道事務所,904,,,0,,https://www2.njss.info/organizations/proc/1018,2026-08-02,埼玉県,国・省庁,0
農林水産省(MAFF) 林野庁(FA) 九州森林管理局 宮崎森林管理署,901,,,0,,https://www2.njss.info/organizations/proc/1343,2026-08-02,宮崎県,国・省庁,0
農林水産省(MAFF) 林野庁(FA) 北海道森林管理局 宗谷森林管理署,900,,,0,,https://www2.njss.info/organizations/proc/1362,2026-08-02,北海道,国・省庁,0
札幌市役所 中央区役所,899,,,0,,https://www2.njss.info/organizations/proc/4398,2026-08-02,北海道,地方公共団体,0
西伯郡南部町役場,899,,,0,,https://www2.njss.info/organizations/proc/6443,2026-08-02,鳥取県,地方公共団体,0
茨城大学,898,,,0,,https://www2.njss.info/organizations/proc/5346,2026-08-02,茨城県,国・省庁,0
度会郡度会町役場,898,,,0,,https://www2.njss.info/organizations/proc/6700,2026-08-02,三重県,地方公共団体,0
国民生活センター,897,,,0,,https://www2.njss.info/organizations/proc/303,2026-08-02,神奈川県,国・省庁,0
大阪市役所 天王寺区役所,897,,,0,,https://www2.njss.info/organizations/proc/1864,2026-08-02,大阪府,地方公共団体,0
斜里郡清里町役場,897,,,0,,https://www2.njss.info/organizations/proc/6743,2026-08-02,北海道,地方公共団体,0
法務省(MOJ) 名古屋法務局,894,,,0,,https://www2.njss.info/organizations/proc/120,2026-08-02,愛知県,国・省庁,0
北千葉広域水道企業団,893,,,0,,https://www2.njss.info/organizations/proc/7328,2026-08-02,千葉県,地方公共団体,1
国立病院機構 北海道東北グループ 旭川医療センター,893,,,0,,https://www2.njss.info/organizations/proc/766,2026-08-02,北海道,国・省庁,0
宇都宮大学,893,,,0,,https://www2.njss.info/organizations/proc/5366,2026-08-02,栃木県,国・省庁,0
内閣府(CAO) 沖縄総合事務局 北部ダム統合管理事務所,893,,,0,,https://www2.njss.info/organizations/proc/7084,2026-08-02,沖縄県,国・省庁,0
鳴門教育大学,891,,,0,,https://www2.njss.info/organizations/proc/5376,2026-08-02,徳島県,国・省庁,0
防衛省(MOD) 航空自衛隊 静浜基地 第11飛行教育団,891,,,0,,https://www2.njss.info/organizations/proc/4060,2026-08-02,静岡県,国・省庁,0
国立病院機構 関東信越グループ さいがた医療センター,891,,,0,,https://www2.njss.info/organizations/proc/814,2026-08-02,新潟県,国・省庁,0
久世郡久御山町役場,890,,,0,,https://www2.njss.info/organizations/proc/6245,2026-08-02,京都府,地方公共団体,0
新庄市役所,888,,,0,,https://www2.njss.info/organizations/proc/5620,2026-08-02,山形県,地方公共団体,0
国土交通省(MLIT) 関東地方整備局 渡良瀬川河川事務所,887,,,0,,https://www2.njss.info/organizations/proc/997,2026-08-02,栃木県,国・省庁,0
豊橋技術科学大学,887,,,0,,https://www2.njss.info/organizations/proc/5391,2026-08-02,愛知県,国・省庁,0
大阪市役所 阿倍野区役所,887,,,0,,https://www2.njss.info/organizations/proc/1847,2026-08-02,大阪府,地方公共団体,0
三方上中郡若狭町役場,886,,,0,,https://www2.njss.info/organizations/proc/6454,2026-08-02,福井県,地方公共団体,0
地域医療機能推進機構(JCHO) 星ヶ丘医療センター,886,,,0,,https://www2.njss.info/organizations/proc/7146,2026-08-02,大阪府,国・省庁,0
国立病院機構 北海道東北グループ 北海道医療センター,883,,,0,,https://www2.njss.info/organizations/proc/4203,2026-08-02,北海道,国・省庁,0
全国健康保険協会 長野支部,881,,,0,,https://www2.njss.info/organizations/proc/1608,2026-08-02,長野県,国・省庁,0
市立秋田総合病院,881,,,0,,https://www2.njss.info/organizations/proc/5173,2026-08-02,秋田県,地方公共団体,1
仙台市役所 ガス局,880,,,0,,https://www2.njss.info/organizations/proc/4352,2026-08-02,宮城県,地方公共団体,0
石垣市役所,880,,,0,,https://www2.njss.info/organizations/proc/5890,2026-08-02,沖縄県,地方公共団体,0
国立文化財機構(NICH) 奈良文化財研究所,879,,,0,,https://www2.njss.info/organizations/proc/1100,2026-08-02,奈良県,国・省庁,0
農林水産省(MAFF) 動物医薬品検査所,878,,,0,,https://www2.njss.info/organizations/proc/1567,2026-08-02,東京都,国・省庁,0
西之表市役所,878,,,0,,https://www2.njss.info/organizations/proc/6334,2026-08-02,鹿児島県,地方公共団体,0
環境省(MOE) 中部地方環境事務所 信越自然環境事務所,877,,,0,,https://www2.njss.info/organizations/proc/744,2026-08-02,長野県,国・省庁,0
静岡県立大学,877,,,0,,https://www2.njss.info/organizations/proc/4461,2026-08-02,静岡県,国・省庁,0
多気郡大台町役場,877,,,0,,https://www2.njss.info/organizations/proc/6287,2026-08-02,三重県,地方公共団体,0
労働者健康安全機構 旭労災病院,877,,,0,,https://www2.njss.info/organizations/proc/1477,2026-08-02,愛知県,国・省庁,0
京都市役所 教育委員会,876,,,0,,https://www2.njss.info/organizations/proc/4199,2026-08-02,京都府,地方公共団体,0
国土交通省(MLIT) 北陸地方整備局 阿賀川河川事務所,876,,,0,,https://www2.njss.info/organizations/proc/947,2026-08-02,福島県,国・省庁,0
北相馬郡利根町役場,875,,,0,,https://www2.njss.info/organizations/proc/6204,2026-08-02,茨城県,地方公共団体,0
北海道庁 渡島総合振興局,874,,,0,,https://www2.njss.info/organizations/proc/7438,2026-08-02,北海道,地方公共団体,0
藤井寺市役所,874,,,0,,https://www2.njss.info/organizations/proc/4614,2026-08-02,大阪府,地方公共団体,0
三好郡東みよし町役場,874,,,0,,https://www2.njss.info/organizations/proc/6524,2026-08-02,徳島県,地方公共団体,0
地域医療機能推進機構(JCHO) 東京山手メディカルセンター,873,,,0,,https://www2.njss.info/organizations/proc/7166,2026-08-02,東京都,国・省庁,0
賀茂郡南伊豆町役場,873,,,0,,https://www2.njss.info/organizations/proc/6729,2026-08-02,静岡県,地方公共団体,0
日本赤十字社 京都第二赤十字病院,872,,,0,,https://www2.njss.info/organizations/proc/1253,2026-08-02,京都府,国・省庁,0
国立病院機構 北海道東北グループ 仙台西多賀病院,872,,,0,,https://www2.njss.info/organizations/proc/777,2026-08-02,宮城県,国・省庁,0
農林水産省(MAFF) 林野庁(FA) 東北森林管理局 三陸北部森林管理署,871,,,0,,https://www2.njss.info/organizations/proc/1318,2026-08-02,岩手県,国・省庁,0
埼玉大学,870,,,0,,https://www2.njss.info/organizations/proc/5361,2026-08-02,埼玉県,国・省庁,0
塩谷郡高根沢町役場,869,,,0,,https://www2.njss.info/organizations/proc/5529,2026-08-02,栃木県,地方公共団体,0
国土交通省(MLIT) 関東地方整備局 鹿島港湾・空港整備事務所,869,,,0,,https://www2.njss.info/organizations/proc/1040,2026-08-02,茨城県,国・省庁,0
地域医療機能推進機構(JCHO) 大阪病院,869,,,0,,https://www2.njss.info/organizations/proc/7144,2026-08-02,大阪府,国・省庁,0
川辺郡猪名川町役場,868,,,0,,https://www2.njss.info/organizations/proc/5605,2026-08-02,兵庫県,地方公共団体,0
国土交通省(MLIT) 東北地方整備局 岩木川ダム統合管理事務所,868,,,0,,https://www2.njss.info/organizations/proc/1054,2026-08-02,青森県,国・省庁,0
北海道警察旭川方面本部,866,,,0,,https://www2.njss.info/organizations/proc/6921,2026-08-02,北海道,地方公共団体,0
統計センター(NSTAC),866,,,0,,https://www2.njss.info/organizations/proc/360,2026-08-02,東京都,国・省庁,0
北海道警察釧路方面本部,865,,,0,,https://www2.njss.info/organizations/proc/6922,2026-08-02,北海道,地方公共団体,0
農林水産省(MAFF) 林野庁(FA) 九州森林管理局 熊本森林管理署,865,,,0,,https://www2.njss.info/organizations/proc/1337,2026-08-02,熊本県,国・省庁,0
国土交通省(MLIT) 北陸地方整備局 高田河川国道事務所,862,,,0,,https://www2.njss.info/organizations/proc/933,2026-08-02,新潟県,国・省庁,0
農林水産省(MAFF) 北海道農政事務所,862,,,0,,https://www2.njss.info/organizations/proc/276,2026-08-02,北海道,国・省庁,0
自然科学研究機構 国立天文台,861,,,0,,https://www2.njss.info/organizations/proc/4460,2026-08-02,東京都,国・省庁,1
乙訓郡大山崎町役場,861,,,0,,https://www2.njss.info/organizations/proc/6247,2026-08-02,京都府,地方公共団体,0
日本赤十字社 神戸赤十字病院,861,,,0,,https://www2.njss.info/organizations/proc/1260,2026-08-02,兵庫県,国・省庁,0
檜山郡上ノ国町役場,859,,,0,,https://www2.njss.info/organizations/proc/6706,2026-08-02,北海道,地方公共団体,0
北津軽郡鶴田町役場,859,,,0,,https://www2.njss.info/organizations/proc/6382,2026-08-02,青森県,地方公共団体,0
東白川郡塙町役場,858,,,0,,https://www2.njss.info/organizations/proc/6862,2026-08-02,福島県,地方公共団体,0
摂津市役所,857,,,0,,https://www2.njss.info/organizations/proc/4612,2026-08-02,大阪府,地方公共団体,0
岩手県立大学,857,,,0,,https://www2.njss.info/organizations/proc/4435,2026-08-02,岩手県,国・省庁,0
全国健康保険協会 岩手支部,856,,,0,,https://www2.njss.info/organizations/proc/1591,2026-08-02,岩手県,国・省庁,0
北海道庁 総合政策部,856,,,0,,https://www2.njss.info/organizations/proc/7431,2026-08-02,北海道,地方公共団体,0
潟上市役所,855,,,0,,https://www2.njss.info/organizations/proc/5508,2026-08-02,秋田県,地方公共団体,0
東伯郡三朝町役場,855,,,0,,https://www2.njss.info/organizations/proc/7001,2026-08-02,鳥取県,地方公共団体,0
猿島郡境町役場,854,,,0,,https://www2.njss.info/organizations/proc/6016,2026-08-02,茨城県,地方公共団体,0
足柄上郡大井町役場,854,,,0,,https://www2.njss.info/organizations/proc/6237,2026-08-02,神奈川県,地方公共団体,0
吉野郡下市町役場,853,,,0,,https://www2.njss.info/organizations/proc/6547,2026-08-02,奈良県,地方公共団体,0
法務省(MOJ) 大阪法務局,853,,,0,,https://www2.njss.info/organizations/proc/126,2026-08-02,大阪府,国・省庁,0
国土交通省(MLIT) 九州地方整備局 武雄河川事務所,853,,,0,,https://www2.njss.info/organizations/proc/1047,2026-08-02,佐賀県,国・省庁,0
北佐久郡軽井沢町役場,852,,,0,,https://www2.njss.info/organizations/proc/6473,2026-08-02,長野県,地方公共団体,0
防衛省(MOD) 航空自衛隊 目黒基地 幹部学校,850,,,0,,https://www2.njss.info/organizations/proc/6688,2026-08-02,東京都,国・省庁,0
秋田市役所 教育委員会,850,,,0,,https://www2.njss.info/organizations/proc/7041,2026-08-02,秋田県,地方公共団体,0
長野県庁 上田建設事務所,848,,,0,,https://www2.njss.info/organizations/proc/4296,2026-08-02,長野県,地方公共団体,0
高知県庁 林業振興・環境部,847,,,0,,https://www2.njss.info/organizations/proc/7748,2026-08-02,高知県,地方公共団体,0
国立病院機構 九州グループ 指宿医療センター,845,,,0,,https://www2.njss.info/organizations/proc/893,2026-08-02,鹿児島県,国・省庁,0
大阪市役所 会計室,844,,,0,,https://www2.njss.info/organizations/proc/1834,2026-08-02,大阪府,地方公共団体,0
国立病院機構 中国四国グループ 愛媛医療センター,844,,,0,,https://www2.njss.info/organizations/proc/911,2026-08-02,愛媛県,国・省庁,0
飯石郡飯南町役場,842,,,0,,https://www2.njss.info/organizations/proc/6973,2026-08-02,島根県,地方公共団体,0
国立病院機構 九州グループ 西別府病院,841,,,0,,https://www2.njss.info/organizations/proc/900,2026-08-02,大分県,国・省庁,0
農林水産省(MAFF) 林野庁(FA) 九州森林管理局 宮崎南部森林管理署,841,,,0,,https://www2.njss.info/organizations/proc/1345,2026-08-02,宮崎県,国・省庁,0
厚生労働省(MHLW) 国立療養所大島青松園,841,,,0,,https://www2.njss.info/organizations/proc/4716,2026-08-02,香川県,国・省庁,0
比企郡嵐山町役場,841,,,0,,https://www2.njss.info/organizations/proc/6221,2026-08-02,埼玉県,地方公共団体,0
地域医療機能推進機構(JCHO) 東京新宿メディカルセンター,840,,,0,,https://www2.njss.info/organizations/proc/7165,2026-08-02,東京都,国・省庁,0
農林水産省(MAFF) 林野庁(FA) 北海道森林管理局 上川南部森林管理署,840,,,0,,https://www2.njss.info/organizations/proc/1365,2026-08-02,北海道,国・省庁,0
北茨城市役所,839,,,0,,https://www2.njss.info/organizations/proc/5511,2026-08-02,茨城県,地方公共団体,0
国立病院機構 東海北陸グループ 富山病院,838,,,0,,https://www2.njss.info/organizations/proc/851,2026-08-02,富山県,国・省庁,0
仲多度郡まんのう町役場,838,,,0,,https://www2.njss.info/organizations/proc/6519,2026-08-02,香川県,地方公共団体,0
夷隅郡大多喜町役場,836,,,0,,https://www2.njss.info/organizations/proc/6236,2026-08-02,千葉県,地方公共団体,0
北足立郡伊奈町役場,835,,,0,,https://www2.njss.info/organizations/proc/5532,2026-08-02,埼玉県,地方公共団体,0
国立病院機構 中国四国グループ 米子医療センター,834,,,0,,https://www2.njss.info/organizations/proc/808,2026-08-02,鳥取県,国・省庁,0
高齢・障害・求職者雇用支援機構 長野支部,834,,,0,,https://www2.njss.info/organizations/proc/4411,2026-08-02,長野県,国・省庁,0
国立病院機構 東海北陸グループ 静岡てんかん・神経医療センター,834,,,0,,https://www2.njss.info/organizations/proc/877,2026-08-02,静岡県,国・省庁,0
農林水産省(MAFF) 林野庁(FA) 北海道森林管理局 日高南部森林管理署,834,,,0,,https://www2.njss.info/organizations/proc/1359,2026-08-02,北海道,国・省庁,0
鹿足郡津和野町役場,833,,,0,,https://www2.njss.info/organizations/proc/7007,2026-08-02,島根県,地方公共団体,0
国立病院機構 北海道東北グループ 宮城病院,833,,,0,,https://www2.njss.info/organizations/proc/778,2026-08-02,宮城県,国・省庁,0
長崎県庁 教育委員会,833,,,0,,https://www2.njss.info/organizations/proc/7248,2026-08-02,長崎県,地方公共団体,0
長生郡長生村役場,832,,,0,,https://www2.njss.info/organizations/proc/6233,2026-08-02,千葉県,地方公共団体,0
大阪市役所 平野区役所,832,,,0,,https://www2.njss.info/organizations/proc/1861,2026-08-02,大阪府,地方公共団体,0
日本赤十字社 北見赤十字病院,830,,,0,,https://www2.njss.info/organizations/proc/1204,2026-08-02,北海道,国・省庁,0
日本赤十字社 姫路赤十字病院,829,,,0,,https://www2.njss.info/organizations/proc/1257,2026-08-02,兵庫県,国・省庁,0
日本赤十字社 松江赤十字病院,828,,,0,,https://www2.njss.info/organizations/proc/1263,2026-08-02,島根県,国・省庁,0
国土交通省(MLIT) 東北地方整備局 八戸港湾・空港整備事務所,827,,,0,,https://www2.njss.info/organizations/proc/1058,2026-08-02,青森県,国・省庁,0
名西郡神山町役場,826,,,0,,https://www2.njss.info/organizations/proc/7053,2026-08-02,徳島県,地方公共団体,0
有田郡湯浅町役場,826,,,0,,https://www2.njss.info/organizations/proc/6268,2026-08-02,和歌山県,地方公共団体,0
札幌市役所 デジタル戦略推進局,825,,,0,,https://www2.njss.info/organizations/proc/7970,2026-08-02,北海道,地方公共団体,0
警察共済組合,823,,,0,,https://www2.njss.info/organizations/proc/5467,2026-08-02,東京都,国・省庁,1
北海道観光機構,823,,,0,,https://www2.njss.info/organizations/proc/6681,2026-08-02,北海道,国・省庁,1
日野郡日南町役場,823,,,0,,https://www2.njss.info/organizations/proc/7002,2026-08-02,鳥取県,地方公共団体,0
教職員支援機構(NITS),822,,,0,,https://www2.njss.info/organizations/proc/227,2026-08-02,茨城県,国・省庁,0
加賀郡吉備中央町役場,821,,,0,,https://www2.njss.info/organizations/proc/6536,2026-08-02,岡山県,地方公共団体,0
法務省(MOJ) 札幌法務局,821,,,0,,https://www2.njss.info/organizations/proc/130,2026-08-02,北海道,国・省庁,0
奥多摩町役場,821,,,0,,https://www2.njss.info/organizations/proc/4576,2026-08-02,東京都,地方公共団体,0
北葛城郡上牧町役場,820,,,0,,https://www2.njss.info/organizations/proc/6041,2026-08-02,奈良県,地方公共団体,0
国土交通省(MLIT) 関東地方整備局 下館河川事務所,820,,,0,,https://www2.njss.info/organizations/proc/998,2026-08-02,茨城県,国・省庁,0
農林水産省(MAFF) 林野庁(FA) 九州森林管理局 長崎森林管理署,820,,,0,,https://www2.njss.info/organizations/proc/1336,2026-08-02,長崎県,国・省庁,0
大阪市役所 住吉区役所,820,,,0,,https://www2.njss.info/organizations/proc/1868,2026-08-02,大阪府,地方公共団体,0
水資源機構 中部支社 豊川用水総合管理所,819,,,0,,https://www2.njss.info/organizations/proc/471,2026-08-02,愛知県,国・省庁,0
国立病院機構 近畿グループ 南京都病院,819,,,0,,https://www2.njss.info/organizations/proc/848,2026-08-02,京都府,国・省庁,0
奈良先端科学技術大学院大学,818,,,0,,https://www2.njss.info/organizations/proc/5355,2026-08-02,奈良県,国・省庁,0
榛原郡川根本町役場,818,,,0,,https://www2.njss.info/organizations/proc/6690,2026-08-02,静岡県,地方公共団体,0
法務省(MOJ) 検察庁 東京地方検察庁,818,,,0,,https://www2.njss.info/organizations/proc/190,2026-08-02,東京都,国・省庁,0
高齢・障害・求職者雇用支援機構 神奈川支部,818,,,0,,https://www2.njss.info/organizations/proc/5805,2026-08-02,神奈川県,国・省庁,0
南魚沼郡湯沢町役場,818,,,0,,https://www2.njss.info/organizations/proc/6894,2026-08-02,新潟県,地方公共団体,0
国土交通省(MLIT) 気象庁 沖縄気象台,817,,,0,,https://www2.njss.info/organizations/proc/514,2026-08-02,沖縄県,国・省庁,0
日本赤十字社 愛知医療センター 名古屋第二病院,817,,,0,,https://www2.njss.info/organizations/proc/1248,2026-08-02,愛知県,国・省庁,0
全国健康保険協会 広島支部,817,,,0,,https://www2.njss.info/organizations/proc/1622,2026-08-02,広島県,国・省庁,0
中日本高速道路株式会社(NEXCO) 名古屋支社,816,,,0,,https://www2.njss.info/organizations/proc/1965,2026-08-02,愛知県,国・省庁,0
中日本高速道路株式会社(NEXCO) 東京支社,816,,,0,,https://www2.njss.info/organizations/proc/1988,2026-08-02,東京都,国・省庁,0
下新川郡朝日町役場,816,,,0,,https://www2.njss.info/organizations/proc/6459,2026-08-02,富山県,地方公共団体,0
国土交通省(MLIT) 関東地方整備局 利根川上流河川事務所,816,,,0,,https://www2.njss.info/organizations/proc/992,2026-08-02,埼玉県,国・省庁,0
自治医科大学,815,,,0,,https://www2.njss.info/organizations/proc/7730,2026-08-02,栃木県,国・省庁,0
玉名郡長洲町役場,814,,,0,,https://www2.njss.info/organizations/proc/6314,2026-08-02,熊本県,地方公共団体,0
国土交通省(MLIT) 北陸地方整備局 金沢港湾・空港整備事務所,814,,,0,,https://www2.njss.info/organizations/proc/957,2026-08-02,石川県,国・省庁,0
厚生労働省(MHLW) 鳥取労働局,813,,,0,,https://www2.njss.info/organizations/proc/598,2026-08-02,鳥取県,国・省庁,0
国土交通省(MLIT) 東北地方整備局 南三陸沿岸国道事務所,812,,,0,,https://www2.njss.info/organizations/proc/5207,2026-08-02,岩手県,国・省庁,0
国立病院機構 関東信越グループ 神奈川病院,812,,,0,,https://www2.njss.info/organizations/proc/799,2026-08-02,神奈川県,国・省庁,0
札幌市役所 まちづくり政策局,809,,,0,,https://www2.njss.info/organizations/proc/4388,2026-08-02,北海道,地方公共団体,0
家畜改良センター(NLBC) 宮崎牧場,809,,,0,,https://www2.njss.info/organizations/proc/1443,2026-08-02,宮崎県,国・省庁,0
芳賀郡市貝町役場,808,,,0,,https://www2.njss.info/organizations/proc/6211,2026-08-02,栃木県,地方公共団体,0
天塩郡遠別町役場,808,,,0,,https://www2.njss.info/organizations/proc/6774,2026-08-02,北海道,地方公共団体,0
上水内郡飯綱町役場,807,,,0,,https://www2.njss.info/organizations/proc/6463,2026-08-02,長野県,地方公共団体,0
海草郡紀美野町役場,806,,,0,,https://www2.njss.info/organizations/proc/6270,2026-08-02,和歌山県,地方公共団体,0
農林水産省(MAFF) 林野庁(FA) 九州森林管理局 宮崎北部森林管理署,806,,,0,,https://www2.njss.info/organizations/proc/1341,2026-08-02,宮崎県,国・省庁,0
国土交通省(MLIT) 北陸地方整備局 信濃川河川事務所,805,,,0,,https://www2.njss.info/organizations/proc/935,2026-08-02,新潟県,国・省庁,0
北葛城郡広陵町役場,805,,,0,,https://www2.njss.info/organizations/proc/5730,2026-08-02,奈良県,地方公共団体,0
全国健康保険協会 福岡支部,804,,,0,,https://www2.njss.info/organizations/proc/1628,2026-08-02,福岡県,国・省庁,0
度会郡玉城町役場,804,,,0,,https://www2.njss.info/organizations/proc/6283,2026-08-02,三重県,地方公共団体,0
全国健康保険協会 富山支部,802,,,0,,https://www2.njss.info/organizations/proc/1604,2026-08-02,富山県,国・省庁,0
高齢・障害・求職者雇用支援機構 三重支部,800,,,0,,https://www2.njss.info/organizations/proc/4414,2026-08-02,三重県,国・省庁,0
比企郡ときがわ町役場,798,,,0,,https://www2.njss.info/organizations/proc/6227,2026-08-02,埼玉県,地方公共団体,0
相生市役所,798,,,0,,https://www2.njss.info/organizations/proc/5593,2026-08-02,兵庫県,地方公共団体,0
全国健康保険協会 茨城支部,798,,,0,,https://www2.njss.info/organizations/proc/1596,2026-08-02,茨城県,国・省庁,0
周智郡森町役場,798,,,0,,https://www2.njss.info/organizations/proc/6277,2026-08-02,静岡県,地方公共団体,0
農林水産省(MAFF) 林野庁(FA) 東北森林管理局 三陸中部森林管理署,798,,,0,,https://www2.njss.info/organizations/proc/1320,2026-08-02,岩手県,国・省庁,0
綴喜郡井手町役場,797,,,0,,https://www2.njss.info/organizations/proc/6562,2026-08-02,京都府,地方公共団体,0
西置賜郡白鷹町役場,797,,,0,,https://www2.njss.info/organizations/proc/6417,2026-08-02,山形県,地方公共団体,0
全国健康保険協会 埼玉支部,796,,,0,,https://www2.njss.info/organizations/proc/1599,2026-08-02,埼玉県,国・省庁,0
法務省(MOJ) 横浜地方法務局,796,,,0,,https://www2.njss.info/organizations/proc/143,2026-08-02,神奈川県,国・省庁,0
石川県警察本部,794,,,0,,https://www2.njss.info/organizations/proc/313,2026-08-02,石川県,地方公共団体,0
農林水産省(MAFF) 林野庁(FA) 九州森林管理局 西都児湯森林管理署,794,,,0,,https://www2.njss.info/organizations/proc/1342,2026-08-02,宮崎県,国・省庁,0
南津軽郡大鰐町役場,794,,,0,,https://www2.njss.info/organizations/proc/6388,2026-08-02,青森県,地方公共団体,0
網走郡美幌町役場,793,,,0,,https://www2.njss.info/organizations/proc/6011,2026-08-02,北海道,地方公共団体,0
自然科学研究機構,792,,,0,,https://www2.njss.info/organizations/proc/7847,2026-08-02,東京都,国・省庁,1
下伊那郡高森町役場,792,,,0,,https://www2.njss.info/organizations/proc/6466,2026-08-02,長野県,地方公共団体,0
双葉郡広野町役場,792,,,0,,https://www2.njss.info/organizations/proc/6880,2026-08-02,福島県,地方公共団体,0
奈良県庁 福祉保険部,791,,,0,,https://www2.njss.info/organizations/proc/4797,2026-08-02,奈良県,地方公共団体,0
高齢・障害・求職者雇用支援機構 滋賀支部,791,,,0,,https://www2.njss.info/organizations/proc/5849,2026-08-02,滋賀県,国・省庁,0
阿蘇郡西原村役場,790,,,0,,https://www2.njss.info/organizations/proc/6609,2026-08-02,熊本県,地方公共団体,0
酒類総合研究所,790,,,0,,https://www2.njss.info/organizations/proc/401,2026-08-02,広島県,国・省庁,0
農林水産省(MAFF) 林野庁(FA) 東北森林管理局 津軽森林管理署 金木支署,790,,,0,,https://www2.njss.info/organizations/proc/1311,2026-08-02,青森県,国・省庁,0
国立病院機構 近畿グループ 敦賀医療センター,789,,,0,,https://www2.njss.info/organizations/proc/815,2026-08-02,福井県,国・省庁,0
双葉郡富岡町役場,789,,,0,,https://www2.njss.info/organizations/proc/6426,2026-08-02,福島県,地方公共団体,0
国土交通省(MLIT) 四国地方整備局 四国技術事務所,789,,,0,,https://www2.njss.info/organizations/proc/922,2026-08-02,香川県,国・省庁,0
広島市文化財団,789,,,0,,https://www2.njss.info/organizations/proc/4368,2026-08-02,広島県,国・省庁,1
日本赤十字社 東北ブロック血液センター,788,,,0,,https://www2.njss.info/organizations/proc/4958,2026-08-02,宮城県,国・省庁,0
農林水産省(MAFF) 林野庁(FA) 東北森林管理局 庄内森林管理署,788,,,0,,https://www2.njss.info/organizations/proc/1329,2026-08-02,山形県,国・省庁,0
熊毛郡中種子町役場,788,,,0,,https://www2.njss.info/organizations/proc/6714,2026-08-02,鹿児島県,地方公共団体,0
国土交通省(MLIT) 近畿地方整備局 京都国道事務所,787,,,0,,https://www2.njss.info/organizations/proc/963,2026-08-02,京都府,国・省庁,0
地域医療機能推進機構(JCHO) 北海道病院,787,,,0,,https://www2.njss.info/organizations/proc/7187,2026-08-02,北海道,国・省庁,0
全国健康保険協会 鹿児島支部,786,,,0,,https://www2.njss.info/organizations/proc/1634,2026-08-02,鹿児島県,国・省庁,0
静岡県立総合病院,786,,,0,,https://www2.njss.info/organizations/proc/5656,2026-08-02,静岡県,地方公共団体,0
お茶の水女子大学,785,,,0,,https://www2.njss.info/organizations/proc/253,2026-08-02,東京都,国・省庁,0
国立病院機構 近畿グループ 奈良医療センター,785,,,0,,https://www2.njss.info/organizations/proc/884,2026-08-02,奈良県,国・省庁,0
越谷・松伏水道企業団,785,,,0,,https://www2.njss.info/organizations/proc/7319,2026-08-02,埼玉県,地方公共団体,0
国土交通省(MLIT) 関東地方整備局 常陸河川国道事務所,784,,,0,,https://www2.njss.info/organizations/proc/1026,2026-08-02,茨城県,国・省庁,0
八代郡氷川町役場,783,,,0,,https://www2.njss.info/organizations/proc/6315,2026-08-02,熊本県,地方公共団体,0
国土交通省(MLIT) 四国地方整備局 高知港湾・空港整備事務所,783,,,0,,https://www2.njss.info/organizations/proc/5219,2026-08-02,高知県,国・省庁,0
国立病院機構 中国四国グループ 鳥取医療センター,781,,,0,,https://www2.njss.info/organizations/proc/803,2026-08-02,鳥取県,国・省庁,0
国立病院機構 中国四国グループ 南岡山医療センター,779,,,0,,https://www2.njss.info/organizations/proc/826,2026-08-02,岡山県,国・省庁,0
児玉郡美里町役場,778,,,0,,https://www2.njss.info/organizations/proc/6228,2026-08-02,埼玉県,地方公共団体,0
赤穂郡上郡町役場,777,,,0,,https://www2.njss.info/organizations/proc/6256,2026-08-02,兵庫県,地方公共団体,1
自動車安全運転センター,777,,,0,,https://www2.njss.info/organizations/proc/1290,2026-08-02,東京都,国・省庁,1
札幌市役所 厚別区役所,777,,,0,,https://www2.njss.info/organizations/proc/4402,2026-08-02,北海道,地方公共団体,0
東日本電信電話株式会社〈NTT東日本〉,776,,,0,,https://www2.njss.info/organizations/proc/1302,2026-08-02,東京都,国・省庁,0
亀田郡七飯町役場,775,,,0,,https://www2.njss.info/organizations/proc/6001,2026-08-02,北海道,地方公共団体,0
高齢・障害・求職者雇用支援機構 熊本支部,775,,,0,,https://www2.njss.info/organizations/proc/5870,2026-08-02,熊本県,国・省庁,0
大月市役所,775,,,0,,https://www2.njss.info/organizations/proc/6158,2026-08-02,山梨県,地方公共団体,0
政策研究大学院大学(GRIPS),775,,,0,,https://www2.njss.info/organizations/proc/248,2026-08-02,東京都,国・省庁,0
農林水産省(MAFF) 林野庁(FA) 北海道森林管理局 十勝西部森林管理署 東大雪支署,774,,,0,,https://www2.njss.info/organizations/proc/1374,2026-08-02,北海道,国・省庁,0
足柄下郡真鶴町役場,774,,,0,,https://www2.njss.info/organizations/proc/6541,2026-08-02,神奈川県,地方公共団体,0
宮津市役所,773,,,0,,https://www2.njss.info/organizations/proc/6244,2026-08-02,京都府,地方公共団体,0
国土交通省(MLIT) 関東地方整備局 高崎河川国道事務所,772,,,0,,https://www2.njss.info/organizations/proc/1027,2026-08-02,群馬県,国・省庁,0
農林水産省(MAFF) 林野庁(FA) 東北森林管理局 岩手南部森林管理署 遠野支署,772,,,0,,https://www2.njss.info/organizations/proc/1317,2026-08-02,岩手県,国・省庁,0
厚生労働省(MHLW) 国立療養所東北新生園,771,,,0,,https://www2.njss.info/organizations/proc/686,2026-08-02,宮城県,国・省庁,0
農林水産省(MAFF) 林野庁(FA) 北海道森林管理局 網走西部森林管理署 西紋別支署,771,,,0,,https://www2.njss.info/organizations/proc/1367,2026-08-02,北海道,国・省庁,0
農林水産省(MAFF) 林野庁(FA) 北海道森林管理局 十勝西部森林管理署,770,,,0,,https://www2.njss.info/organizations/proc/1373,2026-08-02,北海道,国・省庁,0
国立病院機構 北海道東北グループ 帯広病院,768,,,0,,https://www2.njss.info/organizations/proc/767,2026-08-02,北海道,国・省庁,0
上伊那郡中川村役場,768,,,0,,https://www2.njss.info/organizations/proc/6965,2026-08-02,長野県,地方公共団体,0
北海道教育大学,767,,,0,,https://www2.njss.info/organizations/proc/5359,2026-08-02,北海道,国・省庁,0
夕張市役所,767,,,0,,https://www2.njss.info/organizations/proc/6369,2026-08-02,北海道,地方公共団体,0
富山市立富山市民病院,767,,,0,,https://www2.njss.info/organizations/proc/4324,2026-08-02,富山県,地方公共団体,1
大阪市役所 市会 事務局,767,,,0,,https://www2.njss.info/organizations/proc/1840,2026-08-02,大阪府,地方公共団体,0
東置賜郡川西町役場,766,,,0,,https://www2.njss.info/organizations/proc/6415,2026-08-02,山形県,地方公共団体,0
国土交通省(MLIT) 近畿地方整備局 神戸港湾事務所,765,,,0,,https://www2.njss.info/organizations/proc/5212,2026-08-02,兵庫県,国・省庁,0
労働者健康安全機構 秋田労災病院,765,,,0,,https://www2.njss.info/organizations/proc/1465,2026-08-02,秋田県,国・省庁,0
高齢・障害・求職者雇用支援機構 沖縄支部,763,,,0,,https://www2.njss.info/organizations/proc/5875,2026-08-02,沖縄県,国・省庁,0
経済産業研究所(RIETI),763,,,0,,https://www2.njss.info/organizations/proc/726,2026-08-02,東京都,国・省庁,0
国土交通省(MLIT) 北陸地方整備局 新潟国道事務所,762,,,0,,https://www2.njss.info/organizations/proc/940,2026-08-02,新潟県,国・省庁,0
法務省(MOJ) 長野地方法務局,761,,,0,,https://www2.njss.info/organizations/proc/118,2026-08-02,長野県,国・省庁,0
杵島郡大町町役場,761,,,0,,https://www2.njss.info/organizations/proc/6602,2026-08-02,佐賀県,地方公共団体,0
東臼杵郡門川町役場,759,,,0,,https://www2.njss.info/organizations/proc/6326,2026-08-02,宮崎県,地方公共団体,0
日本弁理士会(JPAA),757,,,0,,https://www2.njss.info/organizations/proc/1288,2026-08-02,東京都,国・省庁,1
国立病院機構 東海北陸グループ 鈴鹿病院,756,,,0,,https://www2.njss.info/organizations/proc/798,2026-08-02,三重県,国・省庁,0
広尾郡大樹町役場,756,,,0,,https://www2.njss.info/organizations/proc/6803,2026-08-02,北海道,地方公共団体,0
国土交通省(MLIT) 四国地方整備局 山鳥坂ダム工事事務所,754,,,0,,https://www2.njss.info/organizations/proc/926,2026-08-02,愛媛県,国・省庁,0
北津軽郡中泊町役場,753,,,0,,https://www2.njss.info/organizations/proc/6383,2026-08-02,青森県,地方公共団体,1
網走郡大空町役場,753,,,0,,https://www2.njss.info/organizations/proc/6661,2026-08-02,北海道,地方公共団体,0
国土交通省(MLIT) 運輸安全委員会,752,,,0,,https://www2.njss.info/organizations/proc/1094,2026-08-02,東京都,国・省庁,0
国立病院機構 関東信越グループ 宇都宮病院,752,,,0,,https://www2.njss.info/organizations/proc/813,2026-08-02,栃木県,国・省庁,0
家畜改良センター(NLBC) 岩手牧場,752,,,0,,https://www2.njss.info/organizations/proc/1436,2026-08-02,岩手県,国・省庁,0
沙流郡平取町役場,752,,,0,,https://www2.njss.info/organizations/proc/6702,2026-08-02,北海道,地方公共団体,0
大学入試センター(DNC),750,,,0,,https://www2.njss.info/organizations/proc/219,2026-08-02,東京都,国・省庁,0
防衛省(MOD) 陸上自衛隊 下志津駐屯地 高射学校,750,,,0,,https://www2.njss.info/organizations/proc/7852,2026-08-02,千葉県,国・省庁,0
国立病院機構 近畿グループ 和歌山病院,749,,,0,,https://www2.njss.info/organizations/proc/791,2026-08-02,和歌山県,国・省庁,0
国土交通省(MLIT) 関東地方整備局 甲府河川国道事務所,747,,,0,,https://www2.njss.info/organizations/proc/1028,2026-08-02,山梨県,国・省庁,0
法務省(MOJ) 仙台法務局,747,,,0,,https://www2.njss.info/organizations/proc/131,2026-08-02,宮城県,国・省庁,0
にかほ市役所,746,,,0,,https://www2.njss.info/organizations/proc/6135,2026-08-02,秋田県,地方公共団体,0
大阪市役所 浪速区役所,745,,,0,,https://www2.njss.info/organizations/proc/1844,2026-08-02,大阪府,地方公共団体,0
国立病院機構 中国四国グループ とくしま医療センター東病院,745,,,0,,https://www2.njss.info/organizations/proc/905,2026-08-02,徳島県,国・省庁,0
農林水産省(MAFF) 林野庁(FA) 北海道森林管理局 上川中部森林管理署,744,,,0,,https://www2.njss.info/organizations/proc/1364,2026-08-02,北海道,国・省庁,0
佐賀県医療センター好生館,743,,,0,,https://www2.njss.info/organizations/proc/7343,2026-08-02,佐賀県,地方公共団体,1
長井市役所,742,,,0,,https://www2.njss.info/organizations/proc/6137,2026-08-02,山形県,地方公共団体,0
国立病院機構 中国四国グループ とくしま医療センター西病院,741,,,0,,https://www2.njss.info/organizations/proc/906,2026-08-02,徳島県,国・省庁,0
高齢・障害・求職者雇用支援機構 鳥取支部,741,,,0,,https://www2.njss.info/organizations/proc/5856,2026-08-02,鳥取県,国・省庁,0
長野県庁 北信建設事務所,741,,,0,,https://www2.njss.info/organizations/proc/4307,2026-08-02,長野県,地方公共団体,0
神奈川県立保健福祉大学,741,,,0,,https://www2.njss.info/organizations/proc/4465,2026-08-02,神奈川県,国・省庁,0
三戸郡階上町役場,741,,,0,,https://www2.njss.info/organizations/proc/6380,2026-08-02,青森県,地方公共団体,0
札幌市役所 清田区役所,740,,,0,,https://www2.njss.info/organizations/proc/4404,2026-08-02,北海道,地方公共団体,0
地域医療機能推進機構(JCHO) 福井勝山総合病院,739,,,0,,https://www2.njss.info/organizations/proc/7185,2026-08-02,福井県,国・省庁,0
国土交通省(MLIT) 海上保安庁 海上保安大学校,738,,,0,,https://www2.njss.info/organizations/proc/550,2026-08-02,広島県,国・省庁,0
高齢・障害・求職者雇用支援機構 福島支部,737,,,0,,https://www2.njss.info/organizations/proc/5796,2026-08-02,福島県,国・省庁,0
国土交通省(MLIT) 九州地方整備局 北九州港湾・空港整備事務所,736,,,0,,https://www2.njss.info/organizations/proc/1051,2026-08-02,福岡県,国・省庁,0
地域医療機能推進機構(JCHO) 神戸中央病院,736,,,0,,https://www2.njss.info/organizations/proc/7147,2026-08-02,兵庫県,国・省庁,0
地域医療機能推進機構(JCHO) 群馬中央病院,735,,,0,,https://www2.njss.info/organizations/proc/7159,2026-08-02,群馬県,国・省庁,0
労働者健康安全機構 愛媛労災病院,734,,,0,,https://www2.njss.info/organizations/proc/1486,2026-08-02,愛媛県,国・省庁,0
公立学校共済組合,733,,,0,,https://www2.njss.info/organizations/proc/1571,2026-08-02,東京都,国・省庁,1
国土交通省(MLIT) 近畿地方整備局 大和川河川事務所,731,,,0,,https://www2.njss.info/organizations/proc/980,2026-08-02,大阪府,国・省庁,0
厚生労働省(MHLW) 近畿厚生局,730,,,0,,https://www2.njss.info/organizations/proc/697,2026-08-02,大阪府,国・省庁,0
高齢・障害・求職者雇用支援機構 大分支部,729,,,0,,https://www2.njss.info/organizations/proc/5872,2026-08-02,大分県,国・省庁,0
国土交通省(MLIT) 東北地方整備局 小名浜港湾事務所,728,,,0,,https://www2.njss.info/organizations/proc/1093,2026-08-02,福島県,国・省庁,0
上水内郡信濃町役場,728,,,0,,https://www2.njss.info/organizations/proc/6910,2026-08-02,長野県,地方公共団体,0
福島県庁 保健福祉部,727,,,0,,https://www2.njss.info/organizations/proc/5558,2026-08-02,福島県,地方公共団体,0
国立病院機構 近畿グループ 兵庫あおの病院,727,,,0,,https://www2.njss.info/organizations/proc/876,2026-08-02,兵庫県,国・省庁,0
全国健康保険協会 愛知支部,726,,,0,,https://www2.njss.info/organizations/proc/1611,2026-08-02,愛知県,国・省庁,0
全国健康保険協会 青森支部,725,,,0,,https://www2.njss.info/organizations/proc/1590,2026-08-02,青森県,国・省庁,0
日本赤十字社 北海道ブロック血液センター,725,,,0,,https://www2.njss.info/organizations/proc/4961,2026-08-02,北海道,国・省庁,0
伊具郡丸森町役場,724,,,0,,https://www2.njss.info/organizations/proc/6437,2026-08-02,宮城県,地方公共団体,0
田川郡福智町役場,723,,,0,,https://www2.njss.info/organizations/proc/6086,2026-08-02,福岡県,地方公共団体,0
西村山郡河北町役場,723,,,0,,https://www2.njss.info/organizations/proc/6413,2026-08-02,山形県,地方公共団体,0
福島県庁 病院局,722,,,0,,https://www2.njss.info/organizations/proc/5554,2026-08-02,福島県,地方公共団体,0
国土交通省(MLIT) 関東地方整備局 千葉国道事務所,721,,,0,,https://www2.njss.info/organizations/proc/1020,2026-08-02,千葉県,国・省庁,0
国立文化財機構(NICH) 九州国立博物館,719,,,0,,https://www2.njss.info/organizations/proc/1098,2026-08-02,福岡県,国・省庁,0
法務省(MOJ) 神戸地方法務局,719,,,0,,https://www2.njss.info/organizations/proc/106,2026-08-02,兵庫県,国・省庁,0
国立病院機構 北海道東北グループ 函館医療センター,719,,,0,,https://www2.njss.info/organizations/proc/765,2026-08-02,北海道,国・省庁,0
中川郡中川町役場,719,,,0,,https://www2.njss.info/organizations/proc/6793,2026-08-02,北海道,地方公共団体,0
泉南郡岬町役場,718,,,0,,https://www2.njss.info/organizations/proc/6249,2026-08-02,大阪府,地方公共団体,0
釧路郡釧路町役場,717,,,0,,https://www2.njss.info/organizations/proc/6013,2026-08-02,北海道,地方公共団体,0
総務省(MIC) 東北総合通信局,715,,,0,,https://www2.njss.info/organizations/proc/371,2026-08-02,宮城県,国・省庁,0
東茨城郡大洗町役場,715,,,0,,https://www2.njss.info/organizations/proc/6203,2026-08-02,茨城県,地方公共団体,0
環境省(MOE) 中部地方環境事務所,714,,,0,,https://www2.njss.info/organizations/proc/745,2026-08-02,愛知県,国・省庁,0
虻田郡ニセコ町役場,713,,,0,,https://www2.njss.info/organizations/proc/6741,2026-08-02,北海道,地方公共団体,0
厚生労働省(MHLW) 九州厚生局,712,,,0,,https://www2.njss.info/organizations/proc/698,2026-08-02,福岡県,国・省庁,0
大島郡瀬戸内町役場,712,,,0,,https://www2.njss.info/organizations/proc/6711,2026-08-02,鹿児島県,地方公共団体,0
全国健康保険協会 滋賀支部,711,,,0,,https://www2.njss.info/organizations/proc/1613,2026-08-02,滋賀県,国・省庁,0
北海道立子ども総合医療・療育センター,711,,,0,,https://www2.njss.info/organizations/proc/5989,2026-08-02,北海道,地方公共団体,1
国立病院機構 九州グループ 沖縄病院,710,,,0,,https://www2.njss.info/organizations/proc/886,2026-08-02,沖縄県,国・省庁,0
安芸郡府中町役場,709,,,0,,https://www2.njss.info/organizations/proc/5945,2026-08-02,広島県,地方公共団体,0
東津軽郡平内町役場,709,,,0,,https://www2.njss.info/organizations/proc/6384,2026-08-02,青森県,地方公共団体,0
国土交通省(MLIT) 関東地方整備局 霞ヶ浦河川事務所,708,,,0,,https://www2.njss.info/organizations/proc/994,2026-08-02,茨城県,国・省庁,0
中川郡幕別町役場,707,,,0,,https://www2.njss.info/organizations/proc/6002,2026-08-02,北海道,地方公共団体,0
大阪市役所 東淀川区役所,706,,,0,,https://www2.njss.info/organizations/proc/1845,2026-08-02,大阪府,地方公共団体,0
農業者年金基金,705,,,0,,https://www2.njss.info/organizations/proc/296,2026-08-02,東京都,国・省庁,0
全国健康保険協会 愛媛支部,705,,,0,,https://www2.njss.info/organizations/proc/1626,2026-08-02,愛媛県,国・省庁,0
農林水産省(MAFF) 林野庁(FA) 北海道森林管理局 根釧東部森林管理署,705,,,0,,https://www2.njss.info/organizations/proc/1371,2026-08-02,北海道,国・省庁,0
最上郡大蔵村役場,705,,,0,,https://www2.njss.info/organizations/proc/6861,2026-08-02,山形県,地方公共団体,0
京都工芸繊維大学,704,,,0,,https://www2.njss.info/organizations/proc/4235,2026-08-02,京都府,国・省庁,0
浅口郡里庄町役場,704,,,0,,https://www2.njss.info/organizations/proc/6533,2026-08-02,岡山県,地方公共団体,0
労働者健康安全機構 長崎労災病院,704,,,0,,https://www2.njss.info/organizations/proc/1489,2026-08-02,長崎県,国・省庁,0
大阪市役所 【［閉鎖］ゆとりとみどり振興局】,704,,,0,,https://www2.njss.info/organizations/proc/1823,2026-08-02,大阪府,地方公共団体,1
吉野郡大淀町役場,703,,,0,,https://www2.njss.info/organizations/proc/6261,2026-08-02,奈良県,地方公共団体,0
勇払郡むかわ町役場,703,,,0,,https://www2.njss.info/organizations/proc/6649,2026-08-02,北海道,地方公共団体,0
栃木県庁 教育委員会,701,,,0,,https://www2.njss.info/organizations/proc/4309,2026-08-02,栃木県,地方公共団体,0
国土交通省(MLIT) 九州地方整備局 大分河川国道事務所,700,,,0,,https://www2.njss.info/organizations/proc/5299,2026-08-02,大分県,国・省庁,0
地域医療機能推進機構(JCHO) 四日市羽津医療センター,700,,,0,,https://www2.njss.info/organizations/proc/7182,2026-08-02,三重県,国・省庁,0
農林水産省(MAFF) 林野庁(FA) 北海道森林管理局 日高北部森林管理署,700,,,0,,https://www2.njss.info/organizations/proc/1358,2026-08-02,北海道,国・省庁,0
三潴郡大木町役場,699,,,0,,https://www2.njss.info/organizations/proc/6301,2026-08-02,福岡県,地方公共団体,0
労働者健康安全機構 総合せき損センター,699,,,0,,https://www2.njss.info/organizations/proc/1492,2026-08-02,福岡県,国・省庁,0
西津軽郡鰺ヶ沢町役場,699,,,0,,https://www2.njss.info/organizations/proc/6385,2026-08-02,青森県,地方公共団体,0
出水郡長島町役場,698,,,0,,https://www2.njss.info/organizations/proc/6339,2026-08-02,鹿児島県,地方公共団体,0
国土交通省(MLIT) 東北地方整備局 秋田港湾事務所,697,,,0,,https://www2.njss.info/organizations/proc/1066,2026-08-02,秋田県,国・省庁,0
長生郡市広域市町村圏組合,697,,,0,,https://www2.njss.info/organizations/proc/7880,2026-08-02,千葉県,地方公共団体,1
全国健康保険協会 鳥取支部,697,,,0,,https://www2.njss.info/organizations/proc/1619,2026-08-02,鳥取県,国・省庁,0
岩船郡関川村役場,695,,,0,,https://www2.njss.info/organizations/proc/6895,2026-08-02,新潟県,地方公共団体,0
下伊那郡喬木村役場,695,,,0,,https://www2.njss.info/organizations/proc/6919,2026-08-02,長野県,地方公共団体,0
全国健康保険協会 千葉支部,693,,,0,,https://www2.njss.info/organizations/proc/1600,2026-08-02,千葉県,国・省庁,0
加茂郡八百津町役場,693,,,0,,https://www2.njss.info/organizations/proc/6274,2026-08-02,岐阜県,地方公共団体,0
大阪市役所 政策企画室,693,,,0,,https://www2.njss.info/organizations/proc/1806,2026-08-02,大阪府,地方公共団体,0
水資源機構 関西・吉野川支社淀川本部 木津川ダム総合管理所,692,,,0,,https://www2.njss.info/organizations/proc/483,2026-08-02,三重県,国・省庁,0
福井県立大学,692,,,0,,https://www2.njss.info/organizations/proc/4451,2026-08-02,福井県,国・省庁,0
農林水産省(MAFF) 林野庁(FA) 九州森林管理局 大分森林管理署,692,,,0,,https://www2.njss.info/organizations/proc/1340,2026-08-02,大分県,国・省庁,0
水資源機構 中部支社 木曽川中下流用水総合管理所,690,,,0,,https://www2.njss.info/organizations/proc/473,2026-08-02,愛知県,国・省庁,0
北葛飾郡松伏町役場,689,,,0,,https://www2.njss.info/organizations/proc/5540,2026-08-02,埼玉県,地方公共団体,0
北海道警察函館方面本部,689,,,0,,https://www2.njss.info/organizations/proc/6920,2026-08-02,北海道,地方公共団体,0
国立病院機構 九州グループ 福岡病院,688,,,0,,https://www2.njss.info/organizations/proc/822,2026-08-02,福岡県,国・省庁,0
環境省(MOE) 国立水俣病総合研究センター(NIMD),688,,,0,,https://www2.njss.info/organizations/proc/756,2026-08-02,熊本県,国・省庁,0
岸和田市貝塚市清掃施設組合,687,,,0,,https://www2.njss.info/organizations/proc/5003,2026-08-02,大阪府,地方公共団体,1
法務省(MOJ) さいたま地方法務局,687,,,0,,https://www2.njss.info/organizations/proc/129,2026-08-02,埼玉県,国・省庁,0
法務省(MOJ) 広島法務局,686,,,0,,https://www2.njss.info/organizations/proc/103,2026-08-02,広島県,国・省庁,0
国土交通省(MLIT) 近畿地方整備局 琵琶湖河川事務所,685,,,0,,https://www2.njss.info/organizations/proc/961,2026-08-02,滋賀県,国・省庁,0
厚生労働省(MHLW) 東京検疫所,685,,,0,,https://www2.njss.info/organizations/proc/711,2026-08-02,東京都,国・省庁,0
国土交通省(MLIT) 関東地方整備局 東京空港整備事務所,684,,,0,,https://www2.njss.info/organizations/proc/1043,2026-08-02,東京都,国・省庁,0
黒川郡大衡村役場,684,,,0,,https://www2.njss.info/organizations/proc/6838,2026-08-02,宮城県,地方公共団体,0
三戸郡五戸町役場,684,,,0,,https://www2.njss.info/organizations/proc/6376,2026-08-02,青森県,地方公共団体,0
帯広畜産大学,683,,,0,,https://www2.njss.info/organizations/proc/4437,2026-08-02,北海道,国・省庁,0
国土交通省(MLIT) 中部地方整備局 清水港湾事務所,682,,,0,,https://www2.njss.info/organizations/proc/5233,2026-08-02,静岡県,国・省庁,0
鞍手郡小竹町役場,682,,,0,,https://www2.njss.info/organizations/proc/6592,2026-08-02,福岡県,地方公共団体,0
法務省(MOJ) 千葉地方法務局,682,,,0,,https://www2.njss.info/organizations/proc/97,2026-08-02,千葉県,国・省庁,0
日本赤十字社 石巻赤十字病院,682,,,0,,https://www2.njss.info/organizations/proc/1214,2026-08-02,宮城県,国・省庁,0
一橋大学,681,,,0,,https://www2.njss.info/organizations/proc/5363,2026-08-02,東京都,国・省庁,0
地域医療機能推進機構(JCHO) 仙台病院,680,,,0,,https://www2.njss.info/organizations/proc/7173,2026-08-02,宮城県,国・省庁,0
市立豊中病院,680,,,0,,https://www2.njss.info/organizations/proc/5146,2026-08-02,大阪府,地方公共団体,1
国立病院機構 九州グループ 宮崎東病院,680,,,0,,https://www2.njss.info/organizations/proc/901,2026-08-02,宮崎県,国・省庁,0
農林水産省(MAFF) 林野庁(FA) 北海道森林管理局 留萌北部森林管理署,680,,,0,,https://www2.njss.info/organizations/proc/1360,2026-08-02,北海道,国・省庁,0
飽海郡遊佐町役場,679,,,0,,https://www2.njss.info/organizations/proc/6416,2026-08-02,山形県,地方公共団体,0
小豆郡土庄町役場,678,,,0,,https://www2.njss.info/organizations/proc/6516,2026-08-02,香川県,地方公共団体,0
姶良郡湧水町役場,678,,,0,,https://www2.njss.info/organizations/proc/6338,2026-08-02,鹿児島県,地方公共団体,0
国土交通省(MLIT) 北陸地方整備局 羽越河川国道事務所,678,,,0,,https://www2.njss.info/organizations/proc/934,2026-08-02,新潟県,国・省庁,0
法務省(MOJ) 盛岡地方法務局,678,,,0,,https://www2.njss.info/organizations/proc/117,2026-08-02,岩手県,国・省庁,0
国立病院機構 中国四国グループ 柳井医療センター,677,,,0,,https://www2.njss.info/organizations/proc/904,2026-08-02,山口県,国・省庁,0
南蒲原郡田上町役場,677,,,0,,https://www2.njss.info/organizations/proc/6479,2026-08-02,新潟県,地方公共団体,0
法務省(MOJ) 岡山地方法務局,675,,,0,,https://www2.njss.info/organizations/proc/125,2026-08-02,岡山県,国・省庁,0
国土交通省(MLIT) 中部地方整備局 名古屋港湾事務所,674,,,0,,https://www2.njss.info/organizations/proc/5250,2026-08-02,愛知県,国・省庁,0
国土交通省(MLIT) 四国地方整備局 吉野川ダム統合管理事務所,673,,,0,,https://www2.njss.info/organizations/proc/920,2026-08-02,徳島県,国・省庁,0
全国健康保険協会 静岡支部,673,,,0,,https://www2.njss.info/organizations/proc/1610,2026-08-02,静岡県,国・省庁,0
伊都郡かつらぎ町役場,672,,,0,,https://www2.njss.info/organizations/proc/6264,2026-08-02,和歌山県,地方公共団体,0
高齢・障害・求職者雇用支援機構 近畿職業能力開発大学校,672,,,0,,https://www2.njss.info/organizations/proc/4434,2026-08-02,大阪府,国・省庁,0
国土交通省(MLIT) 九州地方整備局 佐賀国道事務所,671,,,0,,https://www2.njss.info/organizations/proc/5289,2026-08-02,佐賀県,国・省庁,0
全国健康保険協会 秋田支部,670,,,0,,https://www2.njss.info/organizations/proc/1593,2026-08-02,秋田県,国・省庁,0
玉名郡玉東町役場,669,,,0,,https://www2.njss.info/organizations/proc/6611,2026-08-02,熊本県,地方公共団体,0
上越教育大学,669,,,0,,https://www2.njss.info/organizations/proc/5364,2026-08-02,新潟県,国・省庁,0
大阪市役所 危機管理室,669,,,0,,https://www2.njss.info/organizations/proc/1809,2026-08-02,大阪府,地方公共団体,0
国立病院機構 東海北陸グループ 七尾病院,668,,,0,,https://www2.njss.info/organizations/proc/866,2026-08-02,石川県,国・省庁,0
大阪市役所 西成区役所,668,,,0,,https://www2.njss.info/organizations/proc/1869,2026-08-02,大阪府,地方公共団体,0
国土交通省(MLIT) 近畿地方整備局 近畿技術事務所,667,,,0,,https://www2.njss.info/organizations/proc/989,2026-08-02,大阪府,国・省庁,0
南秋田郡大潟村役場,666,,,0,,https://www2.njss.info/organizations/proc/6845,2026-08-02,秋田県,地方公共団体,0
国立病院機構 東海北陸グループ 石川病院,666,,,0,,https://www2.njss.info/organizations/proc/870,2026-08-02,石川県,国・省庁,0
国土交通省(MLIT) 関東地方整備局 相武国道事務所,666,,,0,,https://www2.njss.info/organizations/proc/1014,2026-08-02,東京都,国・省庁,0
農林水産省(MAFF) 林野庁(FA) 北海道森林管理局 留萌南部森林管理署,666,,,0,,https://www2.njss.info/organizations/proc/1361,2026-08-02,北海道,国・省庁,0
九十九里地域水道企業団,666,,,0,,https://www2.njss.info/organizations/proc/7327,2026-08-02,千葉県,地方公共団体,1
国土交通省(MLIT) 関東地方整備局 京浜河川事務所,665,,,0,,https://www2.njss.info/organizations/proc/1001,2026-08-02,神奈川県,国・省庁,0
国立健康危機管理研究機構(JIHS) 国立国府台医療センター,665,,,0,,https://www2.njss.info/organizations/proc/688,2026-08-02,千葉県,国・省庁,0
山本郡三種町役場,664,,,0,,https://www2.njss.info/organizations/proc/6410,2026-08-02,秋田県,地方公共団体,0
奈良県立医科大学,664,,,0,,https://www2.njss.info/organizations/proc/5418,2026-08-02,奈良県,国・省庁,0
尾花沢市役所,664,,,0,,https://www2.njss.info/organizations/proc/6414,2026-08-02,山形県,地方公共団体,0
秩父郡横瀬町役場,663,,,0,,https://www2.njss.info/organizations/proc/6495,2026-08-02,埼玉県,地方公共団体,0
全国健康保険協会 群馬支部,663,,,0,,https://www2.njss.info/organizations/proc/1598,2026-08-02,群馬県,国・省庁,0
伊勢広域環境組合,663,,,0,,https://www2.njss.info/organizations/proc/5009,2026-08-02,三重県,地方公共団体,1
厚生労働省(MHLW) 国立療養所奄美和光園,662,,,0,,https://www2.njss.info/organizations/proc/669,2026-08-02,鹿児島県,国・省庁,0
日本赤十字社 横浜市立みなと赤十字病院,660,,,0,,https://www2.njss.info/organizations/proc/1230,2026-08-02,神奈川県,国・省庁,0
国立病院機構 九州グループ 長崎病院,660,,,0,,https://www2.njss.info/organizations/proc/869,2026-08-02,長崎県,国・省庁,0
生駒郡斑鳩町役場,658,,,0,,https://www2.njss.info/organizations/proc/6040,2026-08-02,奈良県,地方公共団体,0
防衛省(MOD) 自衛隊京都地方協力本部,657,,,0,,https://www2.njss.info/organizations/proc/5476,2026-08-02,京都府,国・省庁,0
磯城郡三宅町役場,656,,,0,,https://www2.njss.info/organizations/proc/6546,2026-08-02,奈良県,地方公共団体,0
地域医療機能推進機構(JCHO) 熊本総合病院,656,,,0,,https://www2.njss.info/organizations/proc/7201,2026-08-02,熊本県,国・省庁,0
山本郡八峰町役場,656,,,0,,https://www2.njss.info/organizations/proc/6840,2026-08-02,秋田県,地方公共団体,0
厚生労働省(MHLW) 国立駿河療養所,656,,,0,,https://www2.njss.info/organizations/proc/675,2026-08-02,静岡県,国・省庁,0
度会郡大紀町役場,656,,,0,,https://www2.njss.info/organizations/proc/6697,2026-08-02,三重県,地方公共団体,0
国立病院機構 関東信越グループ 小諸高原病院,654,,,0,,https://www2.njss.info/organizations/proc/842,2026-08-02,長野県,国・省庁,0
山形県・酒田市病院機構,654,,,0,,https://www2.njss.info/organizations/proc/7339,2026-08-02,山形県,地方公共団体,1
法務省(MOJ) 山形地方法務局,653,,,0,,https://www2.njss.info/organizations/proc/141,2026-08-02,山形県,国・省庁,0
肝属郡錦江町役場,653,,,0,,https://www2.njss.info/organizations/proc/6712,2026-08-02,鹿児島県,地方公共団体,0
全国健康保険協会 石川支部,652,,,0,,https://www2.njss.info/organizations/proc/1605,2026-08-02,石川県,国・省庁,0
諏訪郡下諏訪町役場,652,,,0,,https://www2.njss.info/organizations/proc/6164,2026-08-02,長野県,地方公共団体,0
法務省(MOJ) 新潟地方法務局,650,,,0,,https://www2.njss.info/organizations/proc/123,2026-08-02,新潟県,国・省庁,0
地域医療機能推進機構(JCHO) 千葉病院,649,,,0,,https://www2.njss.info/organizations/proc/7162,2026-08-02,千葉県,国・省庁,0
京都府立医科大学,649,,,0,,https://www2.njss.info/organizations/proc/5416,2026-08-02,京都府,国・省庁,0
豊田郡大崎上島町役場,648,,,0,,https://www2.njss.info/organizations/proc/7073,2026-08-02,広島県,地方公共団体,0
福岡教育大学,648,,,0,,https://www2.njss.info/organizations/proc/247,2026-08-02,福岡県,国・省庁,0
高齢・障害・求職者雇用支援機構 鹿児島支部,648,,,0,,https://www2.njss.info/organizations/proc/5874,2026-08-02,鹿児島県,国・省庁,0
長野県庁 伊那建設事務所,647,,,0,,https://www2.njss.info/organizations/proc/4298,2026-08-02,長野県,地方公共団体,0
全国健康保険協会 島根支部,646,,,0,,https://www2.njss.info/organizations/proc/1620,2026-08-02,島根県,国・省庁,0
安房郡鋸南町役場,646,,,0,,https://www2.njss.info/organizations/proc/6491,2026-08-02,千葉県,地方公共団体,0
厚岸郡厚岸町役場,646,,,0,,https://www2.njss.info/organizations/proc/6370,2026-08-02,北海道,地方公共団体,0
阿蘇郡高森町役場,646,,,0,,https://www2.njss.info/organizations/proc/6610,2026-08-02,熊本県,地方公共団体,0
法務省(MOJ) 静岡地方法務局,646,,,0,,https://www2.njss.info/organizations/proc/132,2026-08-02,静岡県,国・省庁,0
地域医療機能推進機構(JCHO) うつのみや病院,645,,,0,,https://www2.njss.info/organizations/proc/7158,2026-08-02,栃木県,国・省庁,0
阿寒郡鶴居村役場,643,,,0,,https://www2.njss.info/organizations/proc/6784,2026-08-02,北海道,地方公共団体,0
伊達郡桑折町役場,643,,,0,,https://www2.njss.info/organizations/proc/6486,2026-08-02,福島県,地方公共団体,0
愛知・名古屋アジア・アジアパラ競技大会組織委員会,642,,,0,,https://www2.njss.info/organizations/proc/9086,2026-08-02,愛知県,地方公共団体,0
札幌市役所 病院局 【［閉鎖］市立札幌病院】,642,,,0,,https://www2.njss.info/organizations/proc/5166,2026-08-02,北海道,地方公共団体,1
小豆郡小豆島町役場,642,,,0,,https://www2.njss.info/organizations/proc/6517,2026-08-02,香川県,地方公共団体,0
地域医療機能推進機構(JCHO) 札幌北辰病院,641,,,0,,https://www2.njss.info/organizations/proc/7188,2026-08-02,北海道,国・省庁,0
国土交通省(MLIT) 関東地方整備局 荒川上流河川事務所,641,,,0,,https://www2.njss.info/organizations/proc/999,2026-08-02,埼玉県,国・省庁,0
加茂郡白川町役場,641,,,0,,https://www2.njss.info/organizations/proc/6554,2026-08-02,岐阜県,地方公共団体,0
伊都郡九度山町役場,640,,,0,,https://www2.njss.info/organizations/proc/6582,2026-08-02,和歌山県,地方公共団体,0
高知県公立大学法人,639,,,0,,https://www2.njss.info/organizations/proc/4468,2026-08-02,高知県,国・省庁,0
都窪郡早島町役場,639,,,0,,https://www2.njss.info/organizations/proc/6535,2026-08-02,岡山県,地方公共団体,0
法務省(MOJ) 福岡法務局,638,,,0,,https://www2.njss.info/organizations/proc/99,2026-08-02,福岡県,国・省庁,0
足柄上郡山北町役場,638,,,0,,https://www2.njss.info/organizations/proc/6240,2026-08-02,神奈川県,地方公共団体,0
三井郡大刀洗町役場,638,,,0,,https://www2.njss.info/organizations/proc/6300,2026-08-02,福岡県,地方公共団体,0
札幌市住宅管理公社,637,,,0,,https://www2.njss.info/organizations/proc/6288,2026-08-02,北海道,国・省庁,1
海部郡美波町役場,637,,,0,,https://www2.njss.info/organizations/proc/7052,2026-08-02,徳島県,地方公共団体,0
総務省(MIC) 北海道総合通信局,635,,,0,,https://www2.njss.info/organizations/proc/364,2026-08-02,北海道,国・省庁,0
静岡県警察本部,634,,,0,,https://www2.njss.info/organizations/proc/328,2026-08-02,静岡県,地方公共団体,0
日本赤十字社 富山赤十字病院,634,,,0,,https://www2.njss.info/organizations/proc/1233,2026-08-02,富山県,国・省庁,0
農林水産省(MAFF) 林野庁(FA) 九州森林管理局 佐賀森林管理署,634,,,0,,https://www2.njss.info/organizations/proc/1335,2026-08-02,佐賀県,国・省庁,0
吾妻郡長野原町役場,633,,,0,,https://www2.njss.info/organizations/proc/6502,2026-08-02,群馬県,地方公共団体,0
大阪教育文化振興財団,633,,,0,,https://www2.njss.info/organizations/proc/1874,2026-08-02,大阪府,国・省庁,1
日本貿易保険(NEXI),633,,,0,,https://www2.njss.info/organizations/proc/5649,2026-08-02,東京都,国・省庁,0
紫波郡紫波町役場,632,,,0,,https://www2.njss.info/organizations/proc/5502,2026-08-02,岩手県,地方公共団体,0
国土交通省(MLIT) 北陸地方整備局 新潟港湾空港技術調査事務所,632,,,0,,https://www2.njss.info/organizations/proc/959,2026-08-02,新潟県,国・省庁,0
北松浦郡佐々町役場,632,,,0,,https://www2.njss.info/organizations/proc/6309,2026-08-02,長崎県,地方公共団体,0
長生郡白子町役場,631,,,0,,https://www2.njss.info/organizations/proc/6234,2026-08-02,千葉県,地方公共団体,0
労働者健康安全機構 吉備高原医療リハビリテーションセンター,631,,,0,,https://www2.njss.info/organizations/proc/1491,2026-08-02,岡山県,国・省庁,0
高知県庁 総務部,630,,,0,,https://www2.njss.info/organizations/proc/7738,2026-08-02,高知県,地方公共団体,0
西日本高速道路株式会社(NEXCO) 九州支社,629,,,0,,https://www2.njss.info/organizations/proc/2049,2026-08-02,福岡県,国・省庁,0
国土交通省(MLIT) 九州地方整備局 宮崎河川国道事務所,629,,,0,,https://www2.njss.info/organizations/proc/5302,2026-08-02,宮崎県,国・省庁,0
北海道庁 環境生活部,628,,,0,,https://www2.njss.info/organizations/proc/7430,2026-08-02,北海道,地方公共団体,0
国土交通省(MLIT) 北陸地方整備局 千曲川河川事務所,628,,,0,,https://www2.njss.info/organizations/proc/948,2026-08-02,長野県,国・省庁,0
地域医療機能推進機構(JCHO) 山梨病院,626,,,0,,https://www2.njss.info/organizations/proc/7177,2026-08-02,山梨県,国・省庁,0
国土交通省(MLIT) 近畿地方整備局 猪名川河川事務所,626,,,0,,https://www2.njss.info/organizations/proc/964,2026-08-02,大阪府,国・省庁,0
高齢・障害・求職者雇用支援機構 山梨支部,625,,,0,,https://www2.njss.info/organizations/proc/5810,2026-08-02,山梨県,国・省庁,0
結城郡八千代町役場,625,,,0,,https://www2.njss.info/organizations/proc/6017,2026-08-02,茨城県,地方公共団体,0
室蘭工業大学,624,,,0,,https://www2.njss.info/organizations/proc/252,2026-08-02,北海道,国・省庁,0
国土交通省(MLIT) 東北地方整備局 鳥海ダム工事事務所,624,,,0,,https://www2.njss.info/organizations/proc/1063,2026-08-02,秋田県,国・省庁,0
海上災害防止センター(MDPC),624,,,0,,https://www2.njss.info/organizations/proc/446,2026-08-02,神奈川県,国・省庁,0
勝田郡勝央町役場,623,,,0,,https://www2.njss.info/organizations/proc/6534,2026-08-02,岡山県,地方公共団体,0
安八郡神戸町役場,623,,,0,,https://www2.njss.info/organizations/proc/6072,2026-08-02,岐阜県,地方公共団体,0
国土交通省(MLIT) 東北地方整備局 塩釜港湾・空港整備事務所,622,,,0,,https://www2.njss.info/organizations/proc/1086,2026-08-02,宮城県,国・省庁,0
全国健康保険協会 神奈川支部,622,,,0,,https://www2.njss.info/organizations/proc/1602,2026-08-02,神奈川県,国・省庁,0
法務省(MOJ) 秋田地方法務局,622,,,0,,https://www2.njss.info/organizations/proc/94,2026-08-02,秋田県,国・省庁,0
労働者健康安全機構 【［閉鎖］新潟労災病院】,622,,,0,,https://www2.njss.info/organizations/proc/1473,2026-08-02,新潟県,国・省庁,1
防衛省(MOD) 陸上自衛隊 中部方面隊 関西補給処 三軒屋駐屯地 三軒屋弾薬支処,621,,,0,,https://www2.njss.info/organizations/proc/3505,2026-08-02,岡山県,国・省庁,0
岐阜県総合医療センター,619,,,0,,https://www2.njss.info/organizations/proc/5642,2026-08-02,岐阜県,地方公共団体,1
茨城県南水道企業団,619,,,0,,https://www2.njss.info/organizations/proc/7312,2026-08-02,茨城県,地方公共団体,1
家畜改良センター(NLBC) 奥羽牧場,618,,,0,,https://www2.njss.info/organizations/proc/1435,2026-08-02,青森県,国・省庁,0
高齢・障害・求職者雇用支援機構 和歌山支部,618,,,0,,https://www2.njss.info/organizations/proc/5855,2026-08-02,和歌山県,国・省庁,0
最上郡最上町役場,617,,,0,,https://www2.njss.info/organizations/proc/6848,2026-08-02,山形県,地方公共団体,0
国土交通省(MLIT) 関東地方整備局 横浜港湾空港技術調査事務所,616,,,0,,https://www2.njss.info/organizations/proc/1045,2026-08-02,神奈川県,国・省庁,0
茅部郡森町役場,616,,,0,,https://www2.njss.info/organizations/proc/6356,2026-08-02,北海道,地方公共団体,0
桶川北本水道企業団,616,,,0,,https://www2.njss.info/organizations/proc/7320,2026-08-02,埼玉県,地方公共団体,1
法務省(MOJ) 京都地方法務局,616,,,0,,https://www2.njss.info/organizations/proc/111,2026-08-02,京都府,国・省庁,0
中巨摩郡昭和町役場,615,,,0,,https://www2.njss.info/organizations/proc/6477,2026-08-02,山梨県,地方公共団体,0
県立延岡病院,615,,,0,,https://www2.njss.info/organizations/proc/5897,2026-08-02,宮崎県,地方公共団体,1
日本赤十字社 高槻赤十字病院,615,,,0,,https://www2.njss.info/organizations/proc/1256,2026-08-02,大阪府,国・省庁,0
取手地方広域下水道組合,614,,,0,,https://www2.njss.info/organizations/proc/7314,2026-08-02,茨城県,地方公共団体,1
日本赤十字社 秋田赤十字病院,613,,,0,,https://www2.njss.info/organizations/proc/1215,2026-08-02,秋田県,国・省庁,0
糟屋郡宇美町役場,612,,,0,,https://www2.njss.info/organizations/proc/5588,2026-08-02,福岡県,地方公共団体,0
高齢・障害・求職者雇用支援機構 広島支部,611,,,0,,https://www2.njss.info/organizations/proc/5860,2026-08-02,広島県,国・省庁,0
北佐久郡御代田町役場,611,,,0,,https://www2.njss.info/organizations/proc/6470,2026-08-02,長野県,地方公共団体,0
草加八潮消防組合,611,,,0,,https://www2.njss.info/organizations/proc/8322,2026-08-02,埼玉県,地方公共団体,1
国土交通省(MLIT) 関東地方整備局 荒川下流河川事務所,610,,,0,,https://www2.njss.info/organizations/proc/1000,2026-08-02,東京都,国・省庁,0
紋別郡滝上町役場,610,,,0,,https://www2.njss.info/organizations/proc/6962,2026-08-02,北海道,地方公共団体,0
長野県庁 諏訪建設事務所,610,,,0,,https://www2.njss.info/organizations/proc/4297,2026-08-02,長野県,地方公共団体,0
法務省(MOJ) 検察庁 盛岡地方検察庁,609,,,0,,https://www2.njss.info/organizations/proc/172,2026-08-02,岩手県,国・省庁,0
法務省(MOJ) 検察庁 千葉地方検察庁,609,,,0,,https://www2.njss.info/organizations/proc/148,2026-08-02,千葉県,国・省庁,0
佐久水道企業団,609,,,0,,https://www2.njss.info/organizations/proc/7416,2026-08-02,長野県,地方公共団体,1
国立病院機構 北海道東北グループ いわき病院,608,,,0,,https://www2.njss.info/organizations/proc/789,2026-08-02,福島県,国・省庁,0
北海道庁 出納局,608,,,0,,https://www2.njss.info/organizations/proc/7424,2026-08-02,北海道,地方公共団体,0
広尾郡広尾町役場,607,,,0,,https://www2.njss.info/organizations/proc/6662,2026-08-02,北海道,地方公共団体,0
高齢・障害・求職者雇用支援機構 香川支部,606,,,0,,https://www2.njss.info/organizations/proc/5863,2026-08-02,香川県,国・省庁,0
板野郡板野町役場,604,,,0,,https://www2.njss.info/organizations/proc/6523,2026-08-02,徳島県,地方公共団体,0
北設楽郡東栄町役場,601,,,0,,https://www2.njss.info/organizations/proc/6695,2026-08-02,愛知県,地方公共団体,0
県立宮崎病院,601,,,0,,https://www2.njss.info/organizations/proc/5896,2026-08-02,宮崎県,地方公共団体,1
地域医療機能推進機構(JCHO) 金沢病院,601,,,0,,https://www2.njss.info/organizations/proc/7184,2026-08-02,石川県,国・省庁,0
国立病院機構 東海北陸グループ 北陸病院,601,,,0,,https://www2.njss.info/organizations/proc/854,2026-08-02,富山県,国・省庁,0
横浜市役所 健康福祉局,599,,,0,,https://www2.njss.info/organizations/proc/7099,2026-08-02,神奈川県,地方公共団体,0
長生郡長南町役場,598,,,0,,https://www2.njss.info/organizations/proc/6492,2026-08-02,千葉県,地方公共団体,0
大阪市役所 デジタル統括室,598,,,0,,https://www2.njss.info/organizations/proc/6436,2026-08-02,大阪府,地方公共団体,0
内閣府(CAO) 沖縄総合事務局 石垣港湾事務所,598,,,0,,https://www2.njss.info/organizations/proc/7089,2026-08-02,沖縄県,国・省庁,0
水資源機構 中部支社 愛知用水総合管理所,597,,,0,,https://www2.njss.info/organizations/proc/470,2026-08-02,愛知県,国・省庁,0
国立病院機構 九州グループ 宮崎病院,597,,,0,,https://www2.njss.info/organizations/proc/897,2026-08-02,宮崎県,国・省庁,0
国土交通省(MLIT) 九州地方整備局 川内川河川事務所,597,,,0,,https://www2.njss.info/organizations/proc/5304,2026-08-02,鹿児島県,国・省庁,0
西はりま消防組合,597,,,0,,https://www2.njss.info/organizations/proc/8618,2026-08-02,兵庫県,地方公共団体,1
大阪市役所 総務局 【[閉鎖]人事室】,596,,,0,,https://www2.njss.info/organizations/proc/5244,2026-08-02,大阪府,地方公共団体,1
大島郡龍郷町役場,596,,,0,,https://www2.njss.info/organizations/proc/6722,2026-08-02,鹿児島県,地方公共団体,0
国土交通省(MLIT) 九州地方整備局 鹿児島港湾・空港整備事務所,595,,,0,,https://www2.njss.info/organizations/proc/7150,2026-08-02,鹿児島県,国・省庁,0
日本赤十字社 前橋赤十字病院,595,,,0,,https://www2.njss.info/organizations/proc/1222,2026-08-02,群馬県,国・省庁,0
労働者健康安全機構 九州労災病院門司メディカルセンター,595,,,0,,https://www2.njss.info/organizations/proc/1488,2026-08-02,福岡県,国・省庁,0
山越郡長万部町役場,595,,,0,,https://www2.njss.info/organizations/proc/6673,2026-08-02,北海道,地方公共団体,0
天塩郡豊富町役場,595,,,0,,https://www2.njss.info/organizations/proc/6749,2026-08-02,北海道,地方公共団体,0
奈良県庁 総務部 知事公室,594,,,0,,https://www2.njss.info/organizations/proc/4794,2026-08-02,奈良県,地方公共団体,0
和歌山大学,594,,,0,,https://www2.njss.info/organizations/proc/259,2026-08-02,和歌山県,国・省庁,0
国土交通省(MLIT) 四国地方整備局 渡川ダム統合管理事務所,594,,,0,,https://www2.njss.info/organizations/proc/931,2026-08-02,高知県,国・省庁,0
農林水産省(MAFF) 林野庁(FA) 九州森林管理局 大分西部森林管理署,594,,,0,,https://www2.njss.info/organizations/proc/1339,2026-08-02,大分県,国・省庁,0
日本赤十字社 中四国ブロック血液センター,594,,,0,,https://www2.njss.info/organizations/proc/4959,2026-08-02,広島県,国・省庁,0
郵便貯金簡易生命保険管理・郵便局ネットワーク支援機構,592,,,0,,https://www2.njss.info/organizations/proc/361,2026-08-02,東京都,国・省庁,0
法務省(MOJ) 検察庁 大阪地方検察庁,592,,,0,,https://www2.njss.info/organizations/proc/181,2026-08-02,大阪府,国・省庁,0
春日那珂川水道企業団,592,,,0,,https://www2.njss.info/organizations/proc/7391,2026-08-02,福岡県,地方公共団体,1
国立病院機構 北海道東北グループ あきた病院,591,,,0,,https://www2.njss.info/organizations/proc/779,2026-08-02,秋田県,国・省庁,0
上川郡東神楽町役場,591,,,0,,https://www2.njss.info/organizations/proc/6651,2026-08-02,北海道,地方公共団体,0
国立病院機構 北海道東北グループ 青森病院,591,,,0,,https://www2.njss.info/organizations/proc/771,2026-08-02,青森県,国・省庁,0
福島県庁 企画調整部,590,,,0,,https://www2.njss.info/organizations/proc/5556,2026-08-02,福島県,地方公共団体,0
高齢・障害・求職者雇用支援機構 山口支部,589,,,0,,https://www2.njss.info/organizations/proc/5861,2026-08-02,山口県,国・省庁,0
地域医療機能推進機構(JCHO) 関東地区事務所,589,,,0,,https://www2.njss.info/organizations/proc/7137,2026-08-02,東京都,国・省庁,0
2025年日本国際博覧会協会,589,,,0,,https://www2.njss.info/organizations/proc/7725,2026-08-02,大阪府,国・省庁,1
全国健康保険協会 長崎支部,588,,,0,,https://www2.njss.info/organizations/proc/1630,2026-08-02,長崎県,国・省庁,0
勝浦郡勝浦町役場,587,,,0,,https://www2.njss.info/organizations/proc/7054,2026-08-02,徳島県,地方公共団体,0
全国健康保険協会 奈良支部,587,,,0,,https://www2.njss.info/organizations/proc/1617,2026-08-02,奈良県,国・省庁,0
地域医療機能推進機構(JCHO) 下関医療センター,587,,,0,,https://www2.njss.info/organizations/proc/7193,2026-08-02,山口県,国・省庁,0
市立吹田市民病院,587,,,0,,https://www2.njss.info/organizations/proc/5335,2026-08-02,大阪府,地方公共団体,1
児湯郡高鍋町役場,587,,,0,,https://www2.njss.info/organizations/proc/6116,2026-08-02,宮崎県,地方公共団体,0
兵庫県住宅供給公社,587,,,0,,https://www2.njss.info/organizations/proc/4375,2026-08-02,兵庫県,地方公共団体,1
国土交通省(MLIT) 近畿地方整備局 六甲砂防事務所,586,,,0,,https://www2.njss.info/organizations/proc/984,2026-08-02,兵庫県,国・省庁,0
田川郡川崎町役場,586,,,0,,https://www2.njss.info/organizations/proc/6297,2026-08-02,福岡県,地方公共団体,0
総務省(MIC) 東海総合通信局,586,,,0,,https://www2.njss.info/organizations/proc/370,2026-08-02,愛知県,国・省庁,0
紋別郡興部町役場,586,,,0,,https://www2.njss.info/organizations/proc/6750,2026-08-02,北海道,地方公共団体,0
加美郡色麻町役場,586,,,0,,https://www2.njss.info/organizations/proc/6837,2026-08-02,宮城県,地方公共団体,0
下妻市役所,585,,,0,,https://www2.njss.info/organizations/proc/5509,2026-08-02,茨城県,地方公共団体,0
奈良県庁 食農部,585,,,0,,https://www2.njss.info/organizations/proc/4803,2026-08-02,奈良県,地方公共団体,0
国土交通省(MLIT) 北陸地方整備局 松本砂防事務所,585,,,0,,https://www2.njss.info/organizations/proc/949,2026-08-02,長野県,国・省庁,0
宮城県警察本部,584,,,0,,https://www2.njss.info/organizations/proc/323,2026-08-02,宮城県,地方公共団体,0
国立病院機構 九州グループ 琉球病院,584,,,0,,https://www2.njss.info/organizations/proc/883,2026-08-02,沖縄県,国・省庁,0
鳥取県立中央病院,583,,,0,,https://www2.njss.info/organizations/proc/5748,2026-08-02,鳥取県,地方公共団体,1
法務省(MOJ) 熊本地方法務局,583,,,0,,https://www2.njss.info/organizations/proc/109,2026-08-02,熊本県,国・省庁,0
大阪市役所 西区役所,583,,,0,,https://www2.njss.info/organizations/proc/1863,2026-08-02,大阪府,地方公共団体,0
久米郡久米南町役場,582,,,0,,https://www2.njss.info/organizations/proc/7044,2026-08-02,岡山県,地方公共団体,0
国土交通省(MLIT) 近畿地方整備局 淀川ダム統合管理事務所,581,,,0,,https://www2.njss.info/organizations/proc/988,2026-08-02,大阪府,国・省庁,0
東諸県郡綾町役場,581,,,0,,https://www2.njss.info/organizations/proc/6622,2026-08-02,宮崎県,地方公共団体,1
国土交通省(MLIT) 東北地方整備局 鳴瀬川総合開発工事事務所,581,,,0,,https://www2.njss.info/organizations/proc/1079,2026-08-02,宮城県,国・省庁,0
北陸先端科学技術大学院大学,580,,,0,,https://www2.njss.info/organizations/proc/5371,2026-08-02,石川県,国・省庁,0
国土交通省(MLIT) 近畿地方整備局 浪速国道事務所,580,,,0,,https://www2.njss.info/organizations/proc/982,2026-08-02,大阪府,国・省庁,0
福島県庁 商工労働部 観光交流局,580,,,0,,https://www2.njss.info/organizations/proc/6292,2026-08-02,福島県,地方公共団体,0
内閣府(CAO) 沖縄総合事務局 国営沖縄記念公園事務所,580,,,0,,https://www2.njss.info/organizations/proc/7090,2026-08-02,沖縄県,国・省庁,0
高齢・障害・求職者雇用支援機構 奈良支部,580,,,0,,https://www2.njss.info/organizations/proc/5854,2026-08-02,奈良県,国・省庁,0
長生郡睦沢町役場,580,,,0,,https://www2.njss.info/organizations/proc/6557,2026-08-02,千葉県,地方公共団体,0
南秋田郡五城目町役場,579,,,0,,https://www2.njss.info/organizations/proc/6412,2026-08-02,秋田県,地方公共団体,0
山武郡市広域水道企業団,577,,,0,,https://www2.njss.info/organizations/proc/7332,2026-08-02,千葉県,地方公共団体,1
東彼杵郡川棚町役場,577,,,0,,https://www2.njss.info/organizations/proc/6308,2026-08-02,長崎県,地方公共団体,0
［閉鎖］全国商店街支援センター,577,,,0,,https://www2.njss.info/organizations/proc/1878,2026-08-02,東京都,国・省庁,1
高齢・障害・求職者雇用支援機構 島根支部,576,,,0,,https://www2.njss.info/organizations/proc/5858,2026-08-02,島根県,国・省庁,0
埼玉西部消防組合,576,,,0,,https://www2.njss.info/organizations/proc/8392,2026-08-02,埼玉県,地方公共団体,1
磯城郡川西町役場,575,,,0,,https://www2.njss.info/organizations/proc/6567,2026-08-02,奈良県,地方公共団体,0
小田郡矢掛町役場,575,,,0,,https://www2.njss.info/organizations/proc/6538,2026-08-02,岡山県,地方公共団体,0
檜山郡江差町役場,574,,,0,,https://www2.njss.info/organizations/proc/6654,2026-08-02,北海道,地方公共団体,1
国立病院機構 関東信越グループ 下総精神医療センター,574,,,0,,https://www2.njss.info/organizations/proc/853,2026-08-02,千葉県,国・省庁,0
国立高等専門学校機構 香川高等専門学校,574,,,0,,https://www2.njss.info/organizations/proc/4202,2026-08-02,香川県,国・省庁,0
串間市役所,572,,,0,,https://www2.njss.info/organizations/proc/6119,2026-08-02,宮崎県,地方公共団体,0
国土交通省(MLIT) 東北地方整備局 高瀬川河川事務所,572,,,0,,https://www2.njss.info/organizations/proc/1053,2026-08-02,青森県,国・省庁,0
内閣府(CAO) 沖縄総合事務局 平良港湾事務所,572,,,0,,https://www2.njss.info/organizations/proc/7088,2026-08-02,沖縄県,国・省庁,0
国立病院機構 関東信越グループ  【［閉鎖］沼田病院】,572,,,0,,https://www2.njss.info/organizations/proc/820,2026-08-02,群馬県,国・省庁,1
塩谷郡塩谷町役場,572,,,0,,https://www2.njss.info/organizations/proc/6210,2026-08-02,栃木県,地方公共団体,0
全国健康保険協会 新潟支部,571,,,0,,https://www2.njss.info/organizations/proc/1603,2026-08-02,新潟県,国・省庁,0
防衛省(MOD) 自衛隊滋賀地方協力本部,571,,,0,,https://www2.njss.info/organizations/proc/5475,2026-08-02,滋賀県,国・省庁,0
国立病院機構 北海道東北グループ 福島病院,570,,,0,,https://www2.njss.info/organizations/proc/784,2026-08-02,福島県,国・省庁,0
香川県広域水道企業団 西讃ブロック統括センター,569,,,0,,https://www2.njss.info/organizations/proc/7758,2026-08-02,香川県,地方公共団体,1
厚生労働省(MHLW) 福岡検疫所,569,,,0,,https://www2.njss.info/organizations/proc/706,2026-08-02,福岡県,国・省庁,0
農林水産省(MAFF) 林野庁(FA) 東北森林管理局 秋田森林管理署 湯沢支署,569,,,0,,https://www2.njss.info/organizations/proc/1327,2026-08-02,秋田県,国・省庁,0
農林水産省(MAFF) 林野庁(FA) 東北森林管理局 三陸北部森林管理署 久慈支署,569,,,0,,https://www2.njss.info/organizations/proc/1319,2026-08-02,岩手県,国・省庁,0
徳島県立中央病院,569,,,0,,https://www2.njss.info/organizations/proc/5781,2026-08-02,徳島県,地方公共団体,1
国土交通省(MLIT) 北陸地方整備局 伏木富山港湾事務所,568,,,0,,https://www2.njss.info/organizations/proc/956,2026-08-02,富山県,国・省庁,0
全国健康保険協会 三重支部,567,,,0,,https://www2.njss.info/organizations/proc/1612,2026-08-02,三重県,国・省庁,0
国立病院機構 関東信越グループ 箱根病院,567,,,0,,https://www2.njss.info/organizations/proc/785,2026-08-02,神奈川県,国・省庁,0
国土交通省(MLIT) 関東地方整備局 利根川水系砂防事務所,567,,,0,,https://www2.njss.info/organizations/proc/1002,2026-08-02,群馬県,国・省庁,0
長崎県庁 土木部,566,,,0,,https://www2.njss.info/organizations/proc/7243,2026-08-02,長崎県,地方公共団体,0
球磨郡多良木町役場,565,,,0,,https://www2.njss.info/organizations/proc/6321,2026-08-02,熊本県,地方公共団体,0
県立広島大学,565,,,0,,https://www2.njss.info/organizations/proc/5425,2026-08-02,広島県,国・省庁,0
犬上郡甲良町役場,565,,,0,,https://www2.njss.info/organizations/proc/6542,2026-08-02,滋賀県,地方公共団体,0
地域医療機能推進機構(JCHO) 南海医療センター,564,,,0,,https://www2.njss.info/organizations/proc/7141,2026-08-02,大分県,国・省庁,0
様似郡様似町役場,564,,,0,,https://www2.njss.info/organizations/proc/6734,2026-08-02,北海道,地方公共団体,0
全国健康保険協会 熊本支部,563,,,0,,https://www2.njss.info/organizations/proc/1631,2026-08-02,熊本県,国・省庁,0
海部南部水道企業団,563,,,0,,https://www2.njss.info/organizations/proc/7375,2026-08-02,愛知県,地方公共団体,0
農林水産省(MAFF) 林野庁(FA) 東北森林管理局 由利森林管理署,562,,,0,,https://www2.njss.info/organizations/proc/1328,2026-08-02,秋田県,国・省庁,0
大崎市民病院,561,,,0,,https://www2.njss.info/organizations/proc/9090,2026-08-02,宮城県,地方公共団体,1
下高井郡山ノ内町役場,560,,,0,,https://www2.njss.info/organizations/proc/6468,2026-08-02,長野県,地方公共団体,0
尼崎市役所 公営企業局,557,,,0,,https://www2.njss.info/organizations/proc/4380,2026-08-02,兵庫県,地方公共団体,0
森林研究・整備機構 森林総合研究所 林木育種センター,557,,,0,,https://www2.njss.info/organizations/proc/1378,2026-08-02,茨城県,国・省庁,0
岩美郡岩美町役場,556,,,0,,https://www2.njss.info/organizations/proc/6445,2026-08-02,鳥取県,地方公共団体,0
石川郡石川町役場,556,,,0,,https://www2.njss.info/organizations/proc/6424,2026-08-02,福島県,地方公共団体,0
水資源機構 利根川下流総合管理所,555,,,0,,https://www2.njss.info/organizations/proc/464,2026-08-02,茨城県,国・省庁,0
神奈川県下水道公社,555,,,0,,https://www2.njss.info/organizations/proc/9088,2026-08-02,神奈川県,地方公共団体,1
厚生労働省(MHLW) 関西空港検疫所,554,,,0,,https://www2.njss.info/organizations/proc/707,2026-08-02,大阪府,国・省庁,0
防衛省(MOD) 自衛隊福井地方協力本部,553,,,0,,https://www2.njss.info/organizations/proc/5469,2026-08-02,福井県,国・省庁,0
国土交通省(MLIT) 北陸地方整備局 黒部河川事務所,551,,,0,,https://www2.njss.info/organizations/proc/942,2026-08-02,富山県,国・省庁,0
日本赤十字社 高松赤十字病院,551,,,0,,https://www2.njss.info/organizations/proc/1271,2026-08-02,香川県,国・省庁,0
防衛省(MOD) 自衛隊石川地方協力本部,551,,,0,,https://www2.njss.info/organizations/proc/5468,2026-08-02,石川県,国・省庁,0
国土交通省(MLIT) 関東地方整備局 江戸川河川事務所,550,,,0,,https://www2.njss.info/organizations/proc/996,2026-08-02,千葉県,国・省庁,0
全国健康保険協会 山口支部,550,,,0,,https://www2.njss.info/organizations/proc/1623,2026-08-02,山口県,国・省庁,0
総務省(MIC) 北陸総合通信局,550,,,0,,https://www2.njss.info/organizations/proc/365,2026-08-02,石川県,国・省庁,0
幡多郡大月町役場,550,,,0,,https://www2.njss.info/organizations/proc/7067,2026-08-02,高知県,地方公共団体,0
総務省(MIC) 四国総合通信局,550,,,0,,https://www2.njss.info/organizations/proc/369,2026-08-02,愛媛県,国・省庁,0
南城市役所,549,,,0,,https://www2.njss.info/organizations/proc/5891,2026-08-02,沖縄県,地方公共団体,0
比企郡鳩山町役場,549,,,0,,https://www2.njss.info/organizations/proc/6223,2026-08-02,埼玉県,地方公共団体,0
国土交通省(MLIT) 東北地方整備局 酒田港湾事務所,549,,,0,,https://www2.njss.info/organizations/proc/1681,2026-08-02,山形県,国・省庁,0
鳥取県警察本部,549,,,0,,https://www2.njss.info/organizations/proc/348,2026-08-02,鳥取県,地方公共団体,0
沼津市立病院,548,,,0,,https://www2.njss.info/organizations/proc/5330,2026-08-02,静岡県,地方公共団体,1
鹿児島郡十島村役場,547,,,0,,https://www2.njss.info/organizations/proc/6726,2026-08-02,鹿児島県,地方公共団体,0
公立大学法人大阪 大阪公立大学 【［閉鎖］大阪府立大学】,547,,,0,,https://www2.njss.info/organizations/proc/4484,2026-08-02,大阪府,国・省庁,1
高齢・障害・求職者雇用支援機構 職業能力開発総合大学校,547,,,0,,https://www2.njss.info/organizations/proc/5065,2026-08-02,東京都,国・省庁,0
札幌市役所 まちづくり政策局 総合交通計画部,546,,,0,,https://www2.njss.info/organizations/proc/4174,2026-08-02,北海道,地方公共団体,0
斜里郡小清水町役場,546,,,0,,https://www2.njss.info/organizations/proc/6708,2026-08-02,北海道,地方公共団体,0
北宇和郡松野町役場,546,,,0,,https://www2.njss.info/organizations/proc/7062,2026-08-02,愛媛県,地方公共団体,0
北海道庁 農政部,546,,,0,,https://www2.njss.info/organizations/proc/7427,2026-08-02,北海道,地方公共団体,0
高知県庁 農業振興部,545,,,0,,https://www2.njss.info/organizations/proc/7747,2026-08-02,高知県,地方公共団体,0
住宅リフォーム・紛争処理支援センター,545,,,0,,https://www2.njss.info/organizations/proc/1670,2026-08-02,東京都,国・省庁,1
奈良県広域水道企業団,544,,,0,,https://www2.njss.info/organizations/proc/9781,2026-08-02,奈良県,地方公共団体,1
柴田郡村田町役場,544,,,0,,https://www2.njss.info/organizations/proc/6406,2026-08-02,宮城県,地方公共団体,0
厚生労働省(MHLW) 国立療養所松丘保養園,544,,,0,,https://www2.njss.info/organizations/proc/673,2026-08-02,青森県,国・省庁,0
長野県庁 木曽建設事務所,544,,,0,,https://www2.njss.info/organizations/proc/4300,2026-08-02,長野県,地方公共団体,0
奈良県庁 産業部,544,,,0,,https://www2.njss.info/organizations/proc/4802,2026-08-02,奈良県,地方公共団体,0
双葉郡双葉町役場,543,,,0,,https://www2.njss.info/organizations/proc/6866,2026-08-02,福島県,地方公共団体,0
鞍手郡鞍手町役場,542,,,0,,https://www2.njss.info/organizations/proc/6298,2026-08-02,福岡県,地方公共団体,0
多気郡多気町役場,541,,,0,,https://www2.njss.info/organizations/proc/6282,2026-08-02,三重県,地方公共団体,0
東京芸術大学,541,,,0,,https://www2.njss.info/organizations/proc/5348,2026-08-02,東京都,国・省庁,0
甘楽郡下仁田町役場,541,,,0,,https://www2.njss.info/organizations/proc/6505,2026-08-02,群馬県,地方公共団体,0
国土交通省(MLIT) 関東地方整備局 千葉港湾事務所,539,,,0,,https://www2.njss.info/organizations/proc/1041,2026-08-02,千葉県,国・省庁,0
国立病院機構 北海道東北グループ 岩手病院,539,,,0,,https://www2.njss.info/organizations/proc/774,2026-08-02,岩手県,国・省庁,0
河西郡更別村役場,538,,,0,,https://www2.njss.info/organizations/proc/6770,2026-08-02,北海道,地方公共団体,0
法務省(MOJ) 津地方法務局,537,,,0,,https://www2.njss.info/organizations/proc/138,2026-08-02,三重県,国・省庁,0
法務省(MOJ) 鳥取地方法務局,537,,,0,,https://www2.njss.info/organizations/proc/136,2026-08-02,鳥取県,国・省庁,0
加茂郡七宗町役場,537,,,0,,https://www2.njss.info/organizations/proc/6589,2026-08-02,岐阜県,地方公共団体,0
君津中央病院企業団,537,,,0,,https://www2.njss.info/organizations/proc/8396,2026-08-02,千葉県,地方公共団体,1
大島郡和泊町役場,537,,,0,,https://www2.njss.info/organizations/proc/6716,2026-08-02,鹿児島県,地方公共団体,0
国土交通省(MLIT) 東北地方整備局 最上川ダム統合管理事務所,536,,,0,,https://www2.njss.info/organizations/proc/1076,2026-08-02,山形県,国・省庁,0
全国健康保険協会 栃木支部,536,,,0,,https://www2.njss.info/organizations/proc/1597,2026-08-02,栃木県,国・省庁,0
奈良県庁 教育委員会,535,,,0,,https://www2.njss.info/organizations/proc/4808,2026-08-02,奈良県,地方公共団体,0
長崎県庁 総務部,535,,,0,,https://www2.njss.info/organizations/proc/7234,2026-08-02,長崎県,地方公共団体,0
国立病院機構 北海道東北グループ 山形病院,534,,,0,,https://www2.njss.info/organizations/proc/780,2026-08-02,山形県,国・省庁,0
総務省(MIC) 中国総合通信局,534,,,0,,https://www2.njss.info/organizations/proc/363,2026-08-02,広島県,国・省庁,0
国立病院機構 中国四国グループ 高松医療センター,534,,,0,,https://www2.njss.info/organizations/proc/907,2026-08-02,香川県,国・省庁,0
愛知県公立大学法人,534,,,0,,https://www2.njss.info/organizations/proc/4466,2026-08-02,愛知県,国・省庁,1
国土交通省(MLIT) 中国地方整備局 岡山国道事務所,534,,,0,,https://www2.njss.info/organizations/proc/5263,2026-08-02,岡山県,国・省庁,0
有田郡広川町役場,534,,,0,,https://www2.njss.info/organizations/proc/6552,2026-08-02,和歌山県,地方公共団体,0
国土交通省(MLIT) 近畿地方整備局 木津川上流河川事務所,533,,,0,,https://www2.njss.info/organizations/proc/987,2026-08-02,三重県,国・省庁,0
熊毛郡平生町役場,532,,,0,,https://www2.njss.info/organizations/proc/6526,2026-08-02,山口県,地方公共団体,0
国立特別支援教育総合研究所(NISE),532,,,0,,https://www2.njss.info/organizations/proc/232,2026-08-02,神奈川県,国・省庁,0
地域医療機能推進機構(JCHO) 東京高輪病院,532,,,0,,https://www2.njss.info/organizations/proc/7164,2026-08-02,東京都,国・省庁,0
南会津郡南会津町役場,531,,,0,,https://www2.njss.info/organizations/proc/6423,2026-08-02,福島県,地方公共団体,0
高齢・障害・求職者雇用支援機構 茨城支部,531,,,0,,https://www2.njss.info/organizations/proc/5799,2026-08-02,茨城県,国・省庁,0
香取郡東庄町役場,530,,,0,,https://www2.njss.info/organizations/proc/6232,2026-08-02,千葉県,地方公共団体,0
相馬郡新地町役場,530,,,0,,https://www2.njss.info/organizations/proc/6863,2026-08-02,福島県,地方公共団体,0
広島高速道路公社,529,,,0,,https://www2.njss.info/organizations/proc/6150,2026-08-02,広島県,地方公共団体,1
犬上郡多賀町役場,529,,,0,,https://www2.njss.info/organizations/proc/6559,2026-08-02,滋賀県,地方公共団体,0
労働者健康安全機構 【［閉鎖］鹿島労災病院】,529,,,0,,https://www2.njss.info/organizations/proc/1467,2026-08-02,茨城県,国・省庁,1
財務省(MOF) 東海財務局 静岡財務事務所,529,,,0,,https://www2.njss.info/organizations/proc/4420,2026-08-02,静岡県,国・省庁,0
宮城県立精神医療センター,529,,,0,,https://www2.njss.info/organizations/proc/5997,2026-08-02,宮城県,地方公共団体,1
大津菊陽水道企業団,529,,,0,,https://www2.njss.info/organizations/proc/7383,2026-08-02,熊本県,地方公共団体,1
二戸郡一戸町役場,528,,,0,,https://www2.njss.info/organizations/proc/6396,2026-08-02,岩手県,地方公共団体,0
厚生労働省(MHLW) 国立療養所宮古南静園,528,,,0,,https://www2.njss.info/organizations/proc/674,2026-08-02,沖縄県,国・省庁,0
板野郡北島町役場,527,,,0,,https://www2.njss.info/organizations/proc/6186,2026-08-02,徳島県,地方公共団体,0
福岡市住宅供給公社,527,,,0,,https://www2.njss.info/organizations/proc/7472,2026-08-02,福岡県,地方公共団体,1
日本赤十字社 仙台赤十字病院,527,,,0,,https://www2.njss.info/organizations/proc/1213,2026-08-02,宮城県,国・省庁,0
国土交通省(MLIT) 九州地方整備局 菊池川河川事務所,527,,,0,,https://www2.njss.info/organizations/proc/5295,2026-08-02,熊本県,国・省庁,0
法務省(MOJ) 松山地方法務局,526,,,0,,https://www2.njss.info/organizations/proc/114,2026-08-02,愛媛県,国・省庁,0
中川郡美深町役場,526,,,0,,https://www2.njss.info/organizations/proc/6732,2026-08-02,北海道,地方公共団体,0
諏訪郡原村役場,526,,,0,,https://www2.njss.info/organizations/proc/6915,2026-08-02,長野県,地方公共団体,0
国土交通省(MLIT) 関東地方整備局 宇都宮国道事務所,525,,,0,,https://www2.njss.info/organizations/proc/1022,2026-08-02,栃木県,国・省庁,0
神崎郡市川町役場,525,,,0,,https://www2.njss.info/organizations/proc/6258,2026-08-02,兵庫県,地方公共団体,0
滋賀大学,525,,,0,,https://www2.njss.info/organizations/proc/4231,2026-08-02,滋賀県,国・省庁,0
国立病院機構 近畿グループ あわら病院,525,,,0,,https://www2.njss.info/organizations/proc/819,2026-08-02,福井県,国・省庁,0
淡路広域水道企業団,524,,,0,,https://www2.njss.info/organizations/proc/7374,2026-08-02,兵庫県,地方公共団体,1
国立病院機構 九州グループ 菊池病院,524,,,0,,https://www2.njss.info/organizations/proc/892,2026-08-02,熊本県,国・省庁,0
加茂郡富加町役場,523,,,0,,https://www2.njss.info/organizations/proc/6588,2026-08-02,岐阜県,地方公共団体,0
地域医療機能推進機構(JCHO) 横浜保土ケ谷中央病院,522,,,0,,https://www2.njss.info/organizations/proc/7170,2026-08-02,神奈川県,国・省庁,0
北海道警察北見方面本部,522,,,0,,https://www2.njss.info/organizations/proc/6923,2026-08-02,北海道,地方公共団体,0
法務省(MOJ) 前橋地方法務局,522,,,0,,https://www2.njss.info/organizations/proc/112,2026-08-02,群馬県,国・省庁,0
水資源機構 中部支社 木曽川中下流用水総合管理所 三重用水管理所,522,,,0,,https://www2.njss.info/organizations/proc/478,2026-08-02,三重県,国・省庁,0
地域医療機能推進機構(JCHO) 人吉医療センター,521,,,0,,https://www2.njss.info/organizations/proc/7202,2026-08-02,熊本県,国・省庁,0
北名古屋水道企業団,521,,,0,,https://www2.njss.info/organizations/proc/7376,2026-08-02,愛知県,地方公共団体,0
長崎県庁 県北振興局,521,,,0,,https://www2.njss.info/organizations/proc/7252,2026-08-02,長崎県,地方公共団体,0
全国健康保険協会 岐阜支部,519,,,0,,https://www2.njss.info/organizations/proc/1609,2026-08-02,岐阜県,国・省庁,0
日本放送協会(NHK) 大阪放送局,519,,,0,,https://www2.njss.info/organizations/proc/4214,2026-08-02,大阪府,国・省庁,0
群馬県住宅供給公社,518,,,0,,https://www2.njss.info/organizations/proc/7451,2026-08-02,群馬県,地方公共団体,1
吉野郡黒滝村役場,518,,,0,,https://www2.njss.info/organizations/proc/6551,2026-08-02,奈良県,地方公共団体,0
全国健康保険協会 和歌山支部,517,,,0,,https://www2.njss.info/organizations/proc/1618,2026-08-02,和歌山県,国・省庁,0
柴田郡大河原町役場,517,,,0,,https://www2.njss.info/organizations/proc/6133,2026-08-02,宮城県,地方公共団体,0
国土交通省(MLIT) 北陸地方整備局 三国川ダム管理所,517,,,0,,https://www2.njss.info/organizations/proc/951,2026-08-02,新潟県,国・省庁,0
糟屋郡久山町役場,517,,,0,,https://www2.njss.info/organizations/proc/6593,2026-08-02,福岡県,地方公共団体,0
地域医療機能推進機構(JCHO) 久留米総合病院,516,,,0,,https://www2.njss.info/organizations/proc/7196,2026-08-02,福岡県,国・省庁,0
中魚沼郡津南町役場,516,,,0,,https://www2.njss.info/organizations/proc/6478,2026-08-02,新潟県,地方公共団体,0
国立病院機構 九州グループ 熊本南病院,516,,,0,,https://www2.njss.info/organizations/proc/889,2026-08-02,熊本県,国・省庁,0
国土交通省(MLIT) 東北地方整備局 玉川ダム管理所,516,,,0,,https://www2.njss.info/organizations/proc/1064,2026-08-02,秋田県,国・省庁,0
勇払郡安平町役場,516,,,0,,https://www2.njss.info/organizations/proc/6488,2026-08-02,北海道,地方公共団体,0
地域医療機能推進機構(JCHO) 京都鞍馬口医療センター,515,,,0,,https://www2.njss.info/organizations/proc/7143,2026-08-02,京都府,国・省庁,0
岩内郡岩内町役場,515,,,0,,https://www2.njss.info/organizations/proc/6360,2026-08-02,北海道,地方公共団体,0
南津軽郡藤崎町役場,514,,,0,,https://www2.njss.info/organizations/proc/6378,2026-08-02,青森県,地方公共団体,0
紋別郡湧別町役場,514,,,0,,https://www2.njss.info/organizations/proc/6373,2026-08-02,北海道,地方公共団体,0
法務省(MOJ) 鹿児島地方法務局,513,,,0,,https://www2.njss.info/organizations/proc/104,2026-08-02,鹿児島県,国・省庁,0
阿蘇郡産山村役場,513,,,0,,https://www2.njss.info/organizations/proc/6619,2026-08-02,熊本県,地方公共団体,0
地域医療機能推進機構(JCHO) 滋賀病院,513,,,0,,https://www2.njss.info/organizations/proc/7142,2026-08-02,滋賀県,国・省庁,0
遠賀郡遠賀町役場,511,,,0,,https://www2.njss.info/organizations/proc/6296,2026-08-02,福岡県,地方公共団体,0
国土交通省(MLIT) 四国地方整備局 松山港湾・空港整備事務所,511,,,0,,https://www2.njss.info/organizations/proc/5218,2026-08-02,愛媛県,国・省庁,0
湖南広域行政組合,511,,,0,,https://www2.njss.info/organizations/proc/7419,2026-08-02,滋賀県,地方公共団体,1
法務省(MOJ) 山口地方法務局,510,,,0,,https://www2.njss.info/organizations/proc/142,2026-08-02,山口県,国・省庁,0
法務省(MOJ) 検察庁 神戸地方検察庁,510,,,0,,https://www2.njss.info/organizations/proc/162,2026-08-02,兵庫県,国・省庁,0
綴喜郡宇治田原町役場,509,,,0,,https://www2.njss.info/organizations/proc/6561,2026-08-02,京都府,地方公共団体,0
全国健康保険協会 沖縄支部,509,,,0,,https://www2.njss.info/organizations/proc/1635,2026-08-02,沖縄県,国・省庁,0
綾歌郡綾川町役場,507,,,0,,https://www2.njss.info/organizations/proc/6188,2026-08-02,香川県,地方公共団体,0
国立病院機構 関東信越グループ 東長野病院,506,,,0,,https://www2.njss.info/organizations/proc/821,2026-08-02,長野県,国・省庁,0
国土交通省(MLIT) 近畿地方整備局 紀の川ダム統合管理事務所,506,,,0,,https://www2.njss.info/organizations/proc/973,2026-08-02,奈良県,国・省庁,0
防衛省(MOD) 自衛隊札幌地方協力本部,505,,,0,,https://www2.njss.info/organizations/proc/5651,2026-08-02,北海道,国・省庁,0
農林水産省(MAFF) 林野庁(FA) 東北森林管理局 置賜森林管理署,505,,,0,,https://www2.njss.info/organizations/proc/1332,2026-08-02,山形県,国・省庁,0
全国健康保険協会 徳島支部,505,,,0,,https://www2.njss.info/organizations/proc/1624,2026-08-02,徳島県,国・省庁,0
和賀郡西和賀町役場,505,,,0,,https://www2.njss.info/organizations/proc/6829,2026-08-02,岩手県,地方公共団体,0
大阪教育大学,504,,,0,,https://www2.njss.info/organizations/proc/5390,2026-08-02,大阪府,国・省庁,1
夕張郡栗山町役場,504,,,0,,https://www2.njss.info/organizations/proc/6363,2026-08-02,北海道,地方公共団体,0
日本赤十字社 高知赤十字病院,504,,,0,,https://www2.njss.info/organizations/proc/1273,2026-08-02,高知県,国・省庁,0
最上郡真室川町役場,504,,,0,,https://www2.njss.info/organizations/proc/6850,2026-08-02,山形県,地方公共団体,0
全国健康保険協会 香川支部,503,,,0,,https://www2.njss.info/organizations/proc/1625,2026-08-02,香川県,国・省庁,0
防衛省(MOD) 自衛隊岐阜地方協力本部,503,,,0,,https://www2.njss.info/organizations/proc/5470,2026-08-02,岐阜県,国・省庁,0
防衛省(MOD) 自衛隊和歌山地方協力本部,502,,,0,,https://www2.njss.info/organizations/proc/5474,2026-08-02,和歌山県,国・省庁,0
国土交通省(MLIT) 関東地方整備局 利根川ダム統合管理事務所,502,,,0,,https://www2.njss.info/organizations/proc/1008,2026-08-02,群馬県,国・省庁,0
小牧岩倉衛生組合,502,,,0,,https://www2.njss.info/organizations/proc/8566,2026-08-02,愛知県,地方公共団体,1
総務省(MIC) 近畿総合通信局,501,,,0,,https://www2.njss.info/organizations/proc/368,2026-08-02,大阪府,国・省庁,0
下伊那郡阿智村役場,501,,,0,,https://www2.njss.info/organizations/proc/6917,2026-08-02,長野県,地方公共団体,0
国土交通省(MLIT) 東北地方整備局 東北国営公園事務所,500,,,0,,https://www2.njss.info/organizations/proc/1085,2026-08-02,宮城県,国・省庁,0
国立美術館 東京国立近代美術館,500,,,0,,https://www2.njss.info/organizations/proc/1102,2026-08-02,東京都,国・省庁,0
北葛城郡河合町役場,499,,,0,,https://www2.njss.info/organizations/proc/6262,2026-08-02,奈良県,地方公共団体,0
文部科学省(MEXT) 科学技術・学術政策研究所,498,,,0,,https://www2.njss.info/organizations/proc/4454,2026-08-02,東京都,国・省庁,0
農林漁業信用基金,498,,,0,,https://www2.njss.info/organizations/proc/286,2026-08-02,東京都,国・省庁,0
上川郡東川町役場,498,,,0,,https://www2.njss.info/organizations/proc/6663,2026-08-02,北海道,地方公共団体,0
厚生労働省(MHLW) 東北厚生局,497,,,0,,https://www2.njss.info/organizations/proc/700,2026-08-02,宮城県,国・省庁,0
国立病院機構 中国四国グループ 賀茂精神医療センター,497,,,0,,https://www2.njss.info/organizations/proc/850,2026-08-02,広島県,国・省庁,0
福島地方水道用水供給企業団,497,,,0,,https://www2.njss.info/organizations/proc/5139,2026-08-02,福島県,地方公共団体,1
［閉鎖］日本万国博覧会記念機構,496,,,0,,https://www2.njss.info/organizations/proc/386,2026-08-02,大阪府,国・省庁,1
農林水産省(MAFF) 林野庁(FA) 近畿中国森林管理局 広島森林管理署,496,,,0,,https://www2.njss.info/organizations/proc/1431,2026-08-02,広島県,国・省庁,0
与謝郡伊根町役場,496,,,0,,https://www2.njss.info/organizations/proc/6564,2026-08-02,京都府,地方公共団体,0
大阪市役所 大正区役所,495,,,0,,https://www2.njss.info/organizations/proc/1856,2026-08-02,大阪府,地方公共団体,0
国立病院機構 近畿グループ やまと精神医療センター,495,,,0,,https://www2.njss.info/organizations/proc/887,2026-08-02,奈良県,国・省庁,0
邑楽郡板倉町役場,494,,,0,,https://www2.njss.info/organizations/proc/6214,2026-08-02,群馬県,地方公共団体,0
東日本高速道路株式会社(NEXCO) 関東支社,493,,,0,,https://www2.njss.info/organizations/proc/1933,2026-08-02,東京都,国・省庁,0
財務省(MOF) 東海財務局 津財務事務所,493,,,0,,https://www2.njss.info/organizations/proc/4421,2026-08-02,三重県,国・省庁,0
水資源機構 関西・吉野川支社吉野川本部 吉野川上流総合管理所,492,,,0,,https://www2.njss.info/organizations/proc/488,2026-08-02,徳島県,国・省庁,0
国土交通省(MLIT) 関東地方整備局 鬼怒川ダム統合管理事務所,492,,,0,,https://www2.njss.info/organizations/proc/1009,2026-08-02,栃木県,国・省庁,0
板野郡上板町役場,492,,,0,,https://www2.njss.info/organizations/proc/6522,2026-08-02,徳島県,地方公共団体,0
根室市役所,491,,,0,,https://www2.njss.info/organizations/proc/6000,2026-08-02,北海道,地方公共団体,0
天塩郡幌延町役場,490,,,0,,https://www2.njss.info/organizations/proc/6782,2026-08-02,北海道,地方公共団体,0
法務省(MOJ) 検察庁,489,,,0,,https://www2.njss.info/organizations/proc/145,2026-08-02,東京都,国・省庁,0
大野郡白川村役場,489,,,0,,https://www2.njss.info/organizations/proc/6728,2026-08-02,岐阜県,地方公共団体,0
国土交通省(MLIT) 北陸地方整備局 立山砂防事務所,489,,,0,,https://www2.njss.info/organizations/proc/943,2026-08-02,富山県,国・省庁,0
［閉鎖］新潟県立燕労災病院,489,,,0,,https://www2.njss.info/organizations/proc/1472,2026-08-02,新潟県,国・省庁,1
国土交通省(MLIT) 四国地方整備局 肱川ダム統合管理事務所,488,,,0,,https://www2.njss.info/organizations/proc/927,2026-08-02,愛媛県,国・省庁,0
千葉県道路公社,487,,,0,,https://www2.njss.info/organizations/proc/6050,2026-08-02,千葉県,地方公共団体,1
大島郡大和村役場,487,,,0,,https://www2.njss.info/organizations/proc/6725,2026-08-02,鹿児島県,地方公共団体,0
新冠郡新冠町役場,487,,,0,,https://www2.njss.info/organizations/proc/6807,2026-08-02,北海道,地方公共団体,0
国土交通省(MLIT) 近畿地方整備局 紀伊山系砂防事務所,486,,,0,,https://www2.njss.info/organizations/proc/4793,2026-08-02,奈良県,国・省庁,0
北安曇郡松川村役場,486,,,0,,https://www2.njss.info/organizations/proc/6460,2026-08-02,長野県,地方公共団体,0
岐阜県立多治見病院,486,,,0,,https://www2.njss.info/organizations/proc/5644,2026-08-02,岐阜県,地方公共団体,1
国土交通省(MLIT) 九州地方整備局 福岡国道事務所,486,,,0,,https://www2.njss.info/organizations/proc/5282,2026-08-02,福岡県,国・省庁,0
静岡県立こども病院,486,,,0,,https://www2.njss.info/organizations/proc/5658,2026-08-02,静岡県,地方公共団体,1
国土交通省(MLIT) 九州地方整備局 遠賀川河川事務所,485,,,0,,https://www2.njss.info/organizations/proc/5281,2026-08-02,福岡県,国・省庁,0
地域医療機能推進機構(JCHO) さいたま北部医療センター,485,,,0,,https://www2.njss.info/organizations/proc/7160,2026-08-02,埼玉県,国・省庁,0
地域医療機能推進機構(JCHO) 可児とうのう病院,485,,,0,,https://www2.njss.info/organizations/proc/7178,2026-08-02,岐阜県,国・省庁,0
建設業労働災害防止協会,485,,,0,,https://www2.njss.info/organizations/proc/7726,2026-08-02,東京都,国・省庁,1
日本赤十字社 静岡赤十字病院,484,,,0,,https://www2.njss.info/organizations/proc/1243,2026-08-02,静岡県,国・省庁,0
猿島郡五霞町役場,484,,,0,,https://www2.njss.info/organizations/proc/6506,2026-08-02,茨城県,地方公共団体,0
秩父郡皆野町役場,484,,,0,,https://www2.njss.info/organizations/proc/6229,2026-08-02,埼玉県,地方公共団体,0
十勝郡浦幌町役場,483,,,0,,https://www2.njss.info/organizations/proc/6704,2026-08-02,北海道,地方公共団体,0
奈良県庁 県土マネジメント部 まちづくり推進局,483,,,0,,https://www2.njss.info/organizations/proc/4805,2026-08-02,奈良県,地方公共団体,0
蒲生郡竜王町役場,482,,,0,,https://www2.njss.info/organizations/proc/6243,2026-08-02,滋賀県,地方公共団体,0
国土交通省(MLIT) 関東地方整備局 関東技術事務所,481,,,0,,https://www2.njss.info/organizations/proc/1029,2026-08-02,千葉県,国・省庁,0
長野県庁 大町建設事務所,481,,,0,,https://www2.njss.info/organizations/proc/4303,2026-08-02,長野県,地方公共団体,0
法務省(MOJ) 高松法務局,480,,,0,,https://www2.njss.info/organizations/proc/133,2026-08-02,香川県,国・省庁,0
国立病院機構 北海道東北グループ 米沢病院,479,,,0,,https://www2.njss.info/organizations/proc/781,2026-08-02,山形県,国・省庁,0
広島平和文化センター,479,,,0,,https://www2.njss.info/organizations/proc/4360,2026-08-02,広島県,国・省庁,1
勝田郡奈義町役場,479,,,0,,https://www2.njss.info/organizations/proc/7043,2026-08-02,岡山県,地方公共団体,0
農林水産省(MAFF) 林野庁(FA) 近畿中国森林管理局 三重森林管理署,478,,,0,,https://www2.njss.info/organizations/proc/1421,2026-08-02,三重県,国・省庁,0
邑智郡川本町役場,478,,,0,,https://www2.njss.info/organizations/proc/6974,2026-08-02,島根県,地方公共団体,0
総務省(MIC) 九州総合通信局,478,,,0,,https://www2.njss.info/organizations/proc/367,2026-08-02,熊本県,国・省庁,0
全国健康保険協会 岡山支部,478,,,0,,https://www2.njss.info/organizations/proc/1621,2026-08-02,岡山県,国・省庁,0
京都市役所 消防局,478,,,0,,https://www2.njss.info/organizations/proc/4196,2026-08-02,京都府,地方公共団体,0
国土交通省(MLIT) 近畿地方整備局 和歌山港湾事務所,477,,,0,,https://www2.njss.info/organizations/proc/5214,2026-08-02,和歌山県,国・省庁,0
双葉郡大熊町役場,477,,,0,,https://www2.njss.info/organizations/proc/6484,2026-08-02,福島県,地方公共団体,0
法務省(MOJ) 宇都宮地方法務局,476,,,0,,https://www2.njss.info/organizations/proc/139,2026-08-02,栃木県,国・省庁,0
農林水産省(MAFF) 林野庁(FA) 近畿中国森林管理局 岡山森林管理署,475,,,0,,https://www2.njss.info/organizations/proc/1429,2026-08-02,岡山県,国・省庁,0
高知県庁 会計管理局,475,,,0,,https://www2.njss.info/organizations/proc/7751,2026-08-02,高知県,地方公共団体,0
国土交通省(MLIT) 四国地方整備局 大渡ダム管理所,475,,,0,,https://www2.njss.info/organizations/proc/932,2026-08-02,高知県,国・省庁,0
国立文化財機構(NICH) 奈良国立博物館,475,,,0,,https://www2.njss.info/organizations/proc/4508,2026-08-02,奈良県,国・省庁,0
国土交通省(MLIT) 九州地方整備局 北九州国道事務所,475,,,0,,https://www2.njss.info/organizations/proc/5283,2026-08-02,福岡県,国・省庁,0
農林水産省(MAFF) 林野庁(FA) 九州森林管理局 屋久島森林管理署,474,,,0,,https://www2.njss.info/organizations/proc/1349,2026-08-02,鹿児島県,国・省庁,0
福島県庁 企業局,473,,,0,,https://www2.njss.info/organizations/proc/5555,2026-08-02,福島県,地方公共団体,0
防衛省(MOD) 自衛隊茨城地方協力本部,473,,,0,,https://www2.njss.info/organizations/proc/7348,2026-08-02,茨城県,国・省庁,0
筑西広域市町村圏事務組合,473,,,0,,https://www2.njss.info/organizations/proc/8190,2026-08-02,茨城県,地方公共団体,1
泉北郡忠岡町役場,472,,,0,,https://www2.njss.info/organizations/proc/6248,2026-08-02,大阪府,地方公共団体,0
国立病院機構 東海北陸グループ 東尾張病院,472,,,0,,https://www2.njss.info/organizations/proc/787,2026-08-02,愛知県,国・省庁,0
山本郡藤里町役場,472,,,0,,https://www2.njss.info/organizations/proc/6844,2026-08-02,秋田県,地方公共団体,0
日本赤十字社 深谷赤十字病院,472,,,0,,https://www2.njss.info/organizations/proc/1225,2026-08-02,埼玉県,国・省庁,0
地域医療機能推進機構(JCHO) 三島総合病院,471,,,0,,https://www2.njss.info/organizations/proc/7180,2026-08-02,静岡県,国・省庁,0
地域医療機能推進機構(JCHO) 諫早総合病院,471,,,0,,https://www2.njss.info/organizations/proc/7200,2026-08-02,長崎県,国・省庁,0
上磯郡知内町役場,471,,,0,,https://www2.njss.info/organizations/proc/6737,2026-08-02,北海道,地方公共団体,0
日本赤十字社 益田赤十字病院,471,,,0,,https://www2.njss.info/organizations/proc/1264,2026-08-02,島根県,国・省庁,0
邑楽郡千代田町役場,470,,,0,,https://www2.njss.info/organizations/proc/6218,2026-08-02,群馬県,地方公共団体,0
国土交通省(MLIT) 関東地方整備局 東京湾口航路事務所,470,,,0,,https://www2.njss.info/organizations/proc/1044,2026-08-02,神奈川県,国・省庁,0
国立高等専門学校機構 福島工業高等専門学校,470,,,0,,https://www2.njss.info/organizations/proc/202,2026-08-02,福島県,国・省庁,0
埼玉県立大学,469,,,0,,https://www2.njss.info/organizations/proc/5405,2026-08-02,埼玉県,国・省庁,0
国土交通省(MLIT) 関東地方整備局 首都国道事務所,468,,,0,,https://www2.njss.info/organizations/proc/1015,2026-08-02,千葉県,国・省庁,0
球磨郡水上村役場,468,,,0,,https://www2.njss.info/organizations/proc/6618,2026-08-02,熊本県,地方公共団体,0
国土交通省(MLIT) 東北地方整備局 仙台港湾空港技術調査事務所,467,,,0,,https://www2.njss.info/organizations/proc/1087,2026-08-02,宮城県,国・省庁,0
防衛省(MOD) 自衛隊兵庫地方協力本部,467,,,0,,https://www2.njss.info/organizations/proc/5478,2026-08-02,兵庫県,国・省庁,0
双葉郡楢葉町役場,466,,,0,,https://www2.njss.info/organizations/proc/6864,2026-08-02,福島県,地方公共団体,0
全国健康保険協会 福井支部,466,,,0,,https://www2.njss.info/organizations/proc/1606,2026-08-02,福井県,国・省庁,0
国土交通省(MLIT) 東北地方整備局 青森港湾事務所,465,,,0,,https://www2.njss.info/organizations/proc/1057,2026-08-02,青森県,国・省庁,0
国土交通省(MLIT) 関東地方整備局 東京港湾事務所,465,,,0,,https://www2.njss.info/organizations/proc/5208,2026-08-02,東京都,国・省庁,0
国土交通省(MLIT) 北陸地方整備局 神通川水系砂防事務所,465,,,0,,https://www2.njss.info/organizations/proc/950,2026-08-02,岐阜県,国・省庁,0
胆沢郡金ケ崎町役場,465,,,0,,https://www2.njss.info/organizations/proc/6393,2026-08-02,岩手県,地方公共団体,0
留萌郡小平町役場,463,,,0,,https://www2.njss.info/organizations/proc/6760,2026-08-02,北海道,地方公共団体,0
地域医療機能推進機構(JCHO) 相模野病院,463,,,0,,https://www2.njss.info/organizations/proc/7171,2026-08-02,神奈川県,国・省庁,0
中川郡音威子府村役場,463,,,0,,https://www2.njss.info/organizations/proc/6802,2026-08-02,北海道,地方公共団体,0
森林研究・整備機構 森林整備センター 東北北海道整備局,463,,,0,,https://www2.njss.info/organizations/proc/1390,2026-08-02,宮城県,国・省庁,0
甘楽郡甘楽町役場,463,,,0,,https://www2.njss.info/organizations/proc/6217,2026-08-02,群馬県,地方公共団体,0
下高井郡木島平村役場,463,,,0,,https://www2.njss.info/organizations/proc/6966,2026-08-02,長野県,地方公共団体,0
斜里郡斜里町役場,462,,,0,,https://www2.njss.info/organizations/proc/6364,2026-08-02,北海道,地方公共団体,0
防衛省(MOD) 自衛隊沖縄地方協力本部,462,,,0,,https://www2.njss.info/organizations/proc/7366,2026-08-02,沖縄県,国・省庁,0
長生郡長柄町役場,461,,,0,,https://www2.njss.info/organizations/proc/6539,2026-08-02,千葉県,地方公共団体,0
日本赤十字社 旭川赤十字病院,461,,,0,,https://www2.njss.info/organizations/proc/1201,2026-08-02,北海道,国・省庁,0
名西郡石井町役場,461,,,0,,https://www2.njss.info/organizations/proc/6185,2026-08-02,徳島県,地方公共団体,0
愛知県がんセンター,461,,,0,,https://www2.njss.info/organizations/proc/5963,2026-08-02,愛知県,地方公共団体,1
南房総広域水道企業団,461,,,0,,https://www2.njss.info/organizations/proc/7334,2026-08-02,千葉県,地方公共団体,1
国土交通省(MLIT) 九州地方整備局 長崎港湾・空港整備事務所,460,,,0,,https://www2.njss.info/organizations/proc/5324,2026-08-02,長崎県,国・省庁,0
賀茂郡河津町役場,460,,,0,,https://www2.njss.info/organizations/proc/6691,2026-08-02,静岡県,地方公共団体,0
法務省(MOJ) 検察庁 札幌高等検察庁,459,,,0,,https://www2.njss.info/organizations/proc/157,2026-08-02,北海道,国・省庁,0
静岡県大井川広域水道企業団,458,,,0,,https://www2.njss.info/organizations/proc/7380,2026-08-02,静岡県,地方公共団体,1
日本赤十字社 広島赤十字・原爆病院,458,,,0,,https://www2.njss.info/organizations/proc/1266,2026-08-02,広島県,国・省庁,0
法務省(MOJ) 水戸地方法務局,458,,,0,,https://www2.njss.info/organizations/proc/115,2026-08-02,茨城県,国・省庁,0
地域医療機能推進機構(JCHO) 福岡ゆたか中央病院,457,,,0,,https://www2.njss.info/organizations/proc/7197,2026-08-02,福岡県,国・省庁,0
国立病院機構 北海道東北グループ 盛岡医療センター,457,,,0,,https://www2.njss.info/organizations/proc/772,2026-08-02,岩手県,国・省庁,0
佐世保市役所 水道局,456,,,0,,https://www2.njss.info/organizations/proc/4183,2026-08-02,長崎県,地方公共団体,0
法務省(MOJ) 検察庁 福岡地方検察庁,456,,,0,,https://www2.njss.info/organizations/proc/150,2026-08-02,福岡県,国・省庁,0
法務省(MOJ) 検察庁 横浜地方検察庁,456,,,0,,https://www2.njss.info/organizations/proc/198,2026-08-02,神奈川県,国・省庁,0
法務省(MOJ) 高知地方法務局,456,,,0,,https://www2.njss.info/organizations/proc/107,2026-08-02,高知県,国・省庁,0
東京海洋大学,455,,,0,,https://www2.njss.info/organizations/proc/5379,2026-08-02,東京都,国・省庁,0
農林水産省(MAFF) 林野庁(FA) 近畿中国森林管理局 島根森林管理署,455,,,0,,https://www2.njss.info/organizations/proc/1428,2026-08-02,島根県,国・省庁,0
空知郡南幌町役場,455,,,0,,https://www2.njss.info/organizations/proc/6655,2026-08-02,北海道,地方公共団体,0
横浜市役所 資源循環局,455,,,0,,https://www2.njss.info/organizations/proc/7102,2026-08-02,神奈川県,地方公共団体,0
北佐久郡立科町役場,455,,,0,,https://www2.njss.info/organizations/proc/6914,2026-08-02,長野県,地方公共団体,0
今立郡池田町役場,455,,,0,,https://www2.njss.info/organizations/proc/6999,2026-08-02,福井県,地方公共団体,0
日本赤十字社 伊勢赤十字病院,454,,,0,,https://www2.njss.info/organizations/proc/1249,2026-08-02,三重県,国・省庁,0
東京都立産業技術研究センター,453,,,0,,https://www2.njss.info/organizations/proc/8016,2026-08-02,東京都,地方公共団体,1
足柄上郡中井町役場,453,,,0,,https://www2.njss.info/organizations/proc/6242,2026-08-02,神奈川県,地方公共団体,1
国土交通省(MLIT) 関東地方整備局 日光砂防事務所,453,,,0,,https://www2.njss.info/organizations/proc/1003,2026-08-02,栃木県,国・省庁,0
天塩郡天塩町役場,453,,,0,,https://www2.njss.info/organizations/proc/6758,2026-08-02,北海道,地方公共団体,0
地域医療機能推進機構(JCHO) 秋田病院,452,,,0,,https://www2.njss.info/organizations/proc/7175,2026-08-02,秋田県,国・省庁,0
日本赤十字社 福岡赤十字病院,452,,,0,,https://www2.njss.info/organizations/proc/1274,2026-08-02,福岡県,国・省庁,0
北海道立江差病院,452,,,0,,https://www2.njss.info/organizations/proc/5990,2026-08-02,北海道,地方公共団体,1
国土交通省(MLIT) 北陸地方整備局 北陸技術事務所,451,,,0,,https://www2.njss.info/organizations/proc/953,2026-08-02,新潟県,国・省庁,0
法務省(MOJ) 奈良地方法務局,451,,,0,,https://www2.njss.info/organizations/proc/122,2026-08-02,奈良県,国・省庁,0
日本赤十字社 唐津赤十字病院,451,,,0,,https://www2.njss.info/organizations/proc/1277,2026-08-02,佐賀県,国・省庁,0
森林研究・整備機構 森林総合研究所 北海道支所,451,,,0,,https://www2.njss.info/organizations/proc/1379,2026-08-02,北海道,国・省庁,0
空知郡南富良野町役場,451,,,0,,https://www2.njss.info/organizations/proc/6780,2026-08-02,北海道,地方公共団体,0
下北郡大間町役場,451,,,0,,https://www2.njss.info/organizations/proc/6818,2026-08-02,青森県,地方公共団体,0
法務省(MOJ) 長崎地方法務局,450,,,0,,https://www2.njss.info/organizations/proc/119,2026-08-02,長崎県,国・省庁,0
法務省(MOJ) 検察庁 さいたま地方検察庁,450,,,0,,https://www2.njss.info/organizations/proc/184,2026-08-02,埼玉県,国・省庁,0
法務省(MOJ) 松江地方法務局,449,,,0,,https://www2.njss.info/organizations/proc/113,2026-08-02,島根県,国・省庁,0
防衛省(MOD) 自衛隊奈良地方協力本部,448,,,0,,https://www2.njss.info/organizations/proc/5473,2026-08-02,奈良県,国・省庁,0
最上郡鮭川村役場,448,,,0,,https://www2.njss.info/organizations/proc/6860,2026-08-02,山形県,地方公共団体,0
国土交通省(MLIT) 関東地方整備局 北首都国道事務所,447,,,0,,https://www2.njss.info/organizations/proc/1019,2026-08-02,埼玉県,国・省庁,0
南河内郡河南町役場,447,,,0,,https://www2.njss.info/organizations/proc/6250,2026-08-02,大阪府,地方公共団体,0
北海道庁 建設部,446,,,0,,https://www2.njss.info/organizations/proc/7425,2026-08-02,北海道,地方公共団体,0
地域医療機能推進機構(JCHO) 佐賀中部病院,445,,,0,,https://www2.njss.info/organizations/proc/7198,2026-08-02,佐賀県,国・省庁,0
大島郡喜界町役場,445,,,0,,https://www2.njss.info/organizations/proc/6715,2026-08-02,鹿児島県,地方公共団体,0
兵庫県道路公社,444,,,0,,https://www2.njss.info/organizations/proc/6056,2026-08-02,兵庫県,地方公共団体,1
法務省(MOJ) 岐阜地方法務局,444,,,0,,https://www2.njss.info/organizations/proc/101,2026-08-02,岐阜県,国・省庁,0
賀茂郡西伊豆町役場,444,,,0,,https://www2.njss.info/organizations/proc/6730,2026-08-02,静岡県,地方公共団体,0
横浜市役所 道路局,444,,,0,,https://www2.njss.info/organizations/proc/7105,2026-08-02,神奈川県,地方公共団体,0
山武郡九十九里町役場,443,,,0,,https://www2.njss.info/organizations/proc/6230,2026-08-02,千葉県,地方公共団体,0
国立病院機構 近畿グループ 紫香楽病院,443,,,0,,https://www2.njss.info/organizations/proc/832,2026-08-02,滋賀県,国・省庁,0
国土交通省(MLIT) 東北地方整備局 三春ダム管理所,443,,,0,,https://www2.njss.info/organizations/proc/1092,2026-08-02,福島県,国・省庁,0
九戸郡軽米町役場,443,,,0,,https://www2.njss.info/organizations/proc/6398,2026-08-02,岩手県,地方公共団体,0
高岡郡日高村役場,443,,,0,,https://www2.njss.info/organizations/proc/7068,2026-08-02,高知県,地方公共団体,0
坂戸、鶴ヶ島水道企業団,443,,,0,,https://www2.njss.info/organizations/proc/7321,2026-08-02,埼玉県,地方公共団体,1
川崎市住宅供給公社,442,,,0,,https://www2.njss.info/organizations/proc/7456,2026-08-02,神奈川県,地方公共団体,1
全国健康保険協会 山梨支部,441,,,0,,https://www2.njss.info/organizations/proc/1607,2026-08-02,山梨県,国・省庁,0
岩手郡葛巻町役場,441,,,0,,https://www2.njss.info/organizations/proc/6828,2026-08-02,岩手県,地方公共団体,0
公立大学法人大阪,440,,,0,,https://www2.njss.info/organizations/proc/7872,2026-08-02,大阪府,国・省庁,1
伊勢崎市民病院,440,,,0,,https://www2.njss.info/organizations/proc/5311,2026-08-02,群馬県,地方公共団体,1
東置賜郡高畠町役場,440,,,0,,https://www2.njss.info/organizations/proc/6139,2026-08-02,山形県,地方公共団体,0
地域医療機能推進機構(JCHO) 仙台南病院,439,,,0,,https://www2.njss.info/organizations/proc/7174,2026-08-02,宮城県,国・省庁,0
水資源機構 渡良瀬川ダム総合管理所,439,,,0,,https://www2.njss.info/organizations/proc/467,2026-08-02,群馬県,国・省庁,0
宇陀郡御杖村役場,439,,,0,,https://www2.njss.info/organizations/proc/6573,2026-08-02,奈良県,地方公共団体,0
法務省(MOJ) 検察庁 名古屋地方検察庁,439,,,0,,https://www2.njss.info/organizations/proc/175,2026-08-02,愛知県,国・省庁,0
法務省(MOJ) 青森地方法務局,439,,,0,,https://www2.njss.info/organizations/proc/95,2026-08-02,青森県,国・省庁,0
国立病院機構 北海道東北グループ 花巻病院,439,,,0,,https://www2.njss.info/organizations/proc/773,2026-08-02,岩手県,国・省庁,0
日本赤十字社 長岡赤十字病院,438,,,0,,https://www2.njss.info/organizations/proc/1232,2026-08-02,新潟県,国・省庁,0
全国健康保険協会 宮崎支部,438,,,0,,https://www2.njss.info/organizations/proc/1633,2026-08-02,宮崎県,国・省庁,0
国土交通省(MLIT) 近畿地方整備局 九頭竜川ダム統合管理事務所,437,,,0,,https://www2.njss.info/organizations/proc/972,2026-08-02,福井県,国・省庁,0
松江市立病院,437,,,0,,https://www2.njss.info/organizations/proc/5343,2026-08-02,島根県,地方公共団体,1
農林水産省(MAFF) 林野庁(FA) 近畿中国森林管理局 和歌山森林管理署,437,,,0,,https://www2.njss.info/organizations/proc/1426,2026-08-02,和歌山県,国・省庁,0
高齢・障害・求職者雇用支援機構 岩手支部,436,,,0,,https://www2.njss.info/organizations/proc/5793,2026-08-02,岩手県,国・省庁,0
山武郡芝山町役場,436,,,0,,https://www2.njss.info/organizations/proc/6490,2026-08-02,千葉県,地方公共団体,0
防衛省(MOD) 航空自衛隊 補給本部,435,,,0,,https://www2.njss.info/organizations/proc/58,2026-08-02,東京都,国・省庁,0
一関地区広域行政組合,435,,,0,,https://www2.njss.info/organizations/proc/7888,2026-08-02,岩手県,地方公共団体,1
水産研究・教育機構 水産大学校,435,,,0,,https://www2.njss.info/organizations/proc/295,2026-08-02,山口県,国・省庁,0
国立病院機構 九州グループ,435,,,0,,https://www2.njss.info/organizations/proc/786,2026-08-02,福岡県,国・省庁,0
農林水産省(MAFF) 林野庁(FA) 北海道森林管理局 空知森林管理署 北空知支署,435,,,0,,https://www2.njss.info/organizations/proc/1356,2026-08-02,北海道,国・省庁,0
財務省(MOF) 東海財務局 岐阜財務事務所,435,,,0,,https://www2.njss.info/organizations/proc/4419,2026-08-02,岐阜県,国・省庁,0
情報・システム研究機構 国立情報学研究所(NII),433,,,0,,https://www2.njss.info/organizations/proc/4448,2026-08-02,東京都,国・省庁,1
和気郡和気町役場,433,,,0,,https://www2.njss.info/organizations/proc/6438,2026-08-02,岡山県,地方公共団体,0
国立文化財機構(NICH) 京都国立博物館,432,,,0,,https://www2.njss.info/organizations/proc/4507,2026-08-02,京都府,国・省庁,0
宮城大学,432,,,0,,https://www2.njss.info/organizations/proc/5399,2026-08-02,宮城県,国・省庁,0
京都府立医科大学 京都府立医科大学附属北部医療センター,432,,,0,,https://www2.njss.info/organizations/proc/5725,2026-08-02,京都府,地方公共団体,0
国立高等専門学校機構 長岡工業高等専門学校,430,,,0,,https://www2.njss.info/organizations/proc/210,2026-08-02,新潟県,国・省庁,0
地域医療機能推進機構(JCHO) 宇和島病院,430,,,0,,https://www2.njss.info/organizations/proc/7191,2026-08-02,愛媛県,国・省庁,0
水資源機構 中部支社 揖斐川・長良川総合管理所,429,,,0,,https://www2.njss.info/organizations/proc/476,2026-08-02,三重県,国・省庁,0
加古川市民病院機構 加古川中央市民病院,429,,,0,,https://www2.njss.info/organizations/proc/5340,2026-08-02,兵庫県,地方公共団体,1
国土交通省(MLIT) 関東地方整備局 相模川水系広域ダム管理事務所,429,,,0,,https://www2.njss.info/organizations/proc/1010,2026-08-02,神奈川県,国・省庁,0
富山県警察本部,428,,,0,,https://www2.njss.info/organizations/proc/314,2026-08-02,富山県,地方公共団体,0
国土交通省(MLIT) 関東地方整備局 国営昭和記念公園事務所,428,,,0,,https://www2.njss.info/organizations/proc/1031,2026-08-02,東京都,国・省庁,0
沖縄県立南部医療センター・こども医療センター,428,,,0,,https://www2.njss.info/organizations/proc/5906,2026-08-02,沖縄県,地方公共団体,1
安芸郡坂町役場,427,,,0,,https://www2.njss.info/organizations/proc/6530,2026-08-02,広島県,地方公共団体,0
香川県広域水道企業団 東讃ブロック統括センター,425,,,0,,https://www2.njss.info/organizations/proc/7754,2026-08-02,香川県,地方公共団体,1
水資源機構 関西・吉野川支社淀川本部 木津川ダム総合管理所 川上ダム管理所,425,,,0,,https://www2.njss.info/organizations/proc/480,2026-08-02,三重県,国・省庁,0
国立美術館 国立新美術館(NACT),425,,,0,,https://www2.njss.info/organizations/proc/1101,2026-08-02,東京都,国・省庁,0
会津大学,424,,,0,,https://www2.njss.info/organizations/proc/4441,2026-08-02,福島県,国・省庁,0
国土交通省(MLIT) 東北地方整備局 摺上川ダム管理所,424,,,0,,https://www2.njss.info/organizations/proc/1089,2026-08-02,福島県,国・省庁,0
加茂郡川辺町役場,424,,,0,,https://www2.njss.info/organizations/proc/6275,2026-08-02,岐阜県,地方公共団体,0
国土交通省(MLIT) 九州地方整備局 博多港湾・空港整備事務所,423,,,0,,https://www2.njss.info/organizations/proc/7154,2026-08-02,福岡県,国・省庁,0
国土交通省(MLIT) 東北地方整備局 鳴子ダム管理所,423,,,0,,https://www2.njss.info/organizations/proc/1081,2026-08-02,宮城県,国・省庁,0
法務省(MOJ) 釧路地方法務局,422,,,0,,https://www2.njss.info/organizations/proc/110,2026-08-02,北海道,国・省庁,0
国立高等専門学校機構 鶴岡工業高等専門学校,422,,,0,,https://www2.njss.info/organizations/proc/214,2026-08-02,山形県,国・省庁,0
札幌市役所 まちづくり政策局 都市計画部,422,,,0,,https://www2.njss.info/organizations/proc/4173,2026-08-02,北海道,地方公共団体,0
東白川郡鮫川村役場,422,,,0,,https://www2.njss.info/organizations/proc/6884,2026-08-02,福島県,地方公共団体,0
国土交通省(MLIT) 四国地方整備局 高松港湾・空港整備事務所,421,,,0,,https://www2.njss.info/organizations/proc/5215,2026-08-02,香川県,国・省庁,0
総務省(MIC) 情報通信政策研究所,421,,,0,,https://www2.njss.info/organizations/proc/374,2026-08-02,東京都,国・省庁,0
国土交通省(MLIT) 中部地方整備局 三河港湾事務所,421,,,0,,https://www2.njss.info/organizations/proc/5251,2026-08-02,愛知県,国・省庁,0
下閉伊郡岩泉町役場,421,,,0,,https://www2.njss.info/organizations/proc/6397,2026-08-02,岩手県,地方公共団体,0
海外産業人材育成協会,421,,,0,,https://www2.njss.info/organizations/proc/4605,2026-08-02,東京都,国・省庁,0
厚生労働省(MHLW) 国立療養所栗生楽泉園,420,,,0,,https://www2.njss.info/organizations/proc/6489,2026-08-02,群馬県,国・省庁,0
国民年金基金,420,,,0,,https://www2.njss.info/organizations/proc/715,2026-08-02,東京都,国・省庁,1
高齢・障害・求職者雇用支援機構 山形支部,420,,,0,,https://www2.njss.info/organizations/proc/5795,2026-08-02,山形県,国・省庁,0
国土交通省(MLIT) 近畿地方整備局 足羽川ダム工事事務所,420,,,0,,https://www2.njss.info/organizations/proc/976,2026-08-02,福井県,国・省庁,0
札幌市役所 危機管理対策室,420,,,0,,https://www2.njss.info/organizations/proc/4386,2026-08-02,北海道,地方公共団体,0
農林水産省(MAFF) 林野庁(FA) 近畿中国森林管理局 兵庫森林管理署,420,,,0,,https://www2.njss.info/organizations/proc/1424,2026-08-02,兵庫県,国・省庁,0
大島郡知名町役場,419,,,0,,https://www2.njss.info/organizations/proc/6718,2026-08-02,鹿児島県,地方公共団体,0
国土交通省(MLIT) 東北地方整備局 釜房ダム管理所,419,,,0,,https://www2.njss.info/organizations/proc/1082,2026-08-02,宮城県,国・省庁,0
柴田郡川崎町役場,419,,,0,,https://www2.njss.info/organizations/proc/6835,2026-08-02,宮城県,地方公共団体,0
南都留郡道志村役場,419,,,0,,https://www2.njss.info/organizations/proc/6904,2026-08-02,山梨県,地方公共団体,0
印旛郡栄町役場,418,,,0,,https://www2.njss.info/organizations/proc/6029,2026-08-02,千葉県,地方公共団体,0
上伊那郡宮田村役場,418,,,0,,https://www2.njss.info/organizations/proc/6912,2026-08-02,長野県,地方公共団体,0
鹿足郡吉賀町役場,418,,,0,,https://www2.njss.info/organizations/proc/6972,2026-08-02,島根県,地方公共団体,0
国立高等専門学校機構 一関工業高等専門学校,417,,,0,,https://www2.njss.info/organizations/proc/206,2026-08-02,岩手県,国・省庁,0
南津軽郡田舎館村役場,417,,,0,,https://www2.njss.info/organizations/proc/6812,2026-08-02,青森県,地方公共団体,0
刈田郡蔵王町役場,416,,,0,,https://www2.njss.info/organizations/proc/6405,2026-08-02,宮城県,地方公共団体,0
法務省(MOJ) 旭川地方法務局,416,,,0,,https://www2.njss.info/organizations/proc/96,2026-08-02,北海道,国・省庁,0
全国健康保険協会 高知支部,416,,,0,,https://www2.njss.info/organizations/proc/1627,2026-08-02,高知県,国・省庁,0
山口県立総合医療センター,415,,,0,,https://www2.njss.info/organizations/proc/5779,2026-08-02,山口県,地方公共団体,1
沖縄県立中部病院,415,,,0,,https://www2.njss.info/organizations/proc/5905,2026-08-02,沖縄県,地方公共団体,1
地域医療機能推進機構(JCHO) 横浜中央病院,414,,,0,,https://www2.njss.info/organizations/proc/7169,2026-08-02,神奈川県,国・省庁,0
［閉鎖］三芳水道企業団,414,,,0,,https://www2.njss.info/organizations/proc/7325,2026-08-02,千葉県,地方公共団体,1
農業・食品産業技術総合研究機構(NARO) 【［閉鎖］種苗管理センター(NCSS)】,413,,,0,,https://www2.njss.info/organizations/proc/291,2026-08-02,茨城県,国・省庁,1
特別区競馬組合,411,,,0,,https://www2.njss.info/organizations/proc/7912,2026-08-02,東京都,地方公共団体,1
長生郡一宮町役場,411,,,0,,https://www2.njss.info/organizations/proc/6235,2026-08-02,千葉県,地方公共団体,0
水資源機構 利根川上流総合管理所,410,,,0,,https://www2.njss.info/organizations/proc/463,2026-08-02,群馬県,国・省庁,0
国土交通省(MLIT) 九州地方整備局 苅田港湾事務所,410,,,0,,https://www2.njss.info/organizations/proc/5327,2026-08-02,福岡県,国・省庁,0
厚生労働省(MHLW) 名古屋検疫所,410,,,0,,https://www2.njss.info/organizations/proc/708,2026-08-02,愛知県,国・省庁,0
空知郡上富良野町役場,410,,,0,,https://www2.njss.info/organizations/proc/6367,2026-08-02,北海道,地方公共団体,0
地域医療機能推進機構(JCHO) 清水さくら病院,409,,,0,,https://www2.njss.info/organizations/proc/7179,2026-08-02,静岡県,国・省庁,0
恩賜財団 済生会,409,,,0,,https://www2.njss.info/organizations/proc/8106,2026-08-02,東京都,地方公共団体,0
埼玉県道路公社,408,,,0,,https://www2.njss.info/organizations/proc/6049,2026-08-02,埼玉県,地方公共団体,1
東白川郡棚倉町役場,408,,,0,,https://www2.njss.info/organizations/proc/6487,2026-08-02,福島県,地方公共団体,0
西津軽郡深浦町役場,408,,,0,,https://www2.njss.info/organizations/proc/6811,2026-08-02,青森県,地方公共団体,0
水資源機構 関西・吉野川支社淀川本部 琵琶湖総合管理所,407,,,0,,https://www2.njss.info/organizations/proc/482,2026-08-02,滋賀県,国・省庁,0
高知県庁 教育委員会,407,,,0,,https://www2.njss.info/organizations/proc/7753,2026-08-02,高知県,地方公共団体,0
大学改革支援・学位授与機構,407,,,0,,https://www2.njss.info/organizations/proc/7585,2026-08-02,東京都,国・省庁,0
法務省(MOJ) 佐賀地方法務局,406,,,0,,https://www2.njss.info/organizations/proc/128,2026-08-02,佐賀県,国・省庁,0
山梨県立病院機構,406,,,0,,https://www2.njss.info/organizations/proc/5961,2026-08-02,山梨県,地方公共団体,1
国立高等専門学校機構 岐阜工業高等専門学校,406,,,0,,https://www2.njss.info/organizations/proc/203,2026-08-02,岐阜県,国・省庁,0
田川郡糸田町役場,405,,,0,,https://www2.njss.info/organizations/proc/6591,2026-08-02,福岡県,地方公共団体,0
稲敷郡河内町役場,404,,,0,,https://www2.njss.info/organizations/proc/6206,2026-08-02,茨城県,地方公共団体,0
国立高等専門学校機構 北九州工業高等専門学校,403,,,0,,https://www2.njss.info/organizations/proc/207,2026-08-02,福岡県,国・省庁,0
地域医療機能推進機構(JCHO) りつりん病院,402,,,0,,https://www2.njss.info/organizations/proc/7190,2026-08-02,香川県,国・省庁,0
球磨郡錦町役場,402,,,0,,https://www2.njss.info/organizations/proc/6320,2026-08-02,熊本県,地方公共団体,0
伊達郡国見町役場,402,,,0,,https://www2.njss.info/organizations/proc/6482,2026-08-02,福島県,地方公共団体,0
国立高等専門学校機構 函館工業高等専門学校,401,,,0,,https://www2.njss.info/organizations/proc/204,2026-08-02,北海道,国・省庁,0
徳島県鳴門病院,401,,,0,,https://www2.njss.info/organizations/proc/5784,2026-08-02,徳島県,地方公共団体,1
下北郡佐井村役場,401,,,0,,https://www2.njss.info/organizations/proc/6825,2026-08-02,青森県,地方公共団体,0
国土交通省(MLIT) 四国地方整備局 小松島港湾・空港整備事務所,400,,,0,,https://www2.njss.info/organizations/proc/5217,2026-08-02,徳島県,国・省庁,0
国立高等専門学校機構 木更津工業高等専門学校,400,,,0,,https://www2.njss.info/organizations/proc/208,2026-08-02,千葉県,国・省庁,0
水資源機構 渡良瀬川ダム総合管理所 思川開発建設所,400,,,0,,https://www2.njss.info/organizations/proc/461,2026-08-02,栃木県,国・省庁,0
奈良県庁 福祉保険部 医療政策局,399,,,0,,https://www2.njss.info/organizations/proc/4799,2026-08-02,奈良県,地方公共団体,0
法務省(MOJ) 金沢地方法務局,399,,,0,,https://www2.njss.info/organizations/proc/105,2026-08-02,石川県,国・省庁,0
犬上郡豊郷町役場,399,,,0,,https://www2.njss.info/organizations/proc/6560,2026-08-02,滋賀県,地方公共団体,0
防衛省(MOD) 自衛隊東京地方協力本部,399,,,0,,https://www2.njss.info/organizations/proc/7353,2026-08-02,東京都,国・省庁,0
四日市港管理組合,398,,,0,,https://www2.njss.info/organizations/proc/8576,2026-08-02,三重県,地方公共団体,0
総合研究大学院大学,398,,,0,,https://www2.njss.info/organizations/proc/5394,2026-08-02,神奈川県,国・省庁,0
中空知広域水道企業団,397,,,0,,https://www2.njss.info/organizations/proc/7401,2026-08-02,北海道,地方公共団体,1
板野郡藍住町役場,397,,,0,,https://www2.njss.info/organizations/proc/5763,2026-08-02,徳島県,地方公共団体,0
農林水産省(MAFF) 林野庁(FA) 近畿中国森林管理局 鳥取森林管理署,396,,,0,,https://www2.njss.info/organizations/proc/1427,2026-08-02,鳥取県,国・省庁,0
大分県立病院,395,,,0,,https://www2.njss.info/organizations/proc/5895,2026-08-02,大分県,地方公共団体,1
南河内郡千早赤阪村役場,395,,,0,,https://www2.njss.info/organizations/proc/6544,2026-08-02,大阪府,地方公共団体,0
北秋田郡上小阿仁村役場,395,,,0,,https://www2.njss.info/organizations/proc/6847,2026-08-02,秋田県,地方公共団体,0
西日本高速道路株式会社(NEXCO) 四国支社,394,,,0,,https://www2.njss.info/organizations/proc/2042,2026-08-02,香川県,国・省庁,0
京都市役所 行財政局,394,,,0,,https://www2.njss.info/organizations/proc/7805,2026-08-02,京都府,地方公共団体,0
地域医療機能推進機構(JCHO) 東京城東病院,394,,,0,,https://www2.njss.info/organizations/proc/7167,2026-08-02,東京都,国・省庁,0
日本赤十字社 長崎原爆病院,394,,,0,,https://www2.njss.info/organizations/proc/1278,2026-08-02,長崎県,国・省庁,0
人間文化研究機構 国立民族学博物館,393,,,0,,https://www2.njss.info/organizations/proc/242,2026-08-02,大阪府,国・省庁,0
国土交通省(MLIT) 九州地方整備局 八代河川国道事務所,392,,,0,,https://www2.njss.info/organizations/proc/5294,2026-08-02,熊本県,国・省庁,0
雄勝郡東成瀬村役場,392,,,0,,https://www2.njss.info/organizations/proc/6846,2026-08-02,秋田県,地方公共団体,0
水資源機構 筑後川局,391,,,0,,https://www2.njss.info/organizations/proc/490,2026-08-02,福岡県,国・省庁,0
沖縄県立精和病院,391,,,0,,https://www2.njss.info/organizations/proc/5909,2026-08-02,沖縄県,地方公共団体,1
静岡県道路公社,390,,,0,,https://www2.njss.info/organizations/proc/6058,2026-08-02,静岡県,地方公共団体,1
全国健康保険協会 大分支部,390,,,0,,https://www2.njss.info/organizations/proc/1632,2026-08-02,大分県,国・省庁,0
標津郡標津町役場,390,,,0,,https://www2.njss.info/organizations/proc/6810,2026-08-02,北海道,地方公共団体,0
高齢・障害・求職者雇用支援機構 愛媛支部,389,,,0,,https://www2.njss.info/organizations/proc/5864,2026-08-02,愛媛県,国・省庁,0
情報・システム研究機構,389,,,0,,https://www2.njss.info/organizations/proc/6815,2026-08-02,東京都,国・省庁,1
河東郡音更町役場,388,,,0,,https://www2.njss.info/organizations/proc/5494,2026-08-02,北海道,地方公共団体,0
泉南郡田尻町役場,388,,,0,,https://www2.njss.info/organizations/proc/6566,2026-08-02,大阪府,地方公共団体,0
法務省(MOJ) 徳島地方法務局,388,,,0,,https://www2.njss.info/organizations/proc/134,2026-08-02,徳島県,国・省庁,0
広島市都市整備公社,388,,,0,,https://www2.njss.info/organizations/proc/4365,2026-08-02,広島県,国・省庁,1
奈良県庁 【［閉鎖］水道局】,388,,,0,,https://www2.njss.info/organizations/proc/4807,2026-08-02,奈良県,地方公共団体,1
雄勝郡羽後町役場,387,,,0,,https://www2.njss.info/organizations/proc/6411,2026-08-02,秋田県,地方公共団体,0
国立美術館 国立西洋美術館,387,,,0,,https://www2.njss.info/organizations/proc/1103,2026-08-02,東京都,国・省庁,0
法務省(MOJ) 宮崎地方法務局,387,,,0,,https://www2.njss.info/organizations/proc/116,2026-08-02,宮崎県,国・省庁,0
松前郡福島町役場,386,,,0,,https://www2.njss.info/organizations/proc/6733,2026-08-02,北海道,地方公共団体,0
長浜水道企業団,385,,,0,,https://www2.njss.info/organizations/proc/7371,2026-08-02,滋賀県,地方公共団体,1
産業雇用安定センター,385,,,0,,https://www2.njss.info/organizations/proc/1588,2026-08-02,東京都,国・省庁,1
法務省(MOJ) 大津地方法務局,385,,,0,,https://www2.njss.info/organizations/proc/127,2026-08-02,滋賀県,国・省庁,0
豊能郡豊能町役場,384,,,0,,https://www2.njss.info/organizations/proc/6037,2026-08-02,大阪府,地方公共団体,0
枝幸郡枝幸町役場,384,,,0,,https://www2.njss.info/organizations/proc/6653,2026-08-02,北海道,地方公共団体,0
幌泉郡えりも町役場,384,,,0,,https://www2.njss.info/organizations/proc/6707,2026-08-02,北海道,地方公共団体,0
奥州金ケ崎行政事務組合,384,,,0,,https://www2.njss.info/organizations/proc/7886,2026-08-02,岩手県,地方公共団体,0
埼玉県立病院機構 埼玉県立がんセンター,383,,,0,,https://www2.njss.info/organizations/proc/5949,2026-08-02,埼玉県,地方公共団体,0
鳥取市立病院,382,,,0,,https://www2.njss.info/organizations/proc/5342,2026-08-02,鳥取県,地方公共団体,1
賀茂郡東伊豆町役場,381,,,0,,https://www2.njss.info/organizations/proc/6278,2026-08-02,静岡県,地方公共団体,0
県立日南病院,381,,,0,,https://www2.njss.info/organizations/proc/5898,2026-08-02,宮崎県,地方公共団体,1
鳥取環境大学,381,,,0,,https://www2.njss.info/organizations/proc/5421,2026-08-02,鳥取県,国・省庁,1
国土交通省(MLIT) 東北地方整備局 七ヶ宿ダム管理所,381,,,0,,https://www2.njss.info/organizations/proc/1083,2026-08-02,宮城県,国・省庁,0
内閣府(CAO) 個人情報保護委員会,380,,,0,,https://www2.njss.info/organizations/proc/7420,2026-08-02,東京都,国・省庁,0
国土交通省(MLIT) 国土交通大学校,380,,,0,,https://www2.njss.info/organizations/proc/545,2026-08-02,東京都,国・省庁,0
法務省(MOJ) 大分地方法務局,380,,,0,,https://www2.njss.info/organizations/proc/124,2026-08-02,大分県,国・省庁,0
中日本高速道路株式会社(NEXCO) 金沢支社,379,,,0,,https://www2.njss.info/organizations/proc/1966,2026-08-02,石川県,国・省庁,0
水資源機構 関西・吉野川支社淀川本部,379,,,0,,https://www2.njss.info/organizations/proc/479,2026-08-02,大阪府,国・省庁,0
防衛省(MOD) 自衛隊愛媛地方協力本部,379,,,0,,https://www2.njss.info/organizations/proc/5486,2026-08-02,愛媛県,国・省庁,0
法務省(MOJ) 甲府地方法務局,378,,,0,,https://www2.njss.info/organizations/proc/108,2026-08-02,山梨県,国・省庁,0
上伊那郡飯島町役場,378,,,0,,https://www2.njss.info/organizations/proc/6909,2026-08-02,長野県,地方公共団体,0
法務省(MOJ) 検察庁 釧路地方検察庁,378,,,0,,https://www2.njss.info/organizations/proc/166,2026-08-02,北海道,国・省庁,0
国立病院機構 中国四国グループ 【［閉鎖］善通寺病院】,378,,,0,,https://www2.njss.info/organizations/proc/908,2026-08-02,香川県,国・省庁,1
入間郡越生町役場,378,,,0,,https://www2.njss.info/organizations/proc/6226,2026-08-02,埼玉県,地方公共団体,0
国土交通省(MLIT) 九州地方整備局 別府港湾・空港整備事務所,376,,,0,,https://www2.njss.info/organizations/proc/7155,2026-08-02,大分県,国・省庁,0
日本赤十字社 盛岡赤十字病院,376,,,0,,https://www2.njss.info/organizations/proc/1212,2026-08-02,岩手県,国・省庁,0
地域医療機能推進機構(JCHO) 大阪みなと中央病院,375,,,0,,https://www2.njss.info/organizations/proc/7145,2026-08-02,大阪府,国・省庁,0
喜多方地方広域市町村圏組合,375,,,0,,https://www2.njss.info/organizations/proc/7906,2026-08-02,福島県,地方公共団体,1
上川郡当麻町役場,375,,,0,,https://www2.njss.info/organizations/proc/6668,2026-08-02,北海道,地方公共団体,0
香川県広域水道企業団 小豆ブロック統括センター,375,,,0,,https://www2.njss.info/organizations/proc/7755,2026-08-02,香川県,地方公共団体,0
全国健康保険協会 佐賀支部,374,,,0,,https://www2.njss.info/organizations/proc/1629,2026-08-02,佐賀県,国・省庁,0
球磨郡山江村役場,374,,,0,,https://www2.njss.info/organizations/proc/6617,2026-08-02,熊本県,地方公共団体,0
防衛省(MOD) 自衛隊愛知地方協力本部,374,,,0,,https://www2.njss.info/organizations/proc/5471,2026-08-02,愛知県,国・省庁,0
厚生労働省(MHLW) 東海北陸厚生局,373,,,0,,https://www2.njss.info/organizations/proc/701,2026-08-02,愛知県,国・省庁,0
国土交通省(MLIT) 東北地方整備局 月山ダム管理所,372,,,0,,https://www2.njss.info/organizations/proc/1074,2026-08-02,山形県,国・省庁,0
秩父郡東秩父村役場,372,,,0,,https://www2.njss.info/organizations/proc/6493,2026-08-02,埼玉県,地方公共団体,0
南佐久郡佐久穂町役場,371,,,0,,https://www2.njss.info/organizations/proc/6464,2026-08-02,長野県,地方公共団体,0
国土交通省(MLIT) 関東地方整備局 東京外かく環状国道事務所,371,,,0,,https://www2.njss.info/organizations/proc/1025,2026-08-02,東京都,国・省庁,0
京都府立医科大学 京都府立医科大学附属病院,371,,,0,,https://www2.njss.info/organizations/proc/1880,2026-08-02,京都府,国・省庁,0
地域医療機能推進機構(JCHO) 宮崎江南病院,371,,,0,,https://www2.njss.info/organizations/proc/7205,2026-08-02,宮崎県,国・省庁,0
坂戸、鶴ケ島下水道組合,370,,,0,,https://www2.njss.info/organizations/proc/7322,2026-08-02,埼玉県,地方公共団体,1
京都府立大学,369,,,0,,https://www2.njss.info/organizations/proc/4475,2026-08-02,京都府,国・省庁,0
国立高等専門学校機構 都城工業高等専門学校,369,,,0,,https://www2.njss.info/organizations/proc/209,2026-08-02,宮崎県,国・省庁,0
小県郡長和町役場,368,,,0,,https://www2.njss.info/organizations/proc/6918,2026-08-02,長野県,地方公共団体,0
三笠市役所,368,,,0,,https://www2.njss.info/organizations/proc/6371,2026-08-02,北海道,地方公共団体,0
吾妻郡高山村役場,368,,,0,,https://www2.njss.info/organizations/proc/6499,2026-08-02,群馬県,地方公共団体,0
総務省(MIC) 消防庁 消防大学校,367,,,0,,https://www2.njss.info/organizations/proc/7866,2026-08-02,東京都,国・省庁,0
地域医療機能推進機構(JCHO) 湯河原病院,367,,,0,,https://www2.njss.info/organizations/proc/7172,2026-08-02,神奈川県,国・省庁,0
秋田県立病院機構,367,,,0,,https://www2.njss.info/organizations/proc/5659,2026-08-02,秋田県,地方公共団体,1
泉北環境整備施設組合,367,,,0,,https://www2.njss.info/organizations/proc/8608,2026-08-02,大阪府,地方公共団体,1
国土交通省(MLIT) 北陸地方整備局 敦賀港湾事務所,366,,,0,,https://www2.njss.info/organizations/proc/958,2026-08-02,福井県,国・省庁,0
北海道立総合研究機構,366,,,0,,https://www2.njss.info/organizations/proc/8006,2026-08-02,北海道,地方公共団体,1
双葉郡川内村役場,366,,,0,,https://www2.njss.info/organizations/proc/6870,2026-08-02,福島県,地方公共団体,0
相馬地方広域水道企業団,366,,,0,,https://www2.njss.info/organizations/proc/7410,2026-08-02,福島県,地方公共団体,1
綾歌郡宇多津町役場,365,,,0,,https://www2.njss.info/organizations/proc/6518,2026-08-02,香川県,地方公共団体,0
鹿角郡小坂町役場,365,,,0,,https://www2.njss.info/organizations/proc/6842,2026-08-02,秋田県,地方公共団体,0
国土交通省(MLIT) 九州地方整備局 熊本港湾・空港整備事務所,364,,,0,,https://www2.njss.info/organizations/proc/7153,2026-08-02,熊本県,国・省庁,0
千葉県住宅供給公社,364,,,0,,https://www2.njss.info/organizations/proc/7458,2026-08-02,千葉県,地方公共団体,1
鹿屋体育大学,364,,,0,,https://www2.njss.info/organizations/proc/5385,2026-08-02,鹿児島県,国・省庁,0
国立病院機構 東海北陸グループ,364,,,0,,https://www2.njss.info/organizations/proc/847,2026-08-02,愛知県,国・省庁,0
財務省(MOF) 東海財務局 静岡財務事務所 沼津出張所,364,,,0,,https://www2.njss.info/organizations/proc/4422,2026-08-02,静岡県,国・省庁,0
地域医療機能推進機構(JCHO) 東京蒲田医療センター,363,,,0,,https://www2.njss.info/organizations/proc/7168,2026-08-02,東京都,国・省庁,0
長崎県病院企業団 長崎県五島中央病院,363,,,0,,https://www2.njss.info/organizations/proc/5842,2026-08-02,長崎県,地方公共団体,1
嘉穂郡桂川町役場,363,,,0,,https://www2.njss.info/organizations/proc/6302,2026-08-02,福岡県,地方公共団体,0
岩手大学,362,,,0,,https://www2.njss.info/organizations/proc/5345,2026-08-02,岩手県,国・省庁,0
国土交通省(MLIT) 北陸地方整備局 信濃川下流河川事務所,362,,,0,,https://www2.njss.info/organizations/proc/936,2026-08-02,新潟県,国・省庁,0
阿蘇郡小国町役場,362,,,0,,https://www2.njss.info/organizations/proc/6608,2026-08-02,熊本県,地方公共団体,0
日本赤十字社 大津赤十字病院,362,,,0,,https://www2.njss.info/organizations/proc/1250,2026-08-02,滋賀県,国・省庁,0
国土交通省(MLIT) 九州地方整備局 志布志港湾事務所,361,,,0,,https://www2.njss.info/organizations/proc/5323,2026-08-02,鹿児島県,国・省庁,0
法務省(MOJ) 福井地方法務局,361,,,0,,https://www2.njss.info/organizations/proc/98,2026-08-02,福井県,国・省庁,0
水資源機構 荒川ダム総合管理所,361,,,0,,https://www2.njss.info/organizations/proc/458,2026-08-02,埼玉県,国・省庁,0
日本赤十字社 さいたま赤十字病院,361,,,0,,https://www2.njss.info/organizations/proc/6429,2026-08-02,埼玉県,国・省庁,0
北松浦郡小値賀町役場,361,,,0,,https://www2.njss.info/organizations/proc/6605,2026-08-02,長崎県,地方公共団体,0
利尻郡利尻富士町役場,361,,,0,,https://www2.njss.info/organizations/proc/6778,2026-08-02,北海道,地方公共団体,0
雨竜郡幌加内町役場,361,,,0,,https://www2.njss.info/organizations/proc/6796,2026-08-02,北海道,地方公共団体,0
奈良県庁 環境森林部,360,,,0,,https://www2.njss.info/organizations/proc/4801,2026-08-02,奈良県,地方公共団体,0
長崎県庁 交通局,360,,,0,,https://www2.njss.info/organizations/proc/7781,2026-08-02,長崎県,地方公共団体,0
家畜改良センター(NLBC) 兵庫牧場,360,,,0,,https://www2.njss.info/organizations/proc/1440,2026-08-02,兵庫県,国・省庁,0
厚生労働省(MHLW) 四国厚生支局,360,,,0,,https://www2.njss.info/organizations/proc/699,2026-08-02,香川県,国・省庁,0
鉄道建設・運輸施設整備支援機構(JRTT) 【［閉鎖］国鉄清算事業】,360,,,0,,https://www2.njss.info/organizations/proc/4200,2026-08-02,神奈川県,国・省庁,1
三戸郡三戸町役場,360,,,0,,https://www2.njss.info/organizations/proc/6386,2026-08-02,青森県,地方公共団体,0
国土交通省(MLIT) 近畿運輸局 神戸運輸監理部,359,,,0,,https://www2.njss.info/organizations/proc/535,2026-08-02,兵庫県,国・省庁,0
京都教育大学,358,,,0,,https://www2.njss.info/organizations/proc/4234,2026-08-02,京都府,国・省庁,0
国立高等専門学校機構 大分工業高等専門学校,358,,,0,,https://www2.njss.info/organizations/proc/215,2026-08-02,大分県,国・省庁,0
地域医療機能推進機構(JCHO) 玉造病院,357,,,0,,https://www2.njss.info/organizations/proc/7149,2026-08-02,島根県,国・省庁,0
鳥取県西部広域行政管理組合,357,,,0,,https://www2.njss.info/organizations/proc/8484,2026-08-02,鳥取県,地方公共団体,0
中頭郡北中城村役場,357,,,0,,https://www2.njss.info/organizations/proc/6342,2026-08-02,沖縄県,地方公共団体,0
東京都健康長寿医療センター,356,,,0,,https://www2.njss.info/organizations/proc/7856,2026-08-02,東京都,地方公共団体,1
法務省(MOJ) 検察庁 津地方検察庁,356,,,0,,https://www2.njss.info/organizations/proc/193,2026-08-02,三重県,国・省庁,0
国立病院機構 北海道東北グループ 釜石病院,355,,,0,,https://www2.njss.info/organizations/proc/775,2026-08-02,岩手県,国・省庁,0
国土交通省(MLIT) 近畿地方整備局 国営飛鳥歴史公園事務所,355,,,0,,https://www2.njss.info/organizations/proc/990,2026-08-02,奈良県,国・省庁,0
日本放送協会(NHK) 札幌放送局,355,,,0,,https://www2.njss.info/organizations/proc/4261,2026-08-02,北海道,国・省庁,0
文部科学省(MEXT) スポーツ庁,354,,,0,,https://www2.njss.info/organizations/proc/7587,2026-08-02,東京都,国・省庁,0
長崎県庁 長崎振興局,354,,,0,,https://www2.njss.info/organizations/proc/7249,2026-08-02,長崎県,地方公共団体,0
［閉鎖］東京オリンピック・パラリンピック競技大会組織委員会,354,,,0,,https://www2.njss.info/organizations/proc/5653,2026-08-02,東京都,国・省庁,1
国土交通省(MLIT) 九州地方整備局 山国川河川事務所,353,,,0,,https://www2.njss.info/organizations/proc/1050,2026-08-02,大分県,国・省庁,0
国土交通省(MLIT) 近畿地方整備局 神戸港湾空港技術調査事務所,352,,,0,,https://www2.njss.info/organizations/proc/5213,2026-08-02,兵庫県,国・省庁,0
法務省(MOJ) 函館地方法務局,352,,,0,,https://www2.njss.info/organizations/proc/102,2026-08-02,北海道,国・省庁,0
総務省(MIC) 信越総合通信局,352,,,0,,https://www2.njss.info/organizations/proc/372,2026-08-02,長野県,国・省庁,0
日本赤十字社 大森赤十字病院,352,,,0,,https://www2.njss.info/organizations/proc/1228,2026-08-02,東京都,国・省庁,0
国土交通省(MLIT) 九州地方整備局 長崎河川国道事務所,352,,,0,,https://www2.njss.info/organizations/proc/5291,2026-08-02,長崎県,国・省庁,0
紋別郡西興部村役場,352,,,0,,https://www2.njss.info/organizations/proc/6800,2026-08-02,北海道,地方公共団体,0
那須地区広域行政事務組合,352,,,0,,https://www2.njss.info/organizations/proc/8194,2026-08-02,栃木県,地方公共団体,1
日本赤十字社 足利赤十字病院,351,,,0,,https://www2.njss.info/organizations/proc/1221,2026-08-02,栃木県,国・省庁,0
家畜改良センター(NLBC) 茨城牧場,350,,,0,,https://www2.njss.info/organizations/proc/1437,2026-08-02,茨城県,国・省庁,0
国立高等専門学校機構 茨城工業高等専門学校,350,,,0,,https://www2.njss.info/organizations/proc/205,2026-08-02,茨城県,国・省庁,0
北津軽郡板柳町役場,349,,,0,,https://www2.njss.info/organizations/proc/6379,2026-08-02,青森県,地方公共団体,0
大阪府立病院機構 大阪急性期・総合医療センター,349,,,0,,https://www2.njss.info/organizations/proc/8012,2026-08-02,大阪府,地方公共団体,0
日本赤十字社 水戸赤十字病院,349,,,0,,https://www2.njss.info/organizations/proc/1217,2026-08-02,茨城県,国・省庁,0
日本赤十字社 芳賀赤十字病院,349,,,0,,https://www2.njss.info/organizations/proc/1219,2026-08-02,栃木県,国・省庁,0
愛知郡広域行政組合,349,,,0,,https://www2.njss.info/organizations/proc/5007,2026-08-02,滋賀県,地方公共団体,1
西村山郡朝日町役場,349,,,0,,https://www2.njss.info/organizations/proc/6855,2026-08-02,山形県,地方公共団体,0
水資源機構 中部支社 木曽川上流ダム総合管理所,348,,,0,,https://www2.njss.info/organizations/proc/475,2026-08-02,岐阜県,国・省庁,0
国土交通省(MLIT) 関東地方整備局 川崎国道事務所,348,,,0,,https://www2.njss.info/organizations/proc/1016,2026-08-02,神奈川県,国・省庁,0
高齢・障害・求職者雇用支援機構 佐賀支部,348,,,0,,https://www2.njss.info/organizations/proc/5868,2026-08-02,佐賀県,国・省庁,0
法務省(MOJ) 富山地方法務局,347,,,0,,https://www2.njss.info/organizations/proc/137,2026-08-02,富山県,国・省庁,0
岩瀬郡天栄村役場,347,,,0,,https://www2.njss.info/organizations/proc/6877,2026-08-02,福島県,地方公共団体,0
南都留郡忍野村役場,346,,,0,,https://www2.njss.info/organizations/proc/6900,2026-08-02,山梨県,地方公共団体,0
加茂郡東白川村役場,346,,,0,,https://www2.njss.info/organizations/proc/6590,2026-08-02,岐阜県,地方公共団体,0
法務省(MOJ) 検察庁 新潟地方検察庁,343,,,0,,https://www2.njss.info/organizations/proc/178,2026-08-02,新潟県,国・省庁,0
農林水産省(MAFF) 林野庁(FA) 近畿中国森林管理局 奈良森林管理事務所,343,,,0,,https://www2.njss.info/organizations/proc/1425,2026-08-02,奈良県,国・省庁,0
岐阜市民病院,343,,,0,,https://www2.njss.info/organizations/proc/5160,2026-08-02,岐阜県,地方公共団体,1
広島県水道広域連合企業団 広島水道事務所,342,,,0,,https://www2.njss.info/organizations/proc/9108,2026-08-02,広島県,地方公共団体,1
防衛省(MOD) 自衛隊富山地方協力本部,342,,,0,,https://www2.njss.info/organizations/proc/5488,2026-08-02,富山県,国・省庁,0
法務省(MOJ) 検察庁 福島地方検察庁,341,,,0,,https://www2.njss.info/organizations/proc/151,2026-08-02,福島県,国・省庁,0
外国人技能実習機構,340,,,0,,https://www2.njss.info/organizations/proc/6680,2026-08-02,東京都,国・省庁,1
西磐井郡平泉町役場,340,,,0,,https://www2.njss.info/organizations/proc/6827,2026-08-02,岩手県,地方公共団体,0
板野郡松茂町役場,340,,,0,,https://www2.njss.info/organizations/proc/6525,2026-08-02,徳島県,地方公共団体,0
東津軽郡蓬田村役場,340,,,0,,https://www2.njss.info/organizations/proc/6821,2026-08-02,青森県,地方公共団体,0
法務省(MOJ) 検察庁 那覇地方検察庁,339,,,0,,https://www2.njss.info/organizations/proc/176,2026-08-02,沖縄県,国・省庁,0
樺戸郡浦臼町役場,339,,,0,,https://www2.njss.info/organizations/proc/6788,2026-08-02,北海道,地方公共団体,0
盛岡・紫波地区環境施設組合,339,,,0,,https://www2.njss.info/organizations/proc/8054,2026-08-02,岩手県,地方公共団体,1
農林水産省(MAFF) 農林水産政策研究所,338,,,0,,https://www2.njss.info/organizations/proc/1352,2026-08-02,東京都,国・省庁,0
内閣府(CAO) 日本学術会議,338,,,0,,https://www2.njss.info/organizations/proc/357,2026-08-02,東京都,国・省庁,0
北群馬郡榛東村役場,338,,,0,,https://www2.njss.info/organizations/proc/6216,2026-08-02,群馬県,地方公共団体,0
長崎県庁 県民生活環境部,338,,,0,,https://www2.njss.info/organizations/proc/7238,2026-08-02,長崎県,地方公共団体,0
防衛省(MOD) 自衛隊山梨地方協力本部,338,,,0,,https://www2.njss.info/organizations/proc/7356,2026-08-02,山梨県,国・省庁,0
宗像地区事務組合,338,,,0,,https://www2.njss.info/organizations/proc/8494,2026-08-02,福岡県,地方公共団体,1
気仙郡住田町役場,337,,,0,,https://www2.njss.info/organizations/proc/6831,2026-08-02,岩手県,地方公共団体,0
日本赤十字社 岡山赤十字病院,337,,,0,,https://www2.njss.info/organizations/proc/1265,2026-08-02,岡山県,国・省庁,0
燕・弥彦総合事務組合,336,,,0,,https://www2.njss.info/organizations/proc/8422,2026-08-02,新潟県,地方公共団体,1
［閉鎖］国立女性教育会館(NWEC),335,,,0,,https://www2.njss.info/organizations/proc/235,2026-08-02,埼玉県,国・省庁,1
国土交通省(MLIT) 九州地方整備局 佐伯河川国道事務所,335,,,0,,https://www2.njss.info/organizations/proc/5300,2026-08-02,大分県,国・省庁,0
上磯郡木古内町役場,335,,,0,,https://www2.njss.info/organizations/proc/6709,2026-08-02,北海道,地方公共団体,0
西春日井郡豊山町役場,334,,,0,,https://www2.njss.info/organizations/proc/6279,2026-08-02,愛知県,地方公共団体,0
地域医療機能推進機構(JCHO) 天草中央総合病院,334,,,0,,https://www2.njss.info/organizations/proc/7203,2026-08-02,熊本県,国・省庁,0
秩父郡長瀞町役場,333,,,0,,https://www2.njss.info/organizations/proc/6494,2026-08-02,埼玉県,地方公共団体,0
防衛省(MOD) 海上自衛隊 対馬防備隊本部,333,,,0,,https://www2.njss.info/organizations/proc/82,2026-08-02,長崎県,国・省庁,0
法務省(MOJ) 検察庁 水戸地方検察庁,333,,,0,,https://www2.njss.info/organizations/proc/171,2026-08-02,茨城県,国・省庁,0
国土交通省(MLIT) 関東地方整備局 富士川砂防事務所,333,,,0,,https://www2.njss.info/organizations/proc/1004,2026-08-02,山梨県,国・省庁,0
輸出入・港湾関連情報処理センター(NACCS),332,,,0,,https://www2.njss.info/organizations/proc/399,2026-08-02,東京都,国・省庁,0
北海道立羽幌病院,332,,,0,,https://www2.njss.info/organizations/proc/5987,2026-08-02,北海道,地方公共団体,1
高知県庁 商工労働部,332,,,0,,https://www2.njss.info/organizations/proc/7745,2026-08-02,高知県,地方公共団体,0
公立陶生病院組合,332,,,0,,https://www2.njss.info/organizations/proc/8558,2026-08-02,愛知県,地方公共団体,1
国土交通省(MLIT) 近畿地方整備局 大阪港湾・空港整備事務所,331,,,0,,https://www2.njss.info/organizations/proc/5211,2026-08-02,大阪府,国・省庁,0
南巨摩郡南部町役場,331,,,0,,https://www2.njss.info/organizations/proc/6899,2026-08-02,山梨県,地方公共団体,0
朝倉郡東峰村役場,330,,,0,,https://www2.njss.info/organizations/proc/6598,2026-08-02,福岡県,地方公共団体,0
地域医療機能推進機構(JCHO) 二本松病院,329,,,0,,https://www2.njss.info/organizations/proc/7176,2026-08-02,福島県,国・省庁,0
高齢・障害・求職者雇用支援機構 関東職業能力開発大学校,328,,,0,,https://www2.njss.info/organizations/proc/4937,2026-08-02,栃木県,国・省庁,0
有珠郡壮瞥町役場,328,,,0,,https://www2.njss.info/organizations/proc/6773,2026-08-02,北海道,地方公共団体,0
国立病院機構 北海道東北グループ 【［閉鎖］八雲病院】,327,,,0,,https://www2.njss.info/organizations/proc/768,2026-08-02,北海道,国・省庁,1
札幌市役所 選挙管理委員会事務局,327,,,0,,https://www2.njss.info/organizations/proc/4408,2026-08-02,北海道,地方公共団体,0
国土交通省(MLIT) 九州地方整備局 延岡河川国道事務所,327,,,0,,https://www2.njss.info/organizations/proc/5303,2026-08-02,宮崎県,国・省庁,0
吾妻郡中之条町役場,326,,,0,,https://www2.njss.info/organizations/proc/6213,2026-08-02,群馬県,地方公共団体,0
法務省(MOJ) 検察庁 長野地方検察庁,326,,,0,,https://www2.njss.info/organizations/proc/173,2026-08-02,長野県,国・省庁,0
都市再生機構(UR) 東北震災復興支援本部,325,,,0,,https://www2.njss.info/organizations/proc/7723,2026-08-02,福島県,国・省庁,0
法務省(MOJ) 検察庁 大阪高等検察庁,325,,,0,,https://www2.njss.info/organizations/proc/156,2026-08-02,大阪府,国・省庁,0
市立四日市病院,325,,,0,,https://www2.njss.info/organizations/proc/5334,2026-08-02,三重県,地方公共団体,1
厚生労働省(MHLW) 中国四国厚生局,324,,,0,,https://www2.njss.info/organizations/proc/694,2026-08-02,広島県,国・省庁,0
国立病院機構 北海道東北グループ 八戸病院,324,,,0,,https://www2.njss.info/organizations/proc/770,2026-08-02,青森県,国・省庁,0
広島市スポーツ協会,323,,,0,,https://www2.njss.info/organizations/proc/6678,2026-08-02,広島県,国・省庁,1
国土交通省(MLIT) 北陸地方整備局 阿賀野川河川事務所,322,,,0,,https://www2.njss.info/organizations/proc/937,2026-08-02,新潟県,国・省庁,0
国土交通省(MLIT) 九州地方整備局 九州技術事務所,322,,,0,,https://www2.njss.info/organizations/proc/5285,2026-08-02,福岡県,国・省庁,0
地域医療機能推進機構(JCHO) 高岡ふしき病院,321,,,0,,https://www2.njss.info/organizations/proc/7183,2026-08-02,富山県,国・省庁,0
田川広域水道企業団,321,,,0,,https://www2.njss.info/organizations/proc/7392,2026-08-02,福岡県,地方公共団体,1
日本放送協会(NHK) 福岡放送局,321,,,0,,https://www2.njss.info/organizations/proc/4246,2026-08-02,福岡県,国・省庁,0
法務省(MOJ) 検察庁 広島高等検察庁,320,,,0,,https://www2.njss.info/organizations/proc/154,2026-08-02,広島県,国・省庁,0
国土交通省(MLIT) 関東地方整備局 霞ヶ浦導水工事事務所,320,,,0,,https://www2.njss.info/organizations/proc/995,2026-08-02,茨城県,国・省庁,0
法務省(MOJ) 検察庁 札幌地方検察庁,319,,,0,,https://www2.njss.info/organizations/proc/185,2026-08-02,北海道,国・省庁,0
福井県立病院,319,,,0,,https://www2.njss.info/organizations/proc/5714,2026-08-02,福井県,地方公共団体,1
国土交通省(MLIT) 九州地方整備局 川辺川ダム砂防事務所,318,,,0,,https://www2.njss.info/organizations/proc/1048,2026-08-02,熊本県,国・省庁,0
防衛省(MOD) 自衛隊山口地方協力本部,318,,,0,,https://www2.njss.info/organizations/proc/5483,2026-08-02,山口県,国・省庁,0
東総広域水道企業団,318,,,0,,https://www2.njss.info/organizations/proc/7329,2026-08-02,千葉県,地方公共団体,0
北見工業大学,317,,,0,,https://www2.njss.info/organizations/proc/5384,2026-08-02,北海道,国・省庁,0
南会津郡只見町役場,317,,,0,,https://www2.njss.info/organizations/proc/6882,2026-08-02,福島県,地方公共団体,0
法務省(MOJ) 検察庁 前橋地方検察庁,317,,,0,,https://www2.njss.info/organizations/proc/168,2026-08-02,群馬県,国・省庁,0
国立高等専門学校機構 佐世保工業高等専門学校,317,,,0,,https://www2.njss.info/organizations/proc/212,2026-08-02,長崎県,国・省庁,0
栃木県立がんセンター,317,,,0,,https://www2.njss.info/organizations/proc/5955,2026-08-02,栃木県,地方公共団体,1
湖北水道企業団,316,,,0,,https://www2.njss.info/organizations/proc/7313,2026-08-02,茨城県,地方公共団体,1
国土交通省(MLIT) 九州地方整備局 大隅河川国道事務所,316,,,0,,https://www2.njss.info/organizations/proc/5305,2026-08-02,鹿児島県,国・省庁,0
空港周辺整備機構,315,,,0,,https://www2.njss.info/organizations/proc/453,2026-08-02,福岡県,国・省庁,0
厚生労働省(MHLW) 大阪検疫所,315,,,0,,https://www2.njss.info/organizations/proc/710,2026-08-02,大阪府,国・省庁,0
国土交通省(MLIT) 中国地方整備局 広島国道事務所,315,,,0,,https://www2.njss.info/organizations/proc/5267,2026-08-02,広島県,国・省庁,0
滋賀県立大学,314,,,0,,https://www2.njss.info/organizations/proc/5415,2026-08-02,滋賀県,国・省庁,0
日高郡日高川町役場,313,,,0,,https://www2.njss.info/organizations/proc/6269,2026-08-02,和歌山県,地方公共団体,0
北安曇郡池田町役場,313,,,0,,https://www2.njss.info/organizations/proc/6461,2026-08-02,長野県,地方公共団体,0
国立病院機構 中国四国グループ,313,,,0,,https://www2.njss.info/organizations/proc/797,2026-08-02,広島県,国・省庁,0
町田市民病院,312,,,0,,https://www2.njss.info/organizations/proc/5123,2026-08-02,東京都,地方公共団体,1
北設楽郡豊根村役場,312,,,0,,https://www2.njss.info/organizations/proc/6696,2026-08-02,愛知県,地方公共団体,0
中央労働災害防止協会,312,,,0,,https://www2.njss.info/organizations/proc/9225,2026-08-02,東京都,国・省庁,1
法務省(MOJ) 那覇地方法務局,312,,,0,,https://www2.njss.info/organizations/proc/121,2026-08-02,沖縄県,国・省庁,0
京都市立芸術大学,312,,,0,,https://www2.njss.info/organizations/proc/4478,2026-08-02,京都府,国・省庁,0
湖北広域行政事務センター,311,,,0,,https://www2.njss.info/organizations/proc/7926,2026-08-02,滋賀県,地方公共団体,1
国土交通省(MLIT) 北陸地方整備局 飯豊山系砂防事務所,311,,,0,,https://www2.njss.info/organizations/proc/946,2026-08-02,山形県,国・省庁,0
兵庫教育大学,310,,,0,,https://www2.njss.info/organizations/proc/5377,2026-08-02,兵庫県,国・省庁,0
玖珂郡和木町役場,309,,,0,,https://www2.njss.info/organizations/proc/7048,2026-08-02,山口県,地方公共団体,0
長野県庁 安曇野建設事務所,308,,,0,,https://www2.njss.info/organizations/proc/4302,2026-08-02,長野県,地方公共団体,0
足柄上郡松田町役場,308,,,0,,https://www2.njss.info/organizations/proc/6241,2026-08-02,神奈川県,地方公共団体,0
長崎県庁 福祉保健部,305,,,0,,https://www2.njss.info/organizations/proc/7239,2026-08-02,長崎県,地方公共団体,0
厚生労働省(MHLW) 北海道厚生局,304,,,0,,https://www2.njss.info/organizations/proc/695,2026-08-02,北海道,国・省庁,0
地域医療機能推進機構(JCHO) 大和郡山病院,304,,,0,,https://www2.njss.info/organizations/proc/7148,2026-08-02,奈良県,国・省庁,0
法務省(MOJ) 和歌山地方法務局,304,,,0,,https://www2.njss.info/organizations/proc/140,2026-08-02,和歌山県,国・省庁,0
苫小牧港管理組合,303,,,0,,https://www2.njss.info/organizations/proc/8264,2026-08-02,北海道,地方公共団体,1
水資源機構 筑後川局 筑後川下流総合管理所 筑後川下流用水管理所,303,,,0,,https://www2.njss.info/organizations/proc/494,2026-08-02,福岡県,国・省庁,0
八匝水道企業団,303,,,0,,https://www2.njss.info/organizations/proc/7331,2026-08-02,千葉県,地方公共団体,1
双葉地方水道企業団,303,,,0,,https://www2.njss.info/organizations/proc/7409,2026-08-02,福島県,地方公共団体,1
甲賀広域行政組合,302,,,0,,https://www2.njss.info/organizations/proc/8590,2026-08-02,滋賀県,地方公共団体,1
児玉郡市広域市町村圏組合,302,,,0,,https://www2.njss.info/organizations/proc/8384,2026-08-02,埼玉県,地方公共団体,1
愛媛県立医療技術大学,302,,,0,,https://www2.njss.info/organizations/proc/5427,2026-08-02,愛媛県,国・省庁,0
日本赤十字社 埼玉県支部,302,,,0,,https://www2.njss.info/organizations/proc/1120,2026-08-02,埼玉県,国・省庁,0
熊本県警察本部,301,,,0,,https://www2.njss.info/organizations/proc/4512,2026-08-02,熊本県,地方公共団体,0
全国市町村職員共済組合連合会,300,,,0,,https://www2.njss.info/organizations/proc/1568,2026-08-02,東京都,国・省庁,1
南和広域医療企業団,300,,,0,,https://www2.njss.info/organizations/proc/5747,2026-08-02,奈良県,地方公共団体,1
防衛省(MOD) 陸上自衛隊 施設学校,300,,,0,,https://www2.njss.info/organizations/proc/7689,2026-08-02,茨城県,国・省庁,0
防衛省(MOD) 自衛隊千葉地方協力本部,299,,,0,,https://www2.njss.info/organizations/proc/7352,2026-08-02,千葉県,国・省庁,0
法務省(MOJ) 検察庁 山口地方検察庁,299,,,0,,https://www2.njss.info/organizations/proc/197,2026-08-02,山口県,国・省庁,0
高知県庁 子ども・福祉政策部,299,,,0,,https://www2.njss.info/organizations/proc/7741,2026-08-02,高知県,地方公共団体,0
河西郡中札内村役場,298,,,0,,https://www2.njss.info/organizations/proc/6754,2026-08-02,北海道,地方公共団体,0
厚生労働省(MHLW) 小樽検疫所,298,,,0,,https://www2.njss.info/organizations/proc/704,2026-08-02,北海道,国・省庁,0
日本放送協会(NHK) 名古屋放送局,296,,,0,,https://www2.njss.info/organizations/proc/4221,2026-08-02,愛知県,国・省庁,0
芳賀郡茂木町役場,296,,,0,,https://www2.njss.info/organizations/proc/6209,2026-08-02,栃木県,地方公共団体,0
日本赤十字社 古河赤十字病院,295,,,0,,https://www2.njss.info/organizations/proc/1218,2026-08-02,茨城県,国・省庁,0
国土交通省(MLIT) 九州地方整備局 鹿児島国道事務所,295,,,0,,https://www2.njss.info/organizations/proc/5306,2026-08-02,鹿児島県,国・省庁,0
札幌市役所 【［閉鎖］市長政策室】,294,,,0,,https://www2.njss.info/organizations/proc/4387,2026-08-02,北海道,地方公共団体,1
球磨郡湯前町役場,294,,,0,,https://www2.njss.info/organizations/proc/6615,2026-08-02,熊本県,地方公共団体,0
東臼杵郡美郷町役場,294,,,0,,https://www2.njss.info/organizations/proc/6623,2026-08-02,宮崎県,地方公共団体,0
法務省(MOJ) 検察庁 京都地方検察庁,293,,,0,,https://www2.njss.info/organizations/proc/167,2026-08-02,京都府,国・省庁,0
国土交通省(MLIT) 関東地方整備局 東京第一営繕事務所,293,,,0,,https://www2.njss.info/organizations/proc/1034,2026-08-02,東京都,国・省庁,0
相楽郡和束町役場,293,,,0,,https://www2.njss.info/organizations/proc/6543,2026-08-02,京都府,地方公共団体,0
防衛省(MOD) 防衛監察本部,292,,,0,,https://www2.njss.info/organizations/proc/93,2026-08-02,東京都,国・省庁,0
国土交通省(MLIT) 近畿地方整備局 国営明石海峡公園事務所,292,,,0,,https://www2.njss.info/organizations/proc/974,2026-08-02,兵庫県,国・省庁,0
日本赤十字社 徳島県支部,292,,,0,,https://www2.njss.info/organizations/proc/1145,2026-08-02,徳島県,国・省庁,0
千葉市住宅供給公社,292,,,0,,https://www2.njss.info/organizations/proc/7459,2026-08-02,千葉県,地方公共団体,1
日本赤十字社 大分赤十字病院,291,,,0,,https://www2.njss.info/organizations/proc/1282,2026-08-02,大分県,国・省庁,0
長野県庁 千曲建設事務所,291,,,0,,https://www2.njss.info/organizations/proc/4304,2026-08-02,長野県,地方公共団体,0
岡山県広域水道企業団,291,,,0,,https://www2.njss.info/organizations/proc/7493,2026-08-02,岡山県,地方公共団体,1
法務省(MOJ) 検察庁 岐阜地方検察庁,290,,,0,,https://www2.njss.info/organizations/proc/152,2026-08-02,岐阜県,国・省庁,0
横浜市役所 教育委員会事務局,290,,,0,,https://www2.njss.info/organizations/proc/7109,2026-08-02,神奈川県,地方公共団体,0
横浜市役所 中区役所,290,,,0,,https://www2.njss.info/organizations/proc/7127,2026-08-02,神奈川県,地方公共団体,0
法務省(MOJ) 検察庁 旭川地方検察庁,289,,,0,,https://www2.njss.info/organizations/proc/147,2026-08-02,北海道,国・省庁,0
国立病院機構 東海北陸グループ 榊原病院,289,,,0,,https://www2.njss.info/organizations/proc/804,2026-08-02,三重県,国・省庁,0
日本赤十字社 愛知県支部,289,,,0,,https://www2.njss.info/organizations/proc/1132,2026-08-02,愛知県,国・省庁,0
東京たま広域資源循環組合,289,,,0,,https://www2.njss.info/organizations/proc/6155,2026-08-02,東京都,地方公共団体,1
最上郡舟形町役場,289,,,0,,https://www2.njss.info/organizations/proc/6858,2026-08-02,山形県,地方公共団体,0
上川郡下川町役場,288,,,0,,https://www2.njss.info/organizations/proc/6759,2026-08-02,北海道,地方公共団体,0
下北郡風間浦村役場,288,,,0,,https://www2.njss.info/organizations/proc/6824,2026-08-02,青森県,地方公共団体,0
国立高等専門学校機構 小山工業高等専門学校,287,,,0,,https://www2.njss.info/organizations/proc/211,2026-08-02,栃木県,国・省庁,0
伝統的工芸品産業振興協会,287,,,0,,https://www2.njss.info/organizations/proc/6062,2026-08-02,東京都,国・省庁,1
農林水産省(MAFF) 林野庁(FA) 近畿中国森林管理局 広島北部森林管理署,287,,,0,,https://www2.njss.info/organizations/proc/1430,2026-08-02,広島県,国・省庁,0
多野郡神流町役場,287,,,0,,https://www2.njss.info/organizations/proc/6497,2026-08-02,群馬県,地方公共団体,0
厚生労働省(MHLW) 国立社会保障・人口問題研究所,286,,,0,,https://www2.njss.info/organizations/proc/677,2026-08-02,東京都,国・省庁,0
千葉県庁 企業局,286,,,0,,https://www2.njss.info/organizations/proc/4237,2026-08-02,千葉県,地方公共団体,0
青森地域広域事務組合,286,,,0,,https://www2.njss.info/organizations/proc/8254,2026-08-02,青森県,地方公共団体,1
防衛省(MOD) 自衛隊香川地方協力本部,285,,,0,,https://www2.njss.info/organizations/proc/5485,2026-08-02,香川県,国・省庁,0
長崎県庁 五島振興局,285,,,0,,https://www2.njss.info/organizations/proc/7253,2026-08-02,長崎県,地方公共団体,0
防衛省(MOD) 自衛隊新潟地方協力本部,284,,,0,,https://www2.njss.info/organizations/proc/7355,2026-08-02,新潟県,国・省庁,0
北方領土問題対策協会,284,,,0,,https://www2.njss.info/organizations/proc/302,2026-08-02,東京都,国・省庁,0
長野県下水道公社,284,,,0,,https://www2.njss.info/organizations/proc/4283,2026-08-02,長野県,国・省庁,1
国土交通省(MLIT) 近畿地方整備局 舞鶴港湾事務所,282,,,0,,https://www2.njss.info/organizations/proc/5210,2026-08-02,京都府,国・省庁,0
国土交通省(MLIT) 関東地方整備局 常総国道事務所,282,,,0,,https://www2.njss.info/organizations/proc/1021,2026-08-02,茨城県,国・省庁,0
高圧ガス保安協会,281,,,0,,https://www2.njss.info/organizations/proc/1292,2026-08-02,東京都,国・省庁,1
森林研究・整備機構 森林整備センター 中国四国整備局,281,,,0,,https://www2.njss.info/organizations/proc/1394,2026-08-02,岡山県,国・省庁,0
乙訓環境衛生組合,281,,,0,,https://www2.njss.info/organizations/proc/8594,2026-08-02,京都府,地方公共団体,1
国土交通省(MLIT) 九州地方整備局 下関港湾事務所,280,,,0,,https://www2.njss.info/organizations/proc/7151,2026-08-02,山口県,国・省庁,0
国土交通省(MLIT) 北陸地方整備局 利賀ダム工事事務所,280,,,0,,https://www2.njss.info/organizations/proc/944,2026-08-02,富山県,国・省庁,0
森林研究・整備機構 森林整備センター 関東整備局,280,,,0,,https://www2.njss.info/organizations/proc/1391,2026-08-02,神奈川県,国・省庁,0
大阪市役所 【［閉鎖］経済局】,280,,,0,,https://www2.njss.info/organizations/proc/1824,2026-08-02,大阪府,地方公共団体,1
東日本高速道路株式会社(NEXCO) 東北支社,279,,,0,,https://www2.njss.info/organizations/proc/1913,2026-08-02,宮城県,国・省庁,0
天草郡苓北町役場,278,,,0,,https://www2.njss.info/organizations/proc/6607,2026-08-02,熊本県,地方公共団体,0
森林研究・整備機構 森林整備センター 中部整備局,278,,,0,,https://www2.njss.info/organizations/proc/1392,2026-08-02,愛知県,国・省庁,0
東津軽郡外ヶ浜町役場,278,,,0,,https://www2.njss.info/organizations/proc/6814,2026-08-02,青森県,地方公共団体,0
岩手郡岩手町役場,277,,,0,,https://www2.njss.info/organizations/proc/6395,2026-08-02,岩手県,地方公共団体,0
奈良県庁 産業部 観光局,276,,,0,,https://www2.njss.info/organizations/proc/4811,2026-08-02,奈良県,地方公共団体,0
防衛省(MOD) 自衛隊長野地方協力本部,276,,,0,,https://www2.njss.info/organizations/proc/7357,2026-08-02,長野県,国・省庁,0
国立高等専門学校機構 有明工業高等専門学校,276,,,0,,https://www2.njss.info/organizations/proc/201,2026-08-02,福岡県,国・省庁,0
田川郡赤村役場,276,,,0,,https://www2.njss.info/organizations/proc/6597,2026-08-02,福岡県,地方公共団体,0
厚生労働省(MHLW) 国立障害者リハビリテーションセンター 自立支援局函館視力障害センター,276,,,0,,https://www2.njss.info/organizations/proc/667,2026-08-02,北海道,国・省庁,0
島尻郡粟国村役場,275,,,0,,https://www2.njss.info/organizations/proc/6644,2026-08-02,沖縄県,地方公共団体,0
長崎県病院企業団,275,,,0,,https://www2.njss.info/organizations/proc/5839,2026-08-02,長崎県,地方公共団体,1
株式会社エヌティティドコモ,274,,,0,,https://www2.njss.info/organizations/proc/1305,2026-08-02,東京都,国・省庁,1
農林水産省(MAFF) 林野庁(FA) 近畿中国森林管理局 京都大阪森林管理事務所,274,,,0,,https://www2.njss.info/organizations/proc/1423,2026-08-02,京都府,国・省庁,0
埼玉県立病院機構 埼玉県立循環器・呼吸器病センター,274,,,0,,https://www2.njss.info/organizations/proc/5948,2026-08-02,埼玉県,地方公共団体,0
農林水産省(MAFF) 林野庁(FA) 近畿中国森林管理局 福井森林管理署,273,,,0,,https://www2.njss.info/organizations/proc/1420,2026-08-02,福井県,国・省庁,0
日本赤十字社 金沢赤十字病院,273,,,0,,https://www2.njss.info/organizations/proc/1234,2026-08-02,石川県,国・省庁,0
防衛省(MOD) 自衛隊島根地方協力本部,273,,,0,,https://www2.njss.info/organizations/proc/5480,2026-08-02,島根県,国・省庁,0
石川郡玉川村役場,273,,,0,,https://www2.njss.info/organizations/proc/6872,2026-08-02,福島県,地方公共団体,0
日本赤十字社 那須赤十字病院,272,,,0,,https://www2.njss.info/organizations/proc/1220,2026-08-02,栃木県,国・省庁,0
吉野郡上北山村役場,271,,,0,,https://www2.njss.info/organizations/proc/6576,2026-08-02,奈良県,地方公共団体,0
境港管理組合,271,,,0,,https://www2.njss.info/organizations/proc/8464,2026-08-02,鳥取県,地方公共団体,1
愛知教育大学,271,,,0,,https://www2.njss.info/organizations/proc/5370,2026-08-02,愛知県,国・省庁,0
国土交通省(MLIT) 九州地方整備局 西之表港湾事務所,270,,,0,,https://www2.njss.info/organizations/proc/9144,2026-08-02,鹿児島県,国・省庁,0
兵庫県立大学,270,,,0,,https://www2.njss.info/organizations/proc/4480,2026-08-02,兵庫県,国・省庁,0
厚生労働省(MHLW) 国立障害者リハビリテーションセンター 自立支援局別府重度障害者センター,270,,,0,,https://www2.njss.info/organizations/proc/665,2026-08-02,大分県,国・省庁,0
横浜市役所 旭区役所,270,,,0,,https://www2.njss.info/organizations/proc/7121,2026-08-02,神奈川県,地方公共団体,0
京都市役所 子ども若者はぐくみ局,270,,,0,,https://www2.njss.info/organizations/proc/7807,2026-08-02,京都府,地方公共団体,0
法務省(MOJ) 検察庁 名古屋高等検察庁,269,,,0,,https://www2.njss.info/organizations/proc/155,2026-08-02,愛知県,国・省庁,0
国土交通省(MLIT) 近畿地方整備局 大戸川ダム工事事務所,269,,,0,,https://www2.njss.info/organizations/proc/977,2026-08-02,滋賀県,国・省庁,0
長崎県庁 島原振興局,269,,,0,,https://www2.njss.info/organizations/proc/7251,2026-08-02,長崎県,地方公共団体,0
蓮田白岡衛生組合,268,,,0,,https://www2.njss.info/organizations/proc/8284,2026-08-02,埼玉県,地方公共団体,1
耶麻郡北塩原村役場,268,,,0,,https://www2.njss.info/organizations/proc/6887,2026-08-02,福島県,地方公共団体,0
さいたま市立病院,267,,,0,,https://www2.njss.info/organizations/proc/5136,2026-08-02,埼玉県,地方公共団体,1
桑名市総合医療センター,266,,,0,,https://www2.njss.info/organizations/proc/7988,2026-08-02,三重県,地方公共団体,1
大崎地域広域行政事務組合,265,,,0,,https://www2.njss.info/organizations/proc/7904,2026-08-02,宮城県,地方公共団体,1
法務省(MOJ) 検察庁 松山地方検察庁,265,,,0,,https://www2.njss.info/organizations/proc/170,2026-08-02,愛媛県,国・省庁,0
熊本市立熊本市民病院,265,,,0,,https://www2.njss.info/organizations/proc/5202,2026-08-02,熊本県,地方公共団体,1
常呂郡置戸町役場,264,,,0,,https://www2.njss.info/organizations/proc/6768,2026-08-02,北海道,地方公共団体,0
地域医療機能推進機構(JCHO) 高知西病院,264,,,0,,https://www2.njss.info/organizations/proc/7192,2026-08-02,高知県,国・省庁,0
法務省(MOJ) 検察庁 金沢地方検察庁,264,,,0,,https://www2.njss.info/organizations/proc/161,2026-08-02,石川県,国・省庁,0
日本赤十字社 東京都支部,264,,,0,,https://www2.njss.info/organizations/proc/1122,2026-08-02,東京都,国・省庁,0
徳島市役所 上下水道局,264,,,0,,https://www2.njss.info/organizations/proc/4572,2026-08-02,徳島県,地方公共団体,0
国土交通省(MLIT) 中国地方整備局 三次河川国道事務所,264,,,0,,https://www2.njss.info/organizations/proc/5273,2026-08-02,広島県,国・省庁,0
中津軽郡西目屋村役場,264,,,0,,https://www2.njss.info/organizations/proc/6826,2026-08-02,青森県,地方公共団体,0
日本赤十字社 東京都赤十字血液センター,263,,,0,,https://www2.njss.info/organizations/proc/1165,2026-08-02,東京都,国・省庁,0
くれさか環境事務組合,263,,,0,,https://www2.njss.info/organizations/proc/5005,2026-08-02,兵庫県,地方公共団体,1
石川郡古殿町役場,263,,,0,,https://www2.njss.info/organizations/proc/6879,2026-08-02,福島県,地方公共団体,0
衣浦東部広域連合,263,,,0,,https://www2.njss.info/organizations/proc/8982,2026-08-02,愛知県,地方公共団体,1
沖縄県立北部病院,262,,,0,,https://www2.njss.info/organizations/proc/5904,2026-08-02,沖縄県,地方公共団体,1
水資源機構 関西・吉野川支社吉野川本部 吉野川下流総合管理所 旧吉野川河口堰管理所,262,,,0,,https://www2.njss.info/organizations/proc/489,2026-08-02,徳島県,国・省庁,0
国土交通省(MLIT) 関東地方整備局 利根川ダム統合管理事務所 【［閉鎖］八ッ場ダム工事事務所】,262,,,0,,https://www2.njss.info/organizations/proc/1005,2026-08-02,群馬県,国・省庁,1
鹿児島郡三島村役場,262,,,0,,https://www2.njss.info/organizations/proc/6727,2026-08-02,鹿児島県,地方公共団体,0
法務省(MOJ) 検察庁 仙台高等検察庁,261,,,0,,https://www2.njss.info/organizations/proc/158,2026-08-02,宮城県,国・省庁,0
大阪府立病院機構 大阪国際がんセンター,261,,,0,,https://www2.njss.info/organizations/proc/8014,2026-08-02,大阪府,地方公共団体,0
日本赤十字社 群馬県支部,260,,,0,,https://www2.njss.info/organizations/proc/1119,2026-08-02,群馬県,国・省庁,0
地方公務員共済組合連合会,260,,,0,,https://www2.njss.info/organizations/proc/1569,2026-08-02,東京都,国・省庁,1
北安曇郡白馬村役場,260,,,0,,https://www2.njss.info/organizations/proc/6911,2026-08-02,長野県,地方公共団体,0
広島県水道広域連合企業団,259,,,0,,https://www2.njss.info/organizations/proc/9106,2026-08-02,広島県,地方公共団体,1
法務省(MOJ) 検察庁 福岡高等検察庁,259,,,0,,https://www2.njss.info/organizations/proc/153,2026-08-02,福岡県,国・省庁,0
沖縄県立八重山病院,259,,,0,,https://www2.njss.info/organizations/proc/5908,2026-08-02,沖縄県,地方公共団体,1
長崎県庁 県央振興局,259,,,0,,https://www2.njss.info/organizations/proc/7250,2026-08-02,長崎県,地方公共団体,0
球磨郡相良村役場,258,,,0,,https://www2.njss.info/organizations/proc/6613,2026-08-02,熊本県,地方公共団体,0
水資源機構 中部支社 木曽川上流ダム総合管理所 味噌川ダム管理所,258,,,0,,https://www2.njss.info/organizations/proc/477,2026-08-02,長野県,国・省庁,0
高知県庁 観光振興スポーツ部,257,,,0,,https://www2.njss.info/organizations/proc/7746,2026-08-02,高知県,地方公共団体,0
白老郡白老町役場,257,,,0,,https://www2.njss.info/organizations/proc/6351,2026-08-02,北海道,地方公共団体,0
相楽郡南山城村役場,256,,,0,,https://www2.njss.info/organizations/proc/6563,2026-08-02,京都府,地方公共団体,0
防衛省(MOD) 防衛装備庁 防衛イノベーション科学技術研究所,256,,,0,,https://www2.njss.info/organizations/proc/9363,2026-08-02,東京都,国・省庁,0
国立病院機構 近畿グループ,256,,,0,,https://www2.njss.info/organizations/proc/811,2026-08-02,大阪府,国・省庁,0
瀬棚郡今金町役場,256,,,0,,https://www2.njss.info/organizations/proc/6674,2026-08-02,北海道,地方公共団体,0
［閉鎖］厚生年金事業振興団,255,,,0,,https://www2.njss.info/organizations/proc/5066,2026-08-02,東京都,国・省庁,1
北海道立向陽ヶ丘病院,255,,,0,,https://www2.njss.info/organizations/proc/5991,2026-08-02,北海道,地方公共団体,1
地域医療機能推進機構(JCHO) 湯布院病院,255,,,0,,https://www2.njss.info/organizations/proc/7204,2026-08-02,大分県,国・省庁,0
国立病院機構 東海北陸グループ 【［閉鎖］ 静岡富士病院】,254,,,0,,https://www2.njss.info/organizations/proc/881,2026-08-02,静岡県,国・省庁,1
防衛省(MOD) 自衛隊鳥取地方協力本部,254,,,0,,https://www2.njss.info/organizations/proc/5479,2026-08-02,鳥取県,国・省庁,0
奈良県立病院機構 奈良県総合医療センター,252,,,0,,https://www2.njss.info/organizations/proc/5744,2026-08-02,奈良県,地方公共団体,1
法務省(MOJ) 検察庁 富山地方検察庁,252,,,0,,https://www2.njss.info/organizations/proc/192,2026-08-02,富山県,国・省庁,0
農林水産省(MAFF) 林野庁(FA) 近畿中国森林管理局 滋賀森林管理署,252,,,0,,https://www2.njss.info/organizations/proc/1422,2026-08-02,滋賀県,国・省庁,0
法務省(MOJ) 検察庁 山形地方検察庁,251,,,0,,https://www2.njss.info/organizations/proc/196,2026-08-02,山形県,国・省庁,0
国立健康危機管理研究機構(JIHS) 国立看護大学校,251,,,0,,https://www2.njss.info/organizations/proc/717,2026-08-02,東京都,国・省庁,0
防衛省(MOD) 自衛隊群馬地方協力本部,251,,,0,,https://www2.njss.info/organizations/proc/7350,2026-08-02,群馬県,国・省庁,0
国立文化財機構(NICH) 東京文化財研究所,250,,,0,,https://www2.njss.info/organizations/proc/1099,2026-08-02,東京都,国・省庁,0
法務省(MOJ) 検察庁 熊本地方検察庁,250,,,0,,https://www2.njss.info/organizations/proc/165,2026-08-02,熊本県,国・省庁,0
埼玉県立病院機構 埼玉県立小児医療センター,250,,,0,,https://www2.njss.info/organizations/proc/5950,2026-08-02,埼玉県,地方公共団体,0
能美郡川北町役場,250,,,0,,https://www2.njss.info/organizations/proc/6975,2026-08-02,石川県,地方公共団体,0
安達地方広域行政組合,249,,,0,,https://www2.njss.info/organizations/proc/8108,2026-08-02,福島県,地方公共団体,1
国土交通省(MLIT) 中部地方整備局 名古屋港湾空港技術調査事務所,248,,,0,,https://www2.njss.info/organizations/proc/5252,2026-08-02,愛知県,国・省庁,0
千葉市立青葉病院,248,,,0,,https://www2.njss.info/organizations/proc/4366,2026-08-02,千葉県,地方公共団体,1
広島県水道広域連合企業団 東広島事務所,247,,,0,,https://www2.njss.info/organizations/proc/9130,2026-08-02,広島県,地方公共団体,1
八戸地域広域市町村圏事務組合,247,,,0,,https://www2.njss.info/organizations/proc/8116,2026-08-02,青森県,地方公共団体,1
奈良県立病院機構 奈良県西和医療センター,247,,,0,,https://www2.njss.info/organizations/proc/5745,2026-08-02,奈良県,地方公共団体,1
上北郡横浜町役場,247,,,0,,https://www2.njss.info/organizations/proc/6820,2026-08-02,青森県,地方公共団体,0
河沼郡柳津町役場,247,,,0,,https://www2.njss.info/organizations/proc/6883,2026-08-02,福島県,地方公共団体,0
法務省(MOJ) 検察庁 岡山地方検察庁,246,,,0,,https://www2.njss.info/organizations/proc/180,2026-08-02,岡山県,国・省庁,0
水資源機構 筑後川局 筑後川上流総合管理所 小石原川ダム管理所,246,,,0,,https://www2.njss.info/organizations/proc/493,2026-08-02,福岡県,国・省庁,0
国土交通省(MLIT) 関東地方整備局 甲武営繕事務所,246,,,0,,https://www2.njss.info/organizations/proc/1036,2026-08-02,東京都,国・省庁,0
国土交通省(MLIT) 東北地方整備局 盛岡営繕事務所,246,,,0,,https://www2.njss.info/organizations/proc/1790,2026-08-02,岩手県,国・省庁,0
北海道立緑ヶ丘病院,246,,,0,,https://www2.njss.info/organizations/proc/5992,2026-08-02,北海道,地方公共団体,1
宇和島地区広域事務組合,246,,,0,,https://www2.njss.info/organizations/proc/8232,2026-08-02,愛媛県,地方公共団体,1
西白河郡中島村役場,245,,,0,,https://www2.njss.info/organizations/proc/6881,2026-08-02,福島県,地方公共団体,0
法務省(MOJ) 検察庁 静岡地方検察庁,245,,,0,,https://www2.njss.info/organizations/proc/187,2026-08-02,静岡県,国・省庁,0
横浜市役所 港南区役所,245,,,0,,https://www2.njss.info/organizations/proc/7115,2026-08-02,神奈川県,地方公共団体,0
防衛省(MOD) 自衛隊函館地方協力本部,245,,,0,,https://www2.njss.info/organizations/proc/7345,2026-08-02,北海道,国・省庁,0
中讃広域行政事務組合,245,,,0,,https://www2.njss.info/organizations/proc/8746,2026-08-02,香川県,地方公共団体,1
西日本電信電話株式会社〈NTT西日本〉,243,,,0,,https://www2.njss.info/organizations/proc/1303,2026-08-02,大阪府,国・省庁,0
利根郡片品村役場,243,,,0,,https://www2.njss.info/organizations/proc/6501,2026-08-02,群馬県,地方公共団体,0
奈良女子大学,242,,,0,,https://www2.njss.info/organizations/proc/5389,2026-08-02,奈良県,国・省庁,0
法務省(MOJ) 検察庁 広島地方検察庁,242,,,0,,https://www2.njss.info/organizations/proc/160,2026-08-02,広島県,国・省庁,0
三戸郡田子町役場,242,,,0,,https://www2.njss.info/organizations/proc/6819,2026-08-02,青森県,地方公共団体,0
淡路広域消防事務組合,242,,,0,,https://www2.njss.info/organizations/proc/8460,2026-08-02,兵庫県,地方公共団体,1
法務省(MOJ) 検察庁 秋田地方検察庁,241,,,0,,https://www2.njss.info/organizations/proc/146,2026-08-02,秋田県,国・省庁,0
農林水産省(MAFF) 林野庁(FA) 近畿中国森林管理局 山口森林管理事務所,240,,,0,,https://www2.njss.info/organizations/proc/1432,2026-08-02,山口県,国・省庁,0
築上郡吉富町役場,240,,,0,,https://www2.njss.info/organizations/proc/6595,2026-08-02,福岡県,地方公共団体,0
小樽商科大学,240,,,0,,https://www2.njss.info/organizations/proc/4436,2026-08-02,北海道,国・省庁,0
八戸市立市民病院,239,,,0,,https://www2.njss.info/organizations/proc/5309,2026-08-02,青森県,地方公共団体,1
横浜市役所 西区役所,239,,,0,,https://www2.njss.info/organizations/proc/7119,2026-08-02,神奈川県,地方公共団体,0
東京都庁 産業労働局,239,,,0,,https://www2.njss.info/organizations/proc/7778,2026-08-02,東京都,地方公共団体,0
水資源機構 関西・吉野川支社淀川本部 桂川・猪名川ダム総合管理所 一庫ダム管理所,239,,,0,,https://www2.njss.info/organizations/proc/484,2026-08-02,兵庫県,国・省庁,0
球磨郡五木村役場,239,,,0,,https://www2.njss.info/organizations/proc/6620,2026-08-02,熊本県,地方公共団体,0
仲多度郡琴平町役場,239,,,0,,https://www2.njss.info/organizations/proc/7058,2026-08-02,香川県,地方公共団体,0
衣浦衛生組合,239,,,0,,https://www2.njss.info/organizations/proc/8562,2026-08-02,愛知県,地方公共団体,1
玄界環境組合,239,,,0,,https://www2.njss.info/organizations/proc/8666,2026-08-02,福岡県,地方公共団体,0
日本赤十字社 八戸赤十字病院,238,,,0,,https://www2.njss.info/organizations/proc/1211,2026-08-02,青森県,国・省庁,0
高知医療センター,237,,,0,,https://www2.njss.info/organizations/proc/5192,2026-08-02,高知県,地方公共団体,1
国土交通省(MLIT) 関東地方整備局 品木ダム水質管理所,237,,,0,,https://www2.njss.info/organizations/proc/1012,2026-08-02,群馬県,国・省庁,0
日本赤十字社 千葉県支部,237,,,0,,https://www2.njss.info/organizations/proc/1121,2026-08-02,千葉県,国・省庁,0
日本赤十字社 原町赤十字病院,237,,,0,,https://www2.njss.info/organizations/proc/1223,2026-08-02,群馬県,国・省庁,0
高齢・障害・求職者雇用支援機構 静岡支部 東海職業能力開発大学校附属浜松職業能力開発短期大学校,237,,,0,,https://www2.njss.info/organizations/proc/4413,2026-08-02,静岡県,国・省庁,0
那覇港管理組合,236,,,0,,https://www2.njss.info/organizations/proc/8236,2026-08-02,沖縄県,地方公共団体,0
大阪府立病院機構 大阪はびきの医療センター,236,,,0,,https://www2.njss.info/organizations/proc/8010,2026-08-02,大阪府,地方公共団体,0
国土交通省(MLIT) 近畿地方整備局 京都営繕事務所,235,,,0,,https://www2.njss.info/organizations/proc/975,2026-08-02,京都府,国・省庁,0
国際教養大学,235,,,0,,https://www2.njss.info/organizations/proc/4440,2026-08-02,秋田県,国・省庁,0
奈良教育大学,233,,,0,,https://www2.njss.info/organizations/proc/5354,2026-08-02,奈良県,国・省庁,0
厚生労働省(MHLW) 広島検疫所,233,,,0,,https://www2.njss.info/organizations/proc/702,2026-08-02,広島県,国・省庁,0
横浜市役所 鶴見区役所,233,,,0,,https://www2.njss.info/organizations/proc/7126,2026-08-02,神奈川県,地方公共団体,0
宇城広域連合,232,,,0,,https://www2.njss.info/organizations/proc/8998,2026-08-02,熊本県,地方公共団体,1
吉野郡吉野町役場,232,,,0,,https://www2.njss.info/organizations/proc/6568,2026-08-02,奈良県,地方公共団体,0
日本赤十字社 飯山赤十字病院,232,,,0,,https://www2.njss.info/organizations/proc/1240,2026-08-02,長野県,国・省庁,0
長崎県立大学,232,,,0,,https://www2.njss.info/organizations/proc/5431,2026-08-02,長崎県,国・省庁,0
宮城県立こども病院,232,,,0,,https://www2.njss.info/organizations/proc/5999,2026-08-02,宮城県,地方公共団体,1
横浜市役所 港湾局,232,,,0,,https://www2.njss.info/organizations/proc/7106,2026-08-02,神奈川県,地方公共団体,0
防衛省(MOD) 自衛隊静岡地方協力本部,231,,,0,,https://www2.njss.info/organizations/proc/7358,2026-08-02,静岡県,国・省庁,0
内閣府(CAO) カジノ管理委員会,231,,,0,,https://www2.njss.info/organizations/proc/7813,2026-08-02,東京都,国・省庁,0
長野県道路公社,231,,,0,,https://www2.njss.info/organizations/proc/6149,2026-08-02,長野県,地方公共団体,1
農林水産省(MAFF) 植物防疫所 横浜植物防疫所,230,,,0,,https://www2.njss.info/organizations/proc/3885,2026-08-02,神奈川県,国・省庁,0
滋賀県道路公社,230,,,0,,https://www2.njss.info/organizations/proc/6052,2026-08-02,滋賀県,地方公共団体,1
法務省(MOJ) 検察庁 長崎地方検察庁,230,,,0,,https://www2.njss.info/organizations/proc/174,2026-08-02,長崎県,国・省庁,0
長崎県庁 文化観光国際部,230,,,0,,https://www2.njss.info/organizations/proc/7236,2026-08-02,長崎県,地方公共団体,0
芳賀中部上水道企業団,229,,,0,,https://www2.njss.info/organizations/proc/7336,2026-08-02,栃木県,地方公共団体,1
防衛省(MOD) 自衛隊神奈川地方協力本部,229,,,0,,https://www2.njss.info/organizations/proc/7354,2026-08-02,神奈川県,国・省庁,0
法務省(MOJ) 検察庁 宇都宮地方検察庁,229,,,0,,https://www2.njss.info/organizations/proc/194,2026-08-02,栃木県,国・省庁,0
横浜市役所 港北区役所,229,,,0,,https://www2.njss.info/organizations/proc/7124,2026-08-02,神奈川県,地方公共団体,0
岡山県南部水道企業団,229,,,0,,https://www2.njss.info/organizations/proc/7491,2026-08-02,岡山県,地方公共団体,1
宇陀郡曽爾村役場,228,,,0,,https://www2.njss.info/organizations/proc/6574,2026-08-02,奈良県,地方公共団体,0
国土交通省(MLIT) 九州地方整備局 下関港湾空港技術調査事務所,227,,,0,,https://www2.njss.info/organizations/proc/7152,2026-08-02,山口県,国・省庁,0
法務省(MOJ) 検察庁 甲府地方検察庁,227,,,0,,https://www2.njss.info/organizations/proc/164,2026-08-02,山梨県,国・省庁,0
法務省(MOJ) 検察庁 高知地方検察庁,227,,,0,,https://www2.njss.info/organizations/proc/163,2026-08-02,高知県,国・省庁,0
国土交通省(MLIT) 関東地方整備局 宇都宮営繕事務所,227,,,0,,https://www2.njss.info/organizations/proc/1037,2026-08-02,栃木県,国・省庁,0
樺戸郡月形町役場,227,,,0,,https://www2.njss.info/organizations/proc/6740,2026-08-02,北海道,地方公共団体,0
下関市立大学,226,,,0,,https://www2.njss.info/organizations/proc/4483,2026-08-02,山口県,国・省庁,0
秋田県立病院機構 秋田県立循環器・脳脊髄センター,226,,,0,,https://www2.njss.info/organizations/proc/5660,2026-08-02,秋田県,地方公共団体,1
日本赤十字社 福島赤十字病院,225,,,0,,https://www2.njss.info/organizations/proc/1216,2026-08-02,福島県,国・省庁,0
桑名郡木曽岬町役場,224,,,0,,https://www2.njss.info/organizations/proc/6701,2026-08-02,三重県,地方公共団体,0
国土交通省(MLIT) 関東地方整備局 国営常陸海浜公園事務所,224,,,0,,https://www2.njss.info/organizations/proc/1030,2026-08-02,茨城県,国・省庁,0
国土交通省(MLIT) 東北地方整備局 岩木川ダム統合管理事務所 【［閉鎖］浅瀬石川ダム管理所】,224,,,0,,https://www2.njss.info/organizations/proc/1055,2026-08-02,青森県,国・省庁,1
森林研究・整備機構 森林整備センター 九州整備局,224,,,0,,https://www2.njss.info/organizations/proc/1395,2026-08-02,福岡県,国・省庁,0
河沼郡会津坂下町役場,224,,,0,,https://www2.njss.info/organizations/proc/6425,2026-08-02,福島県,地方公共団体,0
地域医療機能推進機構(JCHO) 若狭高浜病院,223,,,0,,https://www2.njss.info/organizations/proc/7186,2026-08-02,福井県,国・省庁,0
地域医療機能推進機構(JCHO) 松浦中央病院,223,,,0,,https://www2.njss.info/organizations/proc/7199,2026-08-02,長崎県,国・省庁,0
日本赤十字社 岐阜赤十字病院,223,,,0,,https://www2.njss.info/organizations/proc/1242,2026-08-02,岐阜県,国・省庁,0
厚生労働省(MHLW) 国立障害者リハビリテーションセンター 自立支援局神戸視力障害センター,222,,,0,,https://www2.njss.info/organizations/proc/680,2026-08-02,兵庫県,国・省庁,0
家畜改良センター(NLBC) 岡崎牧場,222,,,0,,https://www2.njss.info/organizations/proc/1439,2026-08-02,愛知県,国・省庁,0
福岡地区水道企業団,221,,,0,,https://www2.njss.info/organizations/proc/7396,2026-08-02,福岡県,地方公共団体,1
北但広域行政事務組合,221,,,0,,https://www2.njss.info/organizations/proc/5006,2026-08-02,兵庫県,地方公共団体,1
横浜市役所 青葉区役所,221,,,0,,https://www2.njss.info/organizations/proc/7130,2026-08-02,神奈川県,地方公共団体,0
国土交通省(MLIT) 近畿地方整備局 近畿道路メンテナンスセンター,220,,,0,,https://www2.njss.info/organizations/proc/7829,2026-08-02,大阪府,国・省庁,0
横浜市役所 栄区役所,220,,,0,,https://www2.njss.info/organizations/proc/7116,2026-08-02,神奈川県,地方公共団体,0
仙台市立病院,220,,,0,,https://www2.njss.info/organizations/proc/4353,2026-08-02,宮城県,地方公共団体,0
東京都公立大学法人,220,,,0,,https://www2.njss.info/organizations/proc/9786,2026-08-02,東京都,国・省庁,1
法務省(MOJ) 検察庁 大分地方検察庁,220,,,0,,https://www2.njss.info/organizations/proc/179,2026-08-02,大分県,国・省庁,0
長野県庁 須坂建設事務所,220,,,0,,https://www2.njss.info/organizations/proc/4305,2026-08-02,長野県,地方公共団体,0
九州歯科大学,220,,,0,,https://www2.njss.info/organizations/proc/4470,2026-08-02,福岡県,国・省庁,0
鳥羽志勢広域連合,220,,,0,,https://www2.njss.info/organizations/proc/5010,2026-08-02,三重県,地方公共団体,1
法務省(MOJ) 検察庁 高松高等検察庁,219,,,0,,https://www2.njss.info/organizations/proc/159,2026-08-02,香川県,国・省庁,0
松前郡松前町役場,219,,,0,,https://www2.njss.info/organizations/proc/6656,2026-08-02,北海道,地方公共団体,0
農林水産省(MAFF) 林野庁(FA) 四国森林管理局 四万十森林管理署,218,,,0,,https://www2.njss.info/organizations/proc/9152,2026-08-02,高知県,国・省庁,0
上高井郡小布施町役場,218,,,0,,https://www2.njss.info/organizations/proc/6462,2026-08-02,長野県,地方公共団体,0
愛媛県立新居浜病院,218,,,0,,https://www2.njss.info/organizations/proc/5791,2026-08-02,愛媛県,地方公共団体,1
高岡郡中土佐町役場,218,,,0,,https://www2.njss.info/organizations/proc/7063,2026-08-02,高知県,地方公共団体,0
横浜市役所 戸塚区役所,218,,,0,,https://www2.njss.info/organizations/proc/7118,2026-08-02,神奈川県,地方公共団体,0
内閣法制局,218,,,0,,https://www2.njss.info/organizations/proc/353,2026-08-02,東京都,国・省庁,0
国土交通省(MLIT) 関東地方整備局 二瀬ダム管理所,217,,,0,,https://www2.njss.info/organizations/proc/1011,2026-08-02,埼玉県,国・省庁,0
日本赤十字社 東京かつしか赤十字母子医療センター,217,,,0,,https://www2.njss.info/organizations/proc/1229,2026-08-02,東京都,国・省庁,0
奈良県庁 地域創造部 こども・女性局,217,,,0,,https://www2.njss.info/organizations/proc/4798,2026-08-02,奈良県,地方公共団体,0
足寄郡陸別町役場,217,,,0,,https://www2.njss.info/organizations/proc/6783,2026-08-02,北海道,地方公共団体,0
高岡郡津野町役場,217,,,0,,https://www2.njss.info/organizations/proc/7065,2026-08-02,高知県,地方公共団体,0
長崎県庁 対馬振興局,217,,,0,,https://www2.njss.info/organizations/proc/7255,2026-08-02,長崎県,地方公共団体,0
京都市役所 建設局,217,,,0,,https://www2.njss.info/organizations/proc/7809,2026-08-02,京都府,地方公共団体,0
仙南地域広域行政事務組合,216,,,0,,https://www2.njss.info/organizations/proc/7896,2026-08-02,宮城県,地方公共団体,1
愛媛県立今治病院,216,,,0,,https://www2.njss.info/organizations/proc/5789,2026-08-02,愛媛県,地方公共団体,1
神戸市道路公社,216,,,0,,https://www2.njss.info/organizations/proc/6055,2026-08-02,兵庫県,地方公共団体,1
高知県庁 危機管理部,215,,,0,,https://www2.njss.info/organizations/proc/7739,2026-08-02,高知県,地方公共団体,0
鹿児島市立病院,215,,,0,,https://www2.njss.info/organizations/proc/5205,2026-08-02,鹿児島県,地方公共団体,1
水資源機構 利根川上流総合管理所 群馬用水管理所,215,,,0,,https://www2.njss.info/organizations/proc/459,2026-08-02,群馬県,国・省庁,0
水資源機構 中部支社 揖斐川・長良川総合管理所 徳山ダム管理所,215,,,0,,https://www2.njss.info/organizations/proc/472,2026-08-02,岐阜県,国・省庁,0
国土交通省(MLIT) 東北地方整備局 【［閉鎖］胆沢ダム工事事務所】,215,,,0,,https://www2.njss.info/organizations/proc/1068,2026-08-02,岩手県,国・省庁,1
木曽郡南木曽町役場,215,,,0,,https://www2.njss.info/organizations/proc/6967,2026-08-02,長野県,地方公共団体,0
南那須地区広域行政事務組合,215,,,0,,https://www2.njss.info/organizations/proc/8276,2026-08-02,栃木県,地方公共団体,1
法務省(MOJ) 検察庁 奈良地方検察庁,214,,,0,,https://www2.njss.info/organizations/proc/177,2026-08-02,奈良県,国・省庁,0
京都市役所 産業観光局 観光MICE推進室,214,,,0,,https://www2.njss.info/organizations/proc/4191,2026-08-02,京都府,地方公共団体,0
和歌山県住宅供給公社,214,,,0,,https://www2.njss.info/organizations/proc/7466,2026-08-02,和歌山県,地方公共団体,1
高知県庁 文化生活部,213,,,0,,https://www2.njss.info/organizations/proc/7742,2026-08-02,高知県,地方公共団体,0
東京外国語大学,213,,,0,,https://www2.njss.info/organizations/proc/265,2026-08-02,東京都,国・省庁,0
天草広域連合,212,,,0,,https://www2.njss.info/organizations/proc/9000,2026-08-02,熊本県,地方公共団体,1
南都留郡山中湖村役場,211,,,0,,https://www2.njss.info/organizations/proc/6901,2026-08-02,山梨県,地方公共団体,0
中東遠総合医療センター,211,,,0,,https://www2.njss.info/organizations/proc/7713,2026-08-02,静岡県,国・省庁,1
最上郡戸沢村役場,211,,,0,,https://www2.njss.info/organizations/proc/6859,2026-08-02,山形県,地方公共団体,0
国土交通省(MLIT) 北陸地方整備局 大町ダム管理所,211,,,0,,https://www2.njss.info/organizations/proc/952,2026-08-02,長野県,国・省庁,0
目梨郡羅臼町役場,211,,,0,,https://www2.njss.info/organizations/proc/6806,2026-08-02,北海道,地方公共団体,0
国土交通省(MLIT) 中部地方整備局 四日市港湾事務所,209,,,0,,https://www2.njss.info/organizations/proc/7310,2026-08-02,三重県,国・省庁,0
宮城県道路公社,209,,,0,,https://www2.njss.info/organizations/proc/6143,2026-08-02,宮城県,地方公共団体,1
日本赤十字社 神奈川県支部,209,,,0,,https://www2.njss.info/organizations/proc/1123,2026-08-02,神奈川県,国・省庁,0
津軽広域水道企業団,209,,,0,,https://www2.njss.info/organizations/proc/7407,2026-08-02,青森県,地方公共団体,1
上川郡比布町役場,209,,,0,,https://www2.njss.info/organizations/proc/6753,2026-08-02,北海道,地方公共団体,0
菊池広域連合,209,,,0,,https://www2.njss.info/organizations/proc/8250,2026-08-02,熊本県,地方公共団体,0
香取郡神崎町役場,208,,,0,,https://www2.njss.info/organizations/proc/6540,2026-08-02,千葉県,地方公共団体,0
情報・システム研究機構 国立遺伝学研究所(NIG),208,,,0,,https://www2.njss.info/organizations/proc/4450,2026-08-02,静岡県,国・省庁,1
厚生労働省(MHLW) 【［閉鎖］北海道社会保険事務局】,208,,,0,,https://www2.njss.info/organizations/proc/627,2026-08-02,北海道,国・省庁,1
国土交通省(MLIT) 九州地方整備局 筑後川ダム統合管理事務所,208,,,0,,https://www2.njss.info/organizations/proc/5284,2026-08-02,福岡県,国・省庁,0
地域医療機能推進機構(JCHO) 登別病院,206,,,0,,https://www2.njss.info/organizations/proc/7189,2026-08-02,北海道,国・省庁,0
那覇市・南風原町環境施設組合,206,,,0,,https://www2.njss.info/organizations/proc/8496,2026-08-02,沖縄県,地方公共団体,1
法務省(MOJ) 検察庁 青森地方検察庁,205,,,0,,https://www2.njss.info/organizations/proc/4071,2026-08-02,青森県,国・省庁,0
島尻郡与那原町役場,205,,,0,,https://www2.njss.info/organizations/proc/6341,2026-08-02,沖縄県,地方公共団体,0
大阪市役所 副首都推進局,205,,,0,,https://www2.njss.info/organizations/proc/6350,2026-08-02,大阪府,地方公共団体,0
法務省(MOJ) 検察庁 宮崎地方検察庁,205,,,0,,https://www2.njss.info/organizations/proc/4070,2026-08-02,宮崎県,国・省庁,0
不破郡関ケ原町役場,205,,,0,,https://www2.njss.info/organizations/proc/6555,2026-08-02,岐阜県,地方公共団体,0
大島郡与論町役場,204,,,0,,https://www2.njss.info/organizations/proc/6723,2026-08-02,鹿児島県,地方公共団体,0
福岡県南広域水道企業団,203,,,0,,https://www2.njss.info/organizations/proc/7389,2026-08-02,福岡県,地方公共団体,1
虻田郡洞爺湖町役場,203,,,0,,https://www2.njss.info/organizations/proc/6372,2026-08-02,北海道,地方公共団体,0
黒川地域行政事務組合,202,,,0,,https://www2.njss.info/organizations/proc/7890,2026-08-02,宮城県,地方公共団体,1
峡北広域行政事務組合,202,,,0,,https://www2.njss.info/organizations/proc/8440,2026-08-02,山梨県,地方公共団体,1
酒田地区広域行政組合,201,,,0,,https://www2.njss.info/organizations/proc/8184,2026-08-02,山形県,地方公共団体,1
東京都人材支援事業団,201,,,0,,https://www2.njss.info/organizations/proc/1680,2026-08-02,東京都,国・省庁,1
高齢・障害・求職者雇用支援機構 徳島支部,201,,,0,,https://www2.njss.info/organizations/proc/5862,2026-08-02,徳島県,国・省庁,0
常総地方広域市町村圏事務組合,201,,,0,,https://www2.njss.info/organizations/proc/8290,2026-08-02,茨城県,地方公共団体,1
川越地区消防組合,200,,,0,,https://www2.njss.info/organizations/proc/8202,2026-08-02,埼玉県,地方公共団体,1
国土交通省(MLIT) 九州地方整備局 宮崎港湾・空港整備事務所,199,,,0,,https://www2.njss.info/organizations/proc/7156,2026-08-02,宮崎県,国・省庁,0
日本電気計器検定所(JEMIC),199,,,0,,https://www2.njss.info/organizations/proc/1293,2026-08-02,東京都,国・省庁,1
東京都立病院機構 墨東病院,199,,,0,,https://www2.njss.info/organizations/proc/5914,2026-08-02,東京都,地方公共団体,0
筑波技術大学,199,,,0,,https://www2.njss.info/organizations/proc/5382,2026-08-02,茨城県,国・省庁,0
長崎県道路公社,199,,,0,,https://www2.njss.info/organizations/proc/6104,2026-08-02,長崎県,地方公共団体,1
西置賜郡小国町役場,199,,,0,,https://www2.njss.info/organizations/proc/6851,2026-08-02,山形県,地方公共団体,0
北葛城郡王寺町役場,198,,,0,,https://www2.njss.info/organizations/proc/6043,2026-08-02,奈良県,地方公共団体,0
総務省(MIC) 沖縄総合通信事務所,198,,,0,,https://www2.njss.info/organizations/proc/373,2026-08-02,沖縄県,国・省庁,0
日本赤十字社 京都第一赤十字病院,198,,,0,,https://www2.njss.info/organizations/proc/1252,2026-08-02,京都府,国・省庁,0
南河内郡太子町役場,197,,,0,,https://www2.njss.info/organizations/proc/6251,2026-08-02,大阪府,地方公共団体,0
秋田県立病院機構 秋田県立リハビリテーション・精神医療センター,197,,,0,,https://www2.njss.info/organizations/proc/5661,2026-08-02,秋田県,地方公共団体,1
日本赤十字社 山口赤十字病院,197,,,0,,https://www2.njss.info/organizations/proc/1268,2026-08-02,山口県,国・省庁,0
熊本県立大学,197,,,0,,https://www2.njss.info/organizations/proc/5443,2026-08-02,熊本県,国・省庁,0
大阪府後期高齢者医療広域連合,197,,,0,,https://www2.njss.info/organizations/proc/8472,2026-08-02,大阪府,地方公共団体,1
羽咋郡市広域圏事務組合,196,,,0,,https://www2.njss.info/organizations/proc/8370,2026-08-02,石川県,地方公共団体,1
厚生労働省(MHLW) 【［閉鎖］東京社会保険事務局】,196,,,0,,https://www2.njss.info/organizations/proc/655,2026-08-02,東京都,国・省庁,1
山梨県立大学,196,,,0,,https://www2.njss.info/organizations/proc/4487,2026-08-02,山梨県,国・省庁,0
岩手県立中央病院,195,,,0,,https://www2.njss.info/organizations/proc/5968,2026-08-02,岩手県,地方公共団体,1
国立病院機構 関東信越グループ,195,,,0,,https://www2.njss.info/organizations/proc/792,2026-08-02,東京都,国・省庁,0
水資源機構 関西・吉野川支社淀川本部 桂川・猪名川ダム総合管理所,195,,,0,,https://www2.njss.info/organizations/proc/485,2026-08-02,京都府,国・省庁,0
国土交通省(MLIT) 中国地方整備局 福山河川国道事務所,195,,,0,,https://www2.njss.info/organizations/proc/5272,2026-08-02,広島県,国・省庁,0
国土交通省(MLIT) 九州地方整備局 唐津港湾事務所,195,,,0,,https://www2.njss.info/organizations/proc/5325,2026-08-02,佐賀県,国・省庁,0
茨城県立こころの医療センター,195,,,0,,https://www2.njss.info/organizations/proc/5953,2026-08-02,茨城県,地方公共団体,1
函館市役所 病院局,194,,,0,,https://www2.njss.info/organizations/proc/5168,2026-08-02,北海道,地方公共団体,0
上益城郡嘉島町役場,194,,,0,,https://www2.njss.info/organizations/proc/6606,2026-08-02,熊本県,地方公共団体,0
家畜改良センター(NLBC) 茨城牧場 長野支場,194,,,0,,https://www2.njss.info/organizations/proc/1438,2026-08-02,長野県,国・省庁,0
日本赤十字社 兵庫県支部,194,,,0,,https://www2.njss.info/organizations/proc/1137,2026-08-02,兵庫県,国・省庁,0
森林研究・整備機構 森林整備センター 近畿北陸整備局,194,,,0,,https://www2.njss.info/organizations/proc/1393,2026-08-02,京都府,国・省庁,0
岳南排水路管理組合,194,,,0,,https://www2.njss.info/organizations/proc/7379,2026-08-02,静岡県,地方公共団体,1
宮城教育大学,193,,,0,,https://www2.njss.info/organizations/proc/5383,2026-08-02,宮城県,国・省庁,0
横浜市役所 建築局,193,,,0,,https://www2.njss.info/organizations/proc/7103,2026-08-02,神奈川県,地方公共団体,0
利根郡昭和村役場,193,,,0,,https://www2.njss.info/organizations/proc/6504,2026-08-02,群馬県,地方公共団体,0
尾三衛生組合,193,,,0,,https://www2.njss.info/organizations/proc/8570,2026-08-02,愛知県,地方公共団体,1
法務省(MOJ) 検察庁 鹿児島地方検察庁,192,,,0,,https://www2.njss.info/organizations/proc/4069,2026-08-02,鹿児島県,国・省庁,0
青森県立中央病院,191,,,0,,https://www2.njss.info/organizations/proc/5994,2026-08-02,青森県,地方公共団体,1
国立病院機構 北海道東北グループ,191,,,0,,https://www2.njss.info/organizations/proc/761,2026-08-02,宮城県,国・省庁,0
防衛省(MOD) 航空幕僚監部,191,,,0,,https://www2.njss.info/organizations/proc/1796,2026-08-02,東京都,国・省庁,0
国土交通省(MLIT) 九州地方整備局 立野ダム工事事務所,191,,,0,,https://www2.njss.info/organizations/proc/5296,2026-08-02,熊本県,国・省庁,0
防衛省(MOD) 自衛隊広島地方協力本部,191,,,0,,https://www2.njss.info/organizations/proc/5482,2026-08-02,広島県,国・省庁,0
田川郡香春町役場,190,,,0,,https://www2.njss.info/organizations/proc/6303,2026-08-02,福岡県,地方公共団体,0
茅部郡鹿部町役場,190,,,0,,https://www2.njss.info/organizations/proc/6742,2026-08-02,北海道,地方公共団体,0
長崎県庁 農林部,190,,,0,,https://www2.njss.info/organizations/proc/7242,2026-08-02,長崎県,地方公共団体,0
日本赤十字社 多可赤十字病院,190,,,0,,https://www2.njss.info/organizations/proc/1259,2026-08-02,兵庫県,国・省庁,0
長崎県病院企業団 長崎県島原病院,190,,,0,,https://www2.njss.info/organizations/proc/5841,2026-08-02,長崎県,地方公共団体,1
国土交通省(MLIT) 東北地方整備局 成瀬ダム工事事務所,190,,,0,,https://www2.njss.info/organizations/proc/7072,2026-08-02,秋田県,国・省庁,0
大阪府道路公社,189,,,0,,https://www2.njss.info/organizations/proc/6054,2026-08-02,大阪府,地方公共団体,1
京都市産業技術研究所,188,,,0,,https://www2.njss.info/organizations/proc/6679,2026-08-02,京都府,地方公共団体,1
高知県庁 健康政策部,188,,,0,,https://www2.njss.info/organizations/proc/7740,2026-08-02,高知県,地方公共団体,0
内閣府(CAO) こども家庭庁 国立きぬ川学院,188,,,0,,https://www2.njss.info/organizations/proc/679,2026-08-02,栃木県,国・省庁,0
日本放送協会(NHK) 仙台放送局,188,,,0,,https://www2.njss.info/organizations/proc/4255,2026-08-02,宮城県,国・省庁,0
夕張郡長沼町役場,188,,,0,,https://www2.njss.info/organizations/proc/6366,2026-08-02,北海道,地方公共団体,0
島根県立大学,187,,,0,,https://www2.njss.info/organizations/proc/5422,2026-08-02,島根県,国・省庁,0
恩賜財団 済生会 福岡県済生会 福岡総合病院,186,,,0,,https://www2.njss.info/organizations/proc/9092,2026-08-02,福岡県,地方公共団体,0
鳥取中部ふるさと広域連合,185,,,0,,https://www2.njss.info/organizations/proc/8248,2026-08-02,鳥取県,地方公共団体,1
英田郡西粟倉村役場,185,,,0,,https://www2.njss.info/organizations/proc/7045,2026-08-02,岡山県,地方公共団体,0
鹿島地方事務組合,185,,,0,,https://www2.njss.info/organizations/proc/8192,2026-08-02,茨城県,地方公共団体,1
埼玉県央広域事務組合,185,,,0,,https://www2.njss.info/organizations/proc/8388,2026-08-02,埼玉県,地方公共団体,1
国土交通省(MLIT) 関東地方整備局 長野営繕事務所,184,,,0,,https://www2.njss.info/organizations/proc/1039,2026-08-02,長野県,国・省庁,0
日本赤十字社 置戸赤十字病院,184,,,0,,https://www2.njss.info/organizations/proc/1208,2026-08-02,北海道,国・省庁,0
東金市外三市町清掃組合,184,,,0,,https://www2.njss.info/organizations/proc/8324,2026-08-02,千葉県,地方公共団体,1
三重県立看護大学,183,,,0,,https://www2.njss.info/organizations/proc/5414,2026-08-02,三重県,国・省庁,1
人間文化研究機構 国立国語研究所(NINJAL),183,,,0,,https://www2.njss.info/organizations/proc/225,2026-08-02,東京都,国・省庁,0
吉野郡下北山村役場,183,,,0,,https://www2.njss.info/organizations/proc/6550,2026-08-02,奈良県,地方公共団体,0
家畜改良センター(NLBC) 鳥取牧場,183,,,0,,https://www2.njss.info/organizations/proc/1441,2026-08-02,鳥取県,国・省庁,0
千葉市立海浜病院,183,,,0,,https://www2.njss.info/organizations/proc/4367,2026-08-02,千葉県,地方公共団体,1
東田川郡三川町役場,183,,,0,,https://www2.njss.info/organizations/proc/6854,2026-08-02,山形県,地方公共団体,0
栃木県道路公社,182,,,0,,https://www2.njss.info/organizations/proc/6048,2026-08-02,栃木県,地方公共団体,1
島尻郡久米島町役場,182,,,0,,https://www2.njss.info/organizations/proc/6631,2026-08-02,沖縄県,地方公共団体,0
国立美術館 国立国際美術館,182,,,0,,https://www2.njss.info/organizations/proc/6294,2026-08-02,大阪府,国・省庁,0
安房郡市広域市町村圏事務組合,182,,,0,,https://www2.njss.info/organizations/proc/8406,2026-08-02,千葉県,地方公共団体,0
国土交通省(MLIT) 北陸地方整備局 国営越後丘陵公園事務所,181,,,0,,https://www2.njss.info/organizations/proc/954,2026-08-02,新潟県,国・省庁,0
水資源機構 中部支社 木曽川上流ダム総合管理所 岩屋ダム管理所,181,,,0,,https://www2.njss.info/organizations/proc/474,2026-08-02,岐阜県,国・省庁,0
中日本高速道路株式会社(NEXCO) 【［閉鎖］八王子支社】,181,,,0,,https://www2.njss.info/organizations/proc/2005,2026-08-02,東京都,国・省庁,1
日本赤十字社 愛知県赤十字血液センター,180,,,0,,https://www2.njss.info/organizations/proc/1175,2026-08-02,愛知県,国・省庁,0
千葉市役所 水道局,180,,,0,,https://www2.njss.info/organizations/proc/4369,2026-08-02,千葉県,地方公共団体,0
樺戸郡新十津川町役場,180,,,0,,https://www2.njss.info/organizations/proc/6667,2026-08-02,北海道,地方公共団体,0
山武郡市環境衛生組合,180,,,0,,https://www2.njss.info/organizations/proc/8326,2026-08-02,千葉県,地方公共団体,1
島尻郡南風原町役場,179,,,0,,https://www2.njss.info/organizations/proc/5894,2026-08-02,沖縄県,地方公共団体,0
法務省(MOJ) 検察庁 松江地方検察庁,179,,,0,,https://www2.njss.info/organizations/proc/169,2026-08-02,島根県,国・省庁,0
苫前郡初山別村役場,179,,,0,,https://www2.njss.info/organizations/proc/6798,2026-08-02,北海道,地方公共団体,0
本州四国連絡高速道路株式会社 神戸管理センター,178,,,0,,https://www2.njss.info/organizations/proc/2074,2026-08-02,兵庫県,国・省庁,0
内閣府(CAO) 沖縄総合事務局 経済産業部,178,,,0,,https://www2.njss.info/organizations/proc/735,2026-08-02,沖縄県,国・省庁,0
国土交通省(MLIT) 関東地方整備局 東京第二営繕事務所,178,,,0,,https://www2.njss.info/organizations/proc/1035,2026-08-02,東京都,国・省庁,0
森林研究・整備機構 森林総合研究所 関西支所,178,,,0,,https://www2.njss.info/organizations/proc/1381,2026-08-02,京都府,国・省庁,0
法務省(MOJ) 検察庁 函館地方検察庁,178,,,0,,https://www2.njss.info/organizations/proc/4072,2026-08-02,北海道,国・省庁,0
尾花沢市大石田町環境衛生事業組合,178,,,0,,https://www2.njss.info/organizations/proc/8094,2026-08-02,山形県,地方公共団体,1
尾三消防組合,178,,,0,,https://www2.njss.info/organizations/proc/8710,2026-08-02,愛知県,地方公共団体,1
網走郡津別町役場,177,,,0,,https://www2.njss.info/organizations/proc/6809,2026-08-02,北海道,地方公共団体,0
国土交通省(MLIT) 中国地方整備局 広島港湾・空港整備事務所,176,,,0,,https://www2.njss.info/organizations/proc/5270,2026-08-02,広島県,国・省庁,0
［閉鎖］平和祈念事業特別基金,176,,,0,,https://www2.njss.info/organizations/proc/359,2026-08-02,東京都,国・省庁,1
沖縄県住宅供給公社,176,,,0,,https://www2.njss.info/organizations/proc/7478,2026-08-02,沖縄県,地方公共団体,1
安芸郡芸西村役場,175,,,0,,https://www2.njss.info/organizations/proc/7074,2026-08-02,高知県,地方公共団体,0
吾妻郡草津町役場,175,,,0,,https://www2.njss.info/organizations/proc/6503,2026-08-02,群馬県,地方公共団体,0
南巨摩郡早川町役場,175,,,0,,https://www2.njss.info/organizations/proc/6905,2026-08-02,山梨県,地方公共団体,0
八重山郡竹富町役場,174,,,0,,https://www2.njss.info/organizations/proc/6635,2026-08-02,沖縄県,地方公共団体,0
法務省(MOJ) 検察庁 仙台地方検察庁,174,,,0,,https://www2.njss.info/organizations/proc/186,2026-08-02,宮城県,国・省庁,0
法務省(MOJ) 検察庁 徳島地方検察庁,174,,,0,,https://www2.njss.info/organizations/proc/189,2026-08-02,徳島県,国・省庁,0
農林水産省(MAFF) 林野庁(FA) 近畿中国森林管理局 石川森林管理署,174,,,0,,https://www2.njss.info/organizations/proc/1419,2026-08-02,石川県,国・省庁,0
国土交通省(MLIT) 中国地方整備局 太田川河川事務所,174,,,0,,https://www2.njss.info/organizations/proc/5268,2026-08-02,広島県,国・省庁,0
横浜市役所 総務局,174,,,0,,https://www2.njss.info/organizations/proc/7092,2026-08-02,神奈川県,地方公共団体,0
横浜市役所 磯子区役所,173,,,0,,https://www2.njss.info/organizations/proc/7122,2026-08-02,神奈川県,地方公共団体,0
さしま環境管理事務組合,173,,,0,,https://www2.njss.info/organizations/proc/8258,2026-08-02,茨城県,地方公共団体,1
広島原爆被爆者援護事業団,173,,,0,,https://www2.njss.info/organizations/proc/4362,2026-08-02,広島県,国・省庁,1
佐賀中部広域連合,173,,,0,,https://www2.njss.info/organizations/proc/8478,2026-08-02,佐賀県,地方公共団体,1
内閣府(CAO) こども家庭庁 国立武蔵野学院,172,,,0,,https://www2.njss.info/organizations/proc/681,2026-08-02,埼玉県,国・省庁,0
日本赤十字社 伊達赤十字病院,172,,,0,,https://www2.njss.info/organizations/proc/1202,2026-08-02,北海道,国・省庁,0
日本財団,172,,,0,,https://www2.njss.info/organizations/proc/1299,2026-08-02,東京都,国・省庁,1
日本放送協会(NHK) 広島放送局,172,,,0,,https://www2.njss.info/organizations/proc/4240,2026-08-02,広島県,国・省庁,0
宝塚市立病院,171,,,0,,https://www2.njss.info/organizations/proc/5341,2026-08-02,兵庫県,地方公共団体,1
高知県庁 総合企画部,171,,,0,,https://www2.njss.info/organizations/proc/9201,2026-08-02,高知県,地方公共団体,0
富山県立大学,171,,,0,,https://www2.njss.info/organizations/proc/4488,2026-08-02,富山県,国・省庁,0
石狩郡当別町役場,171,,,0,,https://www2.njss.info/organizations/proc/6355,2026-08-02,北海道,地方公共団体,0
防衛省(MOD) 自衛隊三重地方協力本部,171,,,0,,https://www2.njss.info/organizations/proc/5472,2026-08-02,三重県,国・省庁,0
横浜市役所 緑区役所,171,,,0,,https://www2.njss.info/organizations/proc/7120,2026-08-02,神奈川県,地方公共団体,0
上天草・宇城水道企業団,171,,,0,,https://www2.njss.info/organizations/proc/7384,2026-08-02,熊本県,地方公共団体,1
和歌山県観光連盟,171,,,0,,https://www2.njss.info/organizations/proc/7603,2026-08-02,和歌山県,国・省庁,1
農林水産省(MAFF) 林野庁(FA) 四国森林管理局 愛媛森林管理署,171,,,0,,https://www2.njss.info/organizations/proc/9150,2026-08-02,愛媛県,国・省庁,0
上川郡鷹栖町役場,170,,,0,,https://www2.njss.info/organizations/proc/6666,2026-08-02,北海道,地方公共団体,0
北海道庁 北海道立教育研究所,170,,,0,,https://www2.njss.info/organizations/proc/5322,2026-08-02,北海道,地方公共団体,0
檜原村役場,170,,,0,,https://www2.njss.info/organizations/proc/4579,2026-08-02,東京都,地方公共団体,0
国頭郡今帰仁村役場,170,,,0,,https://www2.njss.info/organizations/proc/6630,2026-08-02,沖縄県,地方公共団体,0
横浜市観光協会,169,,,0,,https://www2.njss.info/organizations/proc/7263,2026-08-02,神奈川県,国・省庁,1
防衛省(MOD) 防衛装備庁 【［閉鎖］技術研究本部(TRDI)】 【［閉鎖］土浦試験場】,169,,,0,,https://www2.njss.info/organizations/proc/46,2026-08-02,茨城県,国・省庁,1
国土交通省(MLIT) 関東地方整備局 横浜営繕事務所,169,,,0,,https://www2.njss.info/organizations/proc/1038,2026-08-02,神奈川県,国・省庁,0
秋田公立美術大学,169,,,0,,https://www2.njss.info/organizations/proc/5400,2026-08-02,秋田県,国・省庁,0
佐倉市、酒々井町清掃組合,169,,,0,,https://www2.njss.info/organizations/proc/8204,2026-08-02,千葉県,地方公共団体,1
神戸市外国語大学,168,,,0,,https://www2.njss.info/organizations/proc/5417,2026-08-02,兵庫県,国・省庁,0
隠岐郡隠岐の島町役場,168,,,0,,https://www2.njss.info/organizations/proc/6442,2026-08-02,島根県,地方公共団体,1
長崎市立病院機構,168,,,0,,https://www2.njss.info/organizations/proc/5200,2026-08-02,長崎県,地方公共団体,1
長崎県庁 研究機関等,168,,,0,,https://www2.njss.info/organizations/proc/7258,2026-08-02,長崎県,地方公共団体,0
横浜企業経営支援財団,167,,,0,,https://www2.njss.info/organizations/proc/7131,2026-08-02,神奈川県,国・省庁,1
高知県庁 産業振興推進部,167,,,0,,https://www2.njss.info/organizations/proc/7743,2026-08-02,高知県,地方公共団体,0
あいち小児保健医療総合センター,167,,,0,,https://www2.njss.info/organizations/proc/5967,2026-08-02,愛知県,地方公共団体,1
厚生労働省(MHLW) 【［閉鎖］静岡社会保険事務局】,166,,,0,,https://www2.njss.info/organizations/proc/652,2026-08-02,静岡県,国・省庁,1
日本赤十字社 千葉県赤十字血液センター,166,,,0,,https://www2.njss.info/organizations/proc/1164,2026-08-02,千葉県,国・省庁,0
三養基郡みやき町役場,165,,,0,,https://www2.njss.info/organizations/proc/6091,2026-08-02,佐賀県,地方公共団体,0
新発田地域広域事務組合,165,,,0,,https://www2.njss.info/organizations/proc/8352,2026-08-02,新潟県,地方公共団体,1
地方職員共済組合,165,,,0,,https://www2.njss.info/organizations/proc/1570,2026-08-02,東京都,国・省庁,1
生駒郡平群町役場,165,,,0,,https://www2.njss.info/organizations/proc/6260,2026-08-02,奈良県,地方公共団体,0
泉南清掃事務組合,165,,,0,,https://www2.njss.info/organizations/proc/5004,2026-08-02,大阪府,地方公共団体,1
長崎県庁 産業労働部,165,,,0,,https://www2.njss.info/organizations/proc/7240,2026-08-02,長崎県,地方公共団体,0
山武郡市広域行政組合,164,,,0,,https://www2.njss.info/organizations/proc/8408,2026-08-02,千葉県,地方公共団体,1
南都留郡鳴沢村役場,163,,,0,,https://www2.njss.info/organizations/proc/6903,2026-08-02,山梨県,地方公共団体,0
名東郡佐那河内村役場,163,,,0,,https://www2.njss.info/organizations/proc/7056,2026-08-02,徳島県,地方公共団体,0
広島中央環境衛生組合,163,,,0,,https://www2.njss.info/organizations/proc/8488,2026-08-02,広島県,地方公共団体,1
日本赤十字社 北海道支部,163,,,0,,https://www2.njss.info/organizations/proc/1110,2026-08-02,北海道,国・省庁,0
日本赤十字社 大阪府支部,163,,,0,,https://www2.njss.info/organizations/proc/1136,2026-08-02,大阪府,国・省庁,0
労働者健康安全機構 大阪産業保健総合支援センター,163,,,0,,https://www2.njss.info/organizations/proc/1519,2026-08-02,大阪府,国・省庁,0
北海道庁 石狩振興局,163,,,0,,https://www2.njss.info/organizations/proc/7434,2026-08-02,北海道,地方公共団体,0
三重郡朝日町役場,162,,,0,,https://www2.njss.info/organizations/proc/6698,2026-08-02,三重県,地方公共団体,0
農林水産省(MAFF) 林野庁(FA) 九州森林管理局 沖縄森林管理署,162,,,0,,https://www2.njss.info/organizations/proc/1350,2026-08-02,沖縄県,国・省庁,0
地方競馬全国協会,161,,,0,,https://www2.njss.info/organizations/proc/7878,2026-08-02,東京都,地方公共団体,1
国立美術館 京都国立近代美術館,161,,,0,,https://www2.njss.info/organizations/proc/6293,2026-08-02,京都府,国・省庁,0
金沢市立病院,161,,,0,,https://www2.njss.info/organizations/proc/5154,2026-08-02,石川県,地方公共団体,1
森林研究・整備機構 森林保険センター,161,,,0,,https://www2.njss.info/organizations/proc/6108,2026-08-02,神奈川県,国・省庁,0
西多摩衛生組合,161,,,0,,https://www2.njss.info/organizations/proc/7918,2026-08-02,東京都,地方公共団体,1
広島県水道広域連合企業団 三原事務所,160,,,0,,https://www2.njss.info/organizations/proc/9134,2026-08-02,広島県,地方公共団体,1
国土交通省(MLIT) 四国地方整備局 高松港湾空港技術調査事務所,160,,,0,,https://www2.njss.info/organizations/proc/5216,2026-08-02,香川県,国・省庁,0
日本赤十字社 北海道赤十字血液センター,160,,,0,,https://www2.njss.info/organizations/proc/1155,2026-08-02,北海道,国・省庁,0
利根郡川場村役場,160,,,0,,https://www2.njss.info/organizations/proc/6500,2026-08-02,群馬県,地方公共団体,0
東国東郡姫島村役場,160,,,0,,https://www2.njss.info/organizations/proc/6621,2026-08-02,大分県,地方公共団体,0
長野県上伊那広域水道用水企業団,160,,,0,,https://www2.njss.info/organizations/proc/7418,2026-08-02,長野県,地方公共団体,1
佐倉市八街市酒々井町消防組合,160,,,0,,https://www2.njss.info/organizations/proc/8332,2026-08-02,千葉県,地方公共団体,1
厚生労働省(MHLW) 国立障害者リハビリテーションセンター 自立支援局秩父学園,159,,,0,,https://www2.njss.info/organizations/proc/666,2026-08-02,埼玉県,国・省庁,0
市立東大阪医療センター,159,,,0,,https://www2.njss.info/organizations/proc/5147,2026-08-02,大阪府,地方公共団体,1
防衛省(MOD) 自衛隊高知地方協力本部,159,,,0,,https://www2.njss.info/organizations/proc/5487,2026-08-02,高知県,国・省庁,0
可茂衛生施設利用組合,159,,,0,,https://www2.njss.info/organizations/proc/8458,2026-08-02,岐阜県,地方公共団体,1
法務省(MOJ) 検察庁 大津地方検察庁,159,,,0,,https://www2.njss.info/organizations/proc/182,2026-08-02,滋賀県,国・省庁,0
大阪市役所 市民局 【［閉鎖］情報公開室】,159,,,0,,https://www2.njss.info/organizations/proc/1807,2026-08-02,大阪府,地方公共団体,1
東京都立病院機構 大塚病院,158,,,0,,https://www2.njss.info/organizations/proc/5912,2026-08-02,東京都,地方公共団体,0
京都府後期高齢者医療広域連合,158,,,0,,https://www2.njss.info/organizations/proc/8932,2026-08-02,京都府,地方公共団体,1
神奈川県立産業技術総合研究所,157,,,0,,https://www2.njss.info/organizations/proc/7996,2026-08-02,神奈川県,地方公共団体,0
厚生労働省(MHLW) 【［閉鎖］福岡社会保険事務局】,157,,,0,,https://www2.njss.info/organizations/proc/622,2026-08-02,福岡県,国・省庁,1
厚生労働省(MHLW) 仙台検疫所,157,,,0,,https://www2.njss.info/organizations/proc/705,2026-08-02,宮城県,国・省庁,0
都市再生機構(UR) 【［閉鎖］首都圏ニュータウン本部】 【［閉鎖］茨城事業部】,157,,,0,,https://www2.njss.info/organizations/proc/4558,2026-08-02,茨城県,国・省庁,1
沖縄県立宮古病院,157,,,0,,https://www2.njss.info/organizations/proc/5907,2026-08-02,沖縄県,地方公共団体,1
古平郡古平町役場,157,,,0,,https://www2.njss.info/organizations/proc/6763,2026-08-02,北海道,地方公共団体,0
南秋田郡八郎潟町役場,157,,,0,,https://www2.njss.info/organizations/proc/6841,2026-08-02,秋田県,地方公共団体,0
倉敷市立市民病院,156,,,0,,https://www2.njss.info/organizations/proc/5178,2026-08-02,岡山県,地方公共団体,1
東津軽郡今別町役場,156,,,0,,https://www2.njss.info/organizations/proc/6822,2026-08-02,青森県,地方公共団体,0
国土交通省(MLIT) 東北地方整備局 宮城南部復興事務所,155,,,0,,https://www2.njss.info/organizations/proc/7819,2026-08-02,宮城県,国・省庁,0
中頭郡西原町役場,155,,,0,,https://www2.njss.info/organizations/proc/5893,2026-08-02,沖縄県,地方公共団体,0
厚生労働省(MHLW) 【［閉鎖］京都社会保険事務局】,155,,,0,,https://www2.njss.info/organizations/proc/637,2026-08-02,京都府,国・省庁,1
明石市立市民病院,155,,,0,,https://www2.njss.info/organizations/proc/5339,2026-08-02,兵庫県,地方公共団体,1
余市郡余市町役場,155,,,0,,https://www2.njss.info/organizations/proc/6012,2026-08-02,北海道,地方公共団体,0
印西地区環境整備事業組合,154,,,0,,https://www2.njss.info/organizations/proc/8338,2026-08-02,千葉県,地方公共団体,1
湯沢雄勝広域市町村圏組合,153,,,0,,https://www2.njss.info/organizations/proc/8072,2026-08-02,秋田県,地方公共団体,1
法務省(MOJ) 検察庁 佐賀地方検察庁,153,,,0,,https://www2.njss.info/organizations/proc/183,2026-08-02,佐賀県,国・省庁,0
日本赤十字社 埼玉県赤十字血液センター,153,,,0,,https://www2.njss.info/organizations/proc/1163,2026-08-02,埼玉県,国・省庁,0
西宮市役所 上下水道局,153,,,0,,https://www2.njss.info/organizations/proc/4355,2026-08-02,兵庫県,地方公共団体,0
長崎市立病院機構 長崎みなとメディカルセンター,153,,,0,,https://www2.njss.info/organizations/proc/5198,2026-08-02,長崎県,地方公共団体,1
国土交通省(MLIT) 九州地方整備局 国営海の中道海浜公園事務所,153,,,0,,https://www2.njss.info/organizations/proc/5286,2026-08-02,福岡県,国・省庁,0
双葉郡葛尾村役場,153,,,0,,https://www2.njss.info/organizations/proc/6890,2026-08-02,福島県,地方公共団体,0
北安曇郡小谷村役場,152,,,0,,https://www2.njss.info/organizations/proc/6984,2026-08-02,長野県,地方公共団体,1
長崎県庁 水産部,152,,,0,,https://www2.njss.info/organizations/proc/7241,2026-08-02,長崎県,地方公共団体,0
千葉県庁 病院局,151,,,0,,https://www2.njss.info/organizations/proc/4238,2026-08-02,千葉県,地方公共団体,0
田村郡小野町役場,151,,,0,,https://www2.njss.info/organizations/proc/6483,2026-08-02,福島県,地方公共団体,0
水資源機構 筑後川局 筑後川下流総合管理所 福岡導水管理所,151,,,0,,https://www2.njss.info/organizations/proc/7862,2026-08-02,福岡県,国・省庁,0
水資源機構 筑後川局 筑後川下流総合管理所 筑後大堰管理室,150,,,0,,https://www2.njss.info/organizations/proc/496,2026-08-02,福岡県,国・省庁,0
八代生活環境事務組合,150,,,0,,https://www2.njss.info/organizations/proc/8824,2026-08-02,熊本県,地方公共団体,1
宗谷郡猿払村役場,150,,,0,,https://www2.njss.info/organizations/proc/6779,2026-08-02,北海道,地方公共団体,0
最上郡金山町役場,150,,,0,,https://www2.njss.info/organizations/proc/6856,2026-08-02,山形県,地方公共団体,0
横浜市役所 市民局,150,,,0,,https://www2.njss.info/organizations/proc/7095,2026-08-02,神奈川県,地方公共団体,0
福島国際研究教育機構(F-REI),149,,,0,,https://www2.njss.info/organizations/proc/9829,2026-08-02,福島県,国・省庁,1
横浜市住宅供給公社,149,,,0,,https://www2.njss.info/organizations/proc/7455,2026-08-02,神奈川県,地方公共団体,1
水資源機構 関西・吉野川支社吉野川本部 吉野川上流総合管理所 香川用水管理所,149,,,0,,https://www2.njss.info/organizations/proc/487,2026-08-02,香川県,国・省庁,0
札幌市立大学,149,,,0,,https://www2.njss.info/organizations/proc/5395,2026-08-02,北海道,国・省庁,0
東部地域広域水道企業団,149,,,0,,https://www2.njss.info/organizations/proc/7413,2026-08-02,山梨県,地方公共団体,1
横浜市役所 泉区役所,148,,,0,,https://www2.njss.info/organizations/proc/7113,2026-08-02,神奈川県,地方公共団体,0
関西広域連合,147,,,0,,https://www2.njss.info/organizations/proc/8506,2026-08-02,大阪府,地方公共団体,1
防衛省(MOD) 自衛隊福島地方協力本部,147,,,0,,https://www2.njss.info/organizations/proc/4505,2026-08-02,福島県,国・省庁,0
本州四国連絡高速道路株式会社 坂出管理センター,146,,,0,,https://www2.njss.info/organizations/proc/2077,2026-08-02,香川県,国・省庁,0
日本赤十字社 嘉麻赤十字病院,146,,,0,,https://www2.njss.info/organizations/proc/1276,2026-08-02,福岡県,国・省庁,0
岡山市立総合医療センター,146,,,0,,https://www2.njss.info/organizations/proc/5175,2026-08-02,岡山県,地方公共団体,1
茨城県立医療大学,146,,,0,,https://www2.njss.info/organizations/proc/5403,2026-08-02,茨城県,国・省庁,0
日本赤十字社 山梨赤十字病院,145,,,0,,https://www2.njss.info/organizations/proc/1236,2026-08-02,山梨県,国・省庁,0
防衛省(MOD) 自衛隊岡山地方協力本部,145,,,0,,https://www2.njss.info/organizations/proc/5481,2026-08-02,岡山県,国・省庁,0
高市郡高取町役場,145,,,0,,https://www2.njss.info/organizations/proc/6545,2026-08-02,奈良県,地方公共団体,0
大沼郡三島町役場,145,,,0,,https://www2.njss.info/organizations/proc/6889,2026-08-02,福島県,地方公共団体,0
法務省(MOJ) 矯正局 広島矯正管区 島根あさひ社会復帰促進センター,144,,,0,,https://www2.njss.info/organizations/proc/4076,2026-08-02,島根県,国・省庁,0
南都留郡西桂町役場,144,,,0,,https://www2.njss.info/organizations/proc/6902,2026-08-02,山梨県,地方公共団体,0
京築地区水道企業団,144,,,0,,https://www2.njss.info/organizations/proc/7393,2026-08-02,福岡県,地方公共団体,1
国立病院機構 北海道東北グループ 西札幌病院,144,,,0,,https://www2.njss.info/organizations/proc/764,2026-08-02,北海道,国・省庁,0
日本赤十字社 徳島赤十字病院,144,,,0,,https://www2.njss.info/organizations/proc/1270,2026-08-02,徳島県,国・省庁,0
横浜市立市民病院,144,,,0,,https://www2.njss.info/organizations/proc/5131,2026-08-02,神奈川県,地方公共団体,1
中頭郡嘉手納町役場,144,,,0,,https://www2.njss.info/organizations/proc/6344,2026-08-02,沖縄県,地方公共団体,0
横浜市役所 財政局,144,,,0,,https://www2.njss.info/organizations/proc/7093,2026-08-02,神奈川県,地方公共団体,0
水資源機構 総合技術センター,144,,,0,,https://www2.njss.info/organizations/proc/9230,2026-08-02,埼玉県,国・省庁,0
香川県観光協会,143,,,0,,https://www2.njss.info/organizations/proc/7732,2026-08-02,香川県,国・省庁,1
環境事業協会,143,,,0,,https://www2.njss.info/organizations/proc/1873,2026-08-02,大阪府,国・省庁,1
国土交通省(MLIT) 九州地方整備局 緑川ダム管理所,143,,,0,,https://www2.njss.info/organizations/proc/5297,2026-08-02,熊本県,国・省庁,0
防衛省(MOD) 海上自衛隊 佐伯基地分遣隊,142,,,0,,https://www2.njss.info/organizations/proc/91,2026-08-02,大分県,国・省庁,0
国土交通省(MLIT) 九州地方整備局 大分河川国道事務所 ダム管理課,142,,,0,,https://www2.njss.info/organizations/proc/5301,2026-08-02,大分県,国・省庁,0
香川県広域水道企業団 【［閉鎖］高松事務所】,142,,,0,,https://www2.njss.info/organizations/proc/7506,2026-08-02,香川県,地方公共団体,1
法務省(MOJ) 検察庁 高松地方検察庁,141,,,0,,https://www2.njss.info/organizations/proc/188,2026-08-02,香川県,国・省庁,0
四條畷市交野市清掃施設組合,141,,,0,,https://www2.njss.info/organizations/proc/8218,2026-08-02,大阪府,地方公共団体,1
防衛省(MOD) 海上自衛隊 奄美基地分遣隊,141,,,0,,https://www2.njss.info/organizations/proc/79,2026-08-02,鹿児島県,国・省庁,0
毛呂山・越生・鳩山公共下水道組合,141,,,0,,https://www2.njss.info/organizations/proc/7323,2026-08-02,埼玉県,地方公共団体,1
恩賜財団 済生会 大阪府済生会 吹田病院,141,,,0,,https://www2.njss.info/organizations/proc/9215,2026-08-02,大阪府,地方公共団体,0
長野県庁 松本空港管理事務所,140,,,0,,https://www2.njss.info/organizations/proc/4284,2026-08-02,長野県,地方公共団体,0
厚生労働省(MHLW) 那覇検疫所,140,,,0,,https://www2.njss.info/organizations/proc/703,2026-08-02,沖縄県,国・省庁,0
日本赤十字社 舞鶴赤十字病院,140,,,0,,https://www2.njss.info/organizations/proc/1254,2026-08-02,京都府,国・省庁,0
日本放送協会(NHK) 松山放送局,140,,,0,,https://www2.njss.info/organizations/proc/4268,2026-08-02,愛媛県,国・省庁,0
広島市社会福祉事業団事務局,140,,,0,,https://www2.njss.info/organizations/proc/4361,2026-08-02,広島県,地方公共団体,1
九戸郡洋野町役場,140,,,0,,https://www2.njss.info/organizations/proc/6392,2026-08-02,岩手県,地方公共団体,0
日本赤十字社 浦河赤十字病院,139,,,0,,https://www2.njss.info/organizations/proc/1206,2026-08-02,北海道,国・省庁,0
日本赤十字社 鹿児島赤十字病院,139,,,0,,https://www2.njss.info/organizations/proc/1283,2026-08-02,鹿児島県,国・省庁,0
日本赤十字社 静岡県支部,138,,,0,,https://www2.njss.info/organizations/proc/1131,2026-08-02,静岡県,国・省庁,0
京都市役所 産業観光局 農林振興室,138,,,0,,https://www2.njss.info/organizations/proc/4192,2026-08-02,京都府,地方公共団体,0
熊本市立植木病院,138,,,0,,https://www2.njss.info/organizations/proc/5203,2026-08-02,熊本県,地方公共団体,1
静岡県立病院機構,138,,,0,,https://www2.njss.info/organizations/proc/5655,2026-08-02,静岡県,地方公共団体,1
中新川郡舟橋村役場,138,,,0,,https://www2.njss.info/organizations/proc/6996,2026-08-02,富山県,地方公共団体,0
うきは久留米環境施設組合,138,,,0,,https://www2.njss.info/organizations/proc/8766,2026-08-02,福岡県,地方公共団体,1
横浜市役所 みどり環境局,137,,,0,,https://www2.njss.info/organizations/proc/7101,2026-08-02,神奈川県,地方公共団体,0
国土交通省(MLIT) 九州地方整備局 佐賀河川事務所,137,,,0,,https://www2.njss.info/organizations/proc/7841,2026-08-02,佐賀県,国・省庁,0
熊毛郡田布施町役場,136,,,0,,https://www2.njss.info/organizations/proc/6527,2026-08-02,山口県,地方公共団体,1
愛媛県立南宇和病院,136,,,0,,https://www2.njss.info/organizations/proc/5790,2026-08-02,愛媛県,地方公共団体,1
東日本高速道路株式会社(NEXCO) 北海道支社,135,,,0,,https://www2.njss.info/organizations/proc/1903,2026-08-02,北海道,国・省庁,0
鹿児島県道路公社,135,,,0,,https://www2.njss.info/organizations/proc/6107,2026-08-02,鹿児島県,地方公共団体,1
横浜市役所 都筑区役所,135,,,0,,https://www2.njss.info/organizations/proc/7117,2026-08-02,神奈川県,地方公共団体,0
横浜市役所 保土ケ谷区役所,135,,,0,,https://www2.njss.info/organizations/proc/7128,2026-08-02,神奈川県,地方公共団体,0
大阪市役所 【［閉鎖］万博推進局】,135,,,0,,https://www2.njss.info/organizations/proc/7864,2026-08-02,大阪府,地方公共団体,1
龍ケ崎地方衛生組合,135,,,0,,https://www2.njss.info/organizations/proc/8098,2026-08-02,茨城県,地方公共団体,1
奈良県立大学,134,,,0,,https://www2.njss.info/organizations/proc/5419,2026-08-02,奈良県,国・省庁,0
東京都立病院機構 広尾病院,134,,,0,,https://www2.njss.info/organizations/proc/5911,2026-08-02,東京都,地方公共団体,0
法務省(MOJ) 検察庁 和歌山地方検察庁,134,,,0,,https://www2.njss.info/organizations/proc/195,2026-08-02,和歌山県,国・省庁,0
加東市民病院,134,,,0,,https://www2.njss.info/organizations/proc/5604,2026-08-02,兵庫県,地方公共団体,1
北海道警察本部 小樽警察署,133,,,0,,https://www2.njss.info/organizations/proc/6942,2026-08-02,北海道,地方公共団体,0
高座清掃施設組合,133,,,0,,https://www2.njss.info/organizations/proc/8104,2026-08-02,神奈川県,地方公共団体,1
耶麻郡西会津町役場,133,,,0,,https://www2.njss.info/organizations/proc/6865,2026-08-02,福島県,地方公共団体,0
福島県庁 保健福祉部 こども未来局,133,,,0,,https://www2.njss.info/organizations/proc/6289,2026-08-02,福島県,地方公共団体,0
防衛省(MOD) 自衛隊栃木地方協力本部,133,,,0,,https://www2.njss.info/organizations/proc/7349,2026-08-02,栃木県,国・省庁,0
京都市住宅供給公社,132,,,0,,https://www2.njss.info/organizations/proc/7463,2026-08-02,京都府,地方公共団体,1
日本赤十字社 岐阜県支部,132,,,0,,https://www2.njss.info/organizations/proc/1130,2026-08-02,岐阜県,国・省庁,0
日本赤十字社 福岡県赤十字血液センター,132,,,0,,https://www2.njss.info/organizations/proc/1191,2026-08-02,福岡県,国・省庁,0
島尻郡渡嘉敷村役場,132,,,0,,https://www2.njss.info/organizations/proc/6645,2026-08-02,沖縄県,地方公共団体,0
横浜市役所 都市整備局,132,,,0,,https://www2.njss.info/organizations/proc/7104,2026-08-02,神奈川県,地方公共団体,0
くまもと県北病院機構,131,,,0,,https://www2.njss.info/organizations/proc/7978,2026-08-02,熊本県,地方公共団体,1
横浜市役所 こども青少年局,131,,,0,,https://www2.njss.info/organizations/proc/7098,2026-08-02,神奈川県,地方公共団体,0
法務省(MOJ) 検察庁 鳥取地方検察庁,131,,,0,,https://www2.njss.info/organizations/proc/191,2026-08-02,鳥取県,国・省庁,0
日本赤十字社 沖縄赤十字病院,131,,,0,,https://www2.njss.info/organizations/proc/1284,2026-08-02,沖縄県,国・省庁,0
静岡県立大学 短期大学部,131,,,0,,https://www2.njss.info/organizations/proc/5456,2026-08-02,静岡県,国・省庁,0
神奈川県川崎競馬組合,130,,,0,,https://www2.njss.info/organizations/proc/8420,2026-08-02,神奈川県,地方公共団体,1
防衛省(MOD) 海上自衛隊 余市防備隊本部,130,,,0,,https://www2.njss.info/organizations/proc/65,2026-08-02,北海道,国・省庁,0
日本赤十字社 神奈川県赤十字血液センター,130,,,0,,https://www2.njss.info/organizations/proc/1166,2026-08-02,神奈川県,国・省庁,0
国土交通省(MLIT) 九州地方整備局 長崎河川国道事務所 【［閉鎖］雲仙復興事務所】,130,,,0,,https://www2.njss.info/organizations/proc/5292,2026-08-02,長崎県,国・省庁,1
神奈川県道路公社,130,,,0,,https://www2.njss.info/organizations/proc/6051,2026-08-02,神奈川県,地方公共団体,1
さんむ医療センター,129,,,0,,https://www2.njss.info/organizations/proc/8018,2026-08-02,千葉県,地方公共団体,1
厚生労働省(MHLW) 【［閉鎖］埼玉社会保険事務局】,129,,,0,,https://www2.njss.info/organizations/proc/649,2026-08-02,埼玉県,国・省庁,1
岡山県西南水道企業団,129,,,0,,https://www2.njss.info/organizations/proc/7492,2026-08-02,岡山県,地方公共団体,1
耶麻郡猪苗代町役場,128,,,0,,https://www2.njss.info/organizations/proc/6427,2026-08-02,福島県,地方公共団体,0
児湯郡木城町役場,128,,,0,,https://www2.njss.info/organizations/proc/6624,2026-08-02,宮崎県,地方公共団体,0
会津若松地方広域市町村圏整備組合,128,,,0,,https://www2.njss.info/organizations/proc/7910,2026-08-02,福島県,地方公共団体,1
北海道後期高齢者医療広域連合,128,,,0,,https://www2.njss.info/organizations/proc/8908,2026-08-02,北海道,地方公共団体,1
労働者健康安全機構 東京産業保健総合支援センター,128,,,0,,https://www2.njss.info/organizations/proc/1506,2026-08-02,東京都,国・省庁,0
広域紋別病院企業団 広域紋別病院,128,,,0,,https://www2.njss.info/organizations/proc/5993,2026-08-02,北海道,地方公共団体,1
日本赤十字社 茨城県支部,127,,,0,,https://www2.njss.info/organizations/proc/1117,2026-08-02,茨城県,国・省庁,0
神奈川県後期高齢者医療広域連合,126,,,0,,https://www2.njss.info/organizations/proc/8242,2026-08-02,神奈川県,地方公共団体,1
栃木県立リハビリテーションセンター,125,,,0,,https://www2.njss.info/organizations/proc/5956,2026-08-02,栃木県,地方公共団体,1
大島町役場,125,,,0,,https://www2.njss.info/organizations/proc/4580,2026-08-02,東京都,地方公共団体,0
北海道警察函館方面本部 函館中央警察署,125,,,0,,https://www2.njss.info/organizations/proc/6952,2026-08-02,北海道,地方公共団体,0
白糠郡白糠町役場,124,,,0,,https://www2.njss.info/organizations/proc/6652,2026-08-02,北海道,地方公共団体,0
上川郡上川町役場,124,,,0,,https://www2.njss.info/organizations/proc/6745,2026-08-02,北海道,地方公共団体,0
横浜市役所 瀬谷区役所,124,,,0,,https://www2.njss.info/organizations/proc/7125,2026-08-02,神奈川県,地方公共団体,0
高知県庁 公営企業局,123,,,0,,https://www2.njss.info/organizations/proc/7752,2026-08-02,高知県,地方公共団体,0
横浜市役所 南区役所,123,,,0,,https://www2.njss.info/organizations/proc/7129,2026-08-02,神奈川県,地方公共団体,0
神戸市民病院機構,122,,,0,,https://www2.njss.info/organizations/proc/7817,2026-08-02,兵庫県,地方公共団体,1
大阪社会医療センター,122,,,0,,https://www2.njss.info/organizations/proc/1875,2026-08-02,大阪府,地方公共団体,1
国土交通省(MLIT) 九州地方整備局 鶴田ダム管理所,122,,,0,,https://www2.njss.info/organizations/proc/5307,2026-08-02,鹿児島県,国・省庁,0
北海道庁 企業局,122,,,0,,https://www2.njss.info/organizations/proc/7423,2026-08-02,北海道,地方公共団体,0
北はりま消防組合,122,,,0,,https://www2.njss.info/organizations/proc/8504,2026-08-02,兵庫県,地方公共団体,1
大阪市博物館機構,121,,,0,,https://www2.njss.info/organizations/proc/7868,2026-08-02,大阪府,地方公共団体,1
森林研究・整備機構 森林総合研究所 林木育種センター 関西育種場,121,,,0,,https://www2.njss.info/organizations/proc/1387,2026-08-02,岡山県,国・省庁,0
農林水産省(MAFF) 植物防疫所 神戸植物防疫所,121,,,0,,https://www2.njss.info/organizations/proc/3914,2026-08-02,兵庫県,国・省庁,0
札幌市役所 保健福祉局 子ども発達支援総合センター,121,,,0,,https://www2.njss.info/organizations/proc/5167,2026-08-02,北海道,地方公共団体,0
下伊那郡阿南町役場,121,,,0,,https://www2.njss.info/organizations/proc/6963,2026-08-02,長野県,地方公共団体,0
山口県産業技術センター,121,,,0,,https://www2.njss.info/organizations/proc/7992,2026-08-02,山口県,地方公共団体,1
日本赤十字社 浜松赤十字病院,120,,,0,,https://www2.njss.info/organizations/proc/1244,2026-08-02,静岡県,国・省庁,0
せとうち観光推進機構,120,,,0,,https://www2.njss.info/organizations/proc/7209,2026-08-02,広島県,国・省庁,1
香取広域市町村圏事務組合,120,,,0,,https://www2.njss.info/organizations/proc/8208,2026-08-02,千葉県,地方公共団体,1
北但行政事務組合,120,,,0,,https://www2.njss.info/organizations/proc/8616,2026-08-02,兵庫県,地方公共団体,1
水資源機構 筑後川局 筑後川上流総合管理所 朝倉ダム総合事業所,120,,,0,,https://www2.njss.info/organizations/proc/9140,2026-08-02,福岡県,国・省庁,0
広島県水道広域連合企業団 廿日市事務所,119,,,0,,https://www2.njss.info/organizations/proc/9128,2026-08-02,広島県,地方公共団体,1
長野県庁 千曲川流域下水道事務所,118,,,0,,https://www2.njss.info/organizations/proc/7767,2026-08-02,長野県,地方公共団体,0
岐阜県地方競馬組合,118,,,0,,https://www2.njss.info/organizations/proc/8702,2026-08-02,岐阜県,地方公共団体,1
総務省(MIC) 公害等調整委員会,118,,,0,,https://www2.njss.info/organizations/proc/383,2026-08-02,東京都,国・省庁,0
労働者健康安全機構 福岡産業保健総合支援センター,118,,,0,,https://www2.njss.info/organizations/proc/1532,2026-08-02,福岡県,国・省庁,0
都市再生機構(UR) 東日本賃貸住宅本部 北多摩住宅管理センター,118,,,0,,https://www2.njss.info/organizations/proc/4520,2026-08-02,東京都,国・省庁,0
東筑摩郡朝日村役場,118,,,0,,https://www2.njss.info/organizations/proc/6979,2026-08-02,長野県,地方公共団体,0
入間東部地区事務組合,118,,,0,,https://www2.njss.info/organizations/proc/8200,2026-08-02,埼玉県,地方公共団体,1
本州四国連絡高速道路株式会社 鳴門管理センター,117,,,0,,https://www2.njss.info/organizations/proc/2075,2026-08-02,徳島県,国・省庁,0
横浜市役所 金沢区役所,117,,,0,,https://www2.njss.info/organizations/proc/7123,2026-08-02,神奈川県,地方公共団体,0
上高井郡高山村役場,117,,,0,,https://www2.njss.info/organizations/proc/6916,2026-08-02,長野県,地方公共団体,0
厚生労働省(MHLW) 【［閉鎖］大阪社会保険事務局】,117,,,0,,https://www2.njss.info/organizations/proc/648,2026-08-02,大阪府,国・省庁,1
厚岸郡浜中町役場,117,,,0,,https://www2.njss.info/organizations/proc/6670,2026-08-02,北海道,地方公共団体,0
南佐久郡小海町役場,117,,,0,,https://www2.njss.info/organizations/proc/6976,2026-08-02,長野県,地方公共団体,0
労働者健康安全機構 神戸労災病院,117,,,0,,https://www2.njss.info/organizations/proc/9142,2026-08-02,兵庫県,国・省庁,0
国土交通省(MLIT) 中国地方整備局 境港湾・空港整備事務所,116,,,0,,https://www2.njss.info/organizations/proc/5258,2026-08-02,鳥取県,国・省庁,0
鳥取県立厚生病院,116,,,0,,https://www2.njss.info/organizations/proc/5749,2026-08-02,鳥取県,地方公共団体,1
埼玉県立病院機構 埼玉県立精神医療センター,116,,,0,,https://www2.njss.info/organizations/proc/5951,2026-08-02,埼玉県,地方公共団体,0
北海道立北見病院,116,,,0,,https://www2.njss.info/organizations/proc/5988,2026-08-02,北海道,地方公共団体,1
上川郡新得町役場,116,,,0,,https://www2.njss.info/organizations/proc/6669,2026-08-02,北海道,地方公共団体,0
東日本高速道路株式会社(NEXCO) 新潟支社,115,,,0,,https://www2.njss.info/organizations/proc/1954,2026-08-02,新潟県,国・省庁,0
長野県立大学,115,,,0,,https://www2.njss.info/organizations/proc/5454,2026-08-02,長野県,国・省庁,0
総務省(MIC) 関東管区行政評価局,115,,,0,,https://www2.njss.info/organizations/proc/377,2026-08-02,埼玉県,国・省庁,0
住宅金融支援機構(JHF) 近畿支店,115,,,0,,https://www2.njss.info/organizations/proc/392,2026-08-02,大阪府,国・省庁,0
厚生労働省(MHLW) 新潟検疫所,115,,,0,,https://www2.njss.info/organizations/proc/714,2026-08-02,新潟県,国・省庁,0
新島村役場,115,,,0,,https://www2.njss.info/organizations/proc/4582,2026-08-02,東京都,地方公共団体,0
東牟婁郡那智勝浦町役場,114,,,0,,https://www2.njss.info/organizations/proc/6265,2026-08-02,和歌山県,地方公共団体,0
下水内郡栄村役場,114,,,0,,https://www2.njss.info/organizations/proc/6988,2026-08-02,長野県,地方公共団体,0
東金九十九里地域医療センター 東千葉メディカルセンター,114,,,0,,https://www2.njss.info/organizations/proc/5930,2026-08-02,千葉県,地方公共団体,1
静岡市立静岡病院,114,,,0,,https://www2.njss.info/organizations/proc/5161,2026-08-02,静岡県,地方公共団体,1
峡南広域行政組合,113,,,0,,https://www2.njss.info/organizations/proc/8516,2026-08-02,山梨県,地方公共団体,1
日本赤十字社 小清水赤十字病院,113,,,0,,https://www2.njss.info/organizations/proc/1207,2026-08-02,北海道,国・省庁,0
北海道警察函館方面本部 函館西警察署,113,,,0,,https://www2.njss.info/organizations/proc/6953,2026-08-02,北海道,地方公共団体,0
土佐郡土佐町役場,113,,,0,,https://www2.njss.info/organizations/proc/7070,2026-08-02,高知県,地方公共団体,0
長崎県庁 教育関係事務所,113,,,0,,https://www2.njss.info/organizations/proc/7261,2026-08-02,長崎県,地方公共団体,0
御殿場市・小山町広域行政組合,113,,,0,,https://www2.njss.info/organizations/proc/8660,2026-08-02,静岡県,地方公共団体,1
国土交通省(MLIT) 中国地方整備局 宇部港湾・空港整備事務所,112,,,0,,https://www2.njss.info/organizations/proc/5280,2026-08-02,山口県,国・省庁,0
愛知県道路公社,112,,,0,,https://www2.njss.info/organizations/proc/6060,2026-08-02,愛知県,地方公共団体,1
都市再生機構(UR) 東日本賃貸住宅本部 東京東住宅管理センター,112,,,0,,https://www2.njss.info/organizations/proc/4519,2026-08-02,東京都,国・省庁,0
都市再生機構(UR) 東日本賃貸住宅本部 東京南住宅管理センター,112,,,0,,https://www2.njss.info/organizations/proc/4523,2026-08-02,東京都,国・省庁,0
三井水道企業団,112,,,0,,https://www2.njss.info/organizations/proc/7390,2026-08-02,福岡県,地方公共団体,1
雨竜郡沼田町役場,111,,,0,,https://www2.njss.info/organizations/proc/6762,2026-08-02,北海道,地方公共団体,0
坂戸・鶴ケ島消防組合,111,,,0,,https://www2.njss.info/organizations/proc/8316,2026-08-02,埼玉県,地方公共団体,1
原子力発電環境整備機構,111,,,0,,https://www2.njss.info/organizations/proc/9782,2026-08-02,東京都,国・省庁,1
関西観光本部,110,,,0,,https://www2.njss.info/organizations/proc/7208,2026-08-02,大阪府,国・省庁,1
南部水道企業団,110,,,0,,https://www2.njss.info/organizations/proc/7381,2026-08-02,沖縄県,地方公共団体,0
水資源機構 利根川上流総合管理所 下久保ダム管理所,110,,,0,,https://www2.njss.info/organizations/proc/466,2026-08-02,埼玉県,国・省庁,0
長野県庁 長野地域振興局,110,,,0,,https://www2.njss.info/organizations/proc/4293,2026-08-02,長野県,地方公共団体,0
福島県庁 企画調整部 文化スポーツ局,110,,,0,,https://www2.njss.info/organizations/proc/6291,2026-08-02,福島県,地方公共団体,0
北海道警察本部 室蘭警察署,110,,,0,,https://www2.njss.info/organizations/proc/6947,2026-08-02,北海道,地方公共団体,0
横浜市役所 経済局,110,,,0,,https://www2.njss.info/organizations/proc/7097,2026-08-02,神奈川県,地方公共団体,0
山陰インバウンド機構,110,,,0,,https://www2.njss.info/organizations/proc/7210,2026-08-02,鳥取県,国・省庁,0
球磨郡球磨村役場,109,,,0,,https://www2.njss.info/organizations/proc/6616,2026-08-02,熊本県,地方公共団体,0
三養基郡上峰町役場,109,,,0,,https://www2.njss.info/organizations/proc/6601,2026-08-02,佐賀県,地方公共団体,0
阿武郡阿武町役場,109,,,0,,https://www2.njss.info/organizations/proc/7049,2026-08-02,山口県,地方公共団体,0
日立・高萩広域下水道組合,109,,,0,,https://www2.njss.info/organizations/proc/7315,2026-08-02,茨城県,地方公共団体,1
千葉県競馬組合,109,,,0,,https://www2.njss.info/organizations/proc/8330,2026-08-02,千葉県,地方公共団体,1
国土交通省(MLIT) 関東地方整備局 長野国道事務所 【［閉鎖］国営アルプスあづみの公園事務所】,108,,,0,,https://www2.njss.info/organizations/proc/1033,2026-08-02,長野県,国・省庁,1
杵藤地区広域市町村圏組合,108,,,0,,https://www2.njss.info/organizations/proc/8786,2026-08-02,佐賀県,地方公共団体,1
島尻郡八重瀬町役場,107,,,0,,https://www2.njss.info/organizations/proc/6124,2026-08-02,沖縄県,地方公共団体,0
日本赤十字社 栗山赤十字病院,107,,,0,,https://www2.njss.info/organizations/proc/1205,2026-08-02,北海道,国・省庁,0
日本赤十字社 鳥取赤十字病院,107,,,0,,https://www2.njss.info/organizations/proc/1262,2026-08-02,鳥取県,国・省庁,0
山辺郡山添村役場,107,,,0,,https://www2.njss.info/organizations/proc/6571,2026-08-02,奈良県,地方公共団体,0
法務省(MOJ) 検察庁 福井地方検察庁,106,,,0,,https://www2.njss.info/organizations/proc/149,2026-08-02,福井県,国・省庁,0
兵庫県立加古川医療センター,106,,,0,,https://www2.njss.info/organizations/proc/5634,2026-08-02,兵庫県,地方公共団体,1
防衛省(MOD) 自衛隊埼玉地方協力本部,106,,,0,,https://www2.njss.info/organizations/proc/7351,2026-08-02,埼玉県,国・省庁,0
比企広域市町村圏組合,106,,,0,,https://www2.njss.info/organizations/proc/8386,2026-08-02,埼玉県,地方公共団体,1
本州四国連絡高速道路株式会社 しまなみ今治管理センター,105,,,0,,https://www2.njss.info/organizations/proc/2079,2026-08-02,愛媛県,国・省庁,0
水資源機構 筑後川局 筑後川下流総合管理所,105,,,0,,https://www2.njss.info/organizations/proc/7860,2026-08-02,福岡県,国・省庁,0
国保中央病院組合,105,,,0,,https://www2.njss.info/organizations/proc/8226,2026-08-02,奈良県,地方公共団体,0
日本赤十字社 広島県支部,105,,,0,,https://www2.njss.info/organizations/proc/1143,2026-08-02,広島県,国・省庁,0
日本赤十字社 安曇野赤十字病院,105,,,0,,https://www2.njss.info/organizations/proc/1238,2026-08-02,長野県,国・省庁,0
水資源機構 関西・吉野川支社淀川本部 丹生事務所,105,,,0,,https://www2.njss.info/organizations/proc/481,2026-08-02,滋賀県,国・省庁,0
日本赤十字社 松山赤十字病院,105,,,0,,https://www2.njss.info/organizations/proc/1272,2026-08-02,愛媛県,国・省庁,0
国土交通省(MLIT) 海上保安庁 第十一管区 石垣海上保安部,105,,,0,,https://www2.njss.info/organizations/proc/1446,2026-08-02,沖縄県,国・省庁,0
全国中小企業団体中央会,105,,,0,,https://www2.njss.info/organizations/proc/1675,2026-08-02,東京都,国・省庁,1
大阪市役所 市政改革室,105,,,0,,https://www2.njss.info/organizations/proc/1808,2026-08-02,大阪府,地方公共団体,0
厚生労働省(MHLW) 国立障害者リハビリテーションセンター 自立支援局福岡視力障害センター,105,,,0,,https://www2.njss.info/organizations/proc/7232,2026-08-02,福岡県,国・省庁,0
日本赤十字社 福岡県支部,104,,,0,,https://www2.njss.info/organizations/proc/1147,2026-08-02,福岡県,国・省庁,0
［閉鎖］宮城県立循環器・呼吸器病センター,104,,,0,,https://www2.njss.info/organizations/proc/5996,2026-08-02,宮城県,地方公共団体,1
農林水産省(MAFF) 林野庁(FA) 関東森林管理局 群馬森林管理署,103,,,0,,https://www2.njss.info/organizations/proc/1405,2026-08-02,群馬県,国・省庁,0
経済産業省(METI) 中部経済産業局 電力・ガス事業北陸支局,103,,,0,,https://www2.njss.info/organizations/proc/760,2026-08-02,富山県,国・省庁,0
日本赤十字社 熊本健康管理センター,103,,,0,,https://www2.njss.info/organizations/proc/1281,2026-08-02,熊本県,国・省庁,0
森林研究・整備機構 森林総合研究所 多摩森林科学園,103,,,0,,https://www2.njss.info/organizations/proc/1384,2026-08-02,東京都,国・省庁,0
福岡県産業・科学技術振興財団〈ふくおかアイスト〉(IST),103,,,0,,https://www2.njss.info/organizations/proc/1877,2026-08-02,福岡県,国・省庁,1
都市再生機構(UR) 東日本賃貸住宅本部 南多摩住宅管理センター,103,,,0,,https://www2.njss.info/organizations/proc/4522,2026-08-02,東京都,国・省庁,0
茨城西南地方広域市町村圏事務組合,103,,,0,,https://www2.njss.info/organizations/proc/8262,2026-08-02,茨城県,地方公共団体,1
農林水産省(MAFF) 林野庁(FA) 四国森林管理局 安芸森林管理署,103,,,0,,https://www2.njss.info/organizations/proc/9158,2026-08-02,高知県,国・省庁,0
森林研究・整備機構 森林総合研究所 九州支所,102,,,0,,https://www2.njss.info/organizations/proc/1383,2026-08-02,熊本県,国・省庁,0
千葉県庁 企業局 【［閉鎖］水道局】,102,,,0,,https://www2.njss.info/organizations/proc/4236,2026-08-02,千葉県,地方公共団体,1
東京マラソン財団,102,,,0,,https://www2.njss.info/organizations/proc/6199,2026-08-02,東京都,国・省庁,1
北海道警察本部 苫小牧警察署,102,,,0,,https://www2.njss.info/organizations/proc/6948,2026-08-02,北海道,地方公共団体,0
大阪市役所 都市交通局,102,,,0,,https://www2.njss.info/organizations/proc/7300,2026-08-02,大阪府,地方公共団体,0
ツーリズムおおいた,102,,,0,,https://www2.njss.info/organizations/proc/7616,2026-08-02,大分県,国・省庁,1
岩手県立中部病院,101,,,0,,https://www2.njss.info/organizations/proc/5979,2026-08-02,岩手県,地方公共団体,1
河東郡上士幌町役場,101,,,0,,https://www2.njss.info/organizations/proc/6736,2026-08-02,北海道,地方公共団体,0
株式会社日本政策投資銀行,101,,,0,,https://www2.njss.info/organizations/proc/9434,2026-08-02,東京都,地方公共団体,0
厚生労働省(MHLW) 【［閉鎖］長野社会保険事務局】,101,,,0,,https://www2.njss.info/organizations/proc/641,2026-08-02,長野県,国・省庁,1
雨竜郡秩父別町役場,101,,,0,,https://www2.njss.info/organizations/proc/6781,2026-08-02,北海道,地方公共団体,0
国頭郡大宜味村役場,100,,,0,,https://www2.njss.info/organizations/proc/6636,2026-08-02,沖縄県,地方公共団体,0
茨城租税債権管理機構,100,,,0,,https://www2.njss.info/organizations/proc/8292,2026-08-02,茨城県,地方公共団体,1
農林水産省(MAFF) 林野庁(FA) 関東森林管理局 利根沼田森林管理署,99,,,0,,https://www2.njss.info/organizations/proc/1406,2026-08-02,群馬県,国・省庁,0
長野県庁 南信州地域振興局,99,,,0,,https://www2.njss.info/organizations/proc/4289,2026-08-02,長野県,地方公共団体,0
総務省(MIC) 近畿管区行政評価局,99,,,0,,https://www2.njss.info/organizations/proc/379,2026-08-02,大阪府,国・省庁,0
日本血液製剤機構(JBPO),99,,,0,,https://www2.njss.info/organizations/proc/1199,2026-08-02,北海道,国・省庁,1
農林水産省(MAFF) 林野庁(FA) 関東森林管理局 静岡森林管理署,99,,,0,,https://www2.njss.info/organizations/proc/1416,2026-08-02,静岡県,国・省庁,0
労働者健康安全機構 広島産業保健総合支援センター,99,,,0,,https://www2.njss.info/organizations/proc/1526,2026-08-02,広島県,国・省庁,0
長野県庁 松本地域振興局,99,,,0,,https://www2.njss.info/organizations/proc/4291,2026-08-02,長野県,地方公共団体,0
福岡市立病院機構,99,,,0,,https://www2.njss.info/organizations/proc/4600,2026-08-02,福岡県,地方公共団体,1
秦野市伊勢原市環境衛生組合,99,,,0,,https://www2.njss.info/organizations/proc/8846,2026-08-02,神奈川県,地方公共団体,1
福岡県立大学,98,,,0,,https://www2.njss.info/organizations/proc/5429,2026-08-02,福岡県,国・省庁,0
総務省(MIC) 九州管区行政評価局,98,,,0,,https://www2.njss.info/organizations/proc/381,2026-08-02,福岡県,国・省庁,0
日本赤十字社 宮城県支部,98,,,0,,https://www2.njss.info/organizations/proc/1113,2026-08-02,宮城県,国・省庁,0
都市再生機構(UR) 東日本賃貸住宅本部 東京北住宅管理センター,97,,,0,,https://www2.njss.info/organizations/proc/4521,2026-08-02,東京都,国・省庁,0
日本赤十字社 諏訪赤十字病院,97,,,0,,https://www2.njss.info/organizations/proc/6431,2026-08-02,長野県,国・省庁,0
北海道警察釧路方面本部 帯広警察署,97,,,0,,https://www2.njss.info/organizations/proc/7031,2026-08-02,北海道,地方公共団体,0
和歌山県後期高齢者医療広域連合,97,,,0,,https://www2.njss.info/organizations/proc/8934,2026-08-02,和歌山県,地方公共団体,1
国土交通省(MLIT) 中国地方整備局 宇野港湾事務所,96,,,0,,https://www2.njss.info/organizations/proc/5266,2026-08-02,岡山県,国・省庁,0
草加市立病院,96,,,0,,https://www2.njss.info/organizations/proc/5315,2026-08-02,埼玉県,地方公共団体,1
岩手県立大船渡病院,96,,,0,,https://www2.njss.info/organizations/proc/5969,2026-08-02,岩手県,地方公共団体,1
労働者健康安全機構 宮城産業保健総合支援センター,96,,,0,,https://www2.njss.info/organizations/proc/1497,2026-08-02,宮城県,国・省庁,0
苫前郡羽幌町役場,96,,,0,,https://www2.njss.info/organizations/proc/6660,2026-08-02,北海道,地方公共団体,0
香川県広域水道企業団 【［閉鎖］観音寺事務所】,96,,,0,,https://www2.njss.info/organizations/proc/7515,2026-08-02,香川県,地方公共団体,1
神奈川県住宅供給公社,95,,,0,,https://www2.njss.info/organizations/proc/7454,2026-08-02,神奈川県,地方公共団体,0
地方公務員災害補償基金,95,,,0,,https://www2.njss.info/organizations/proc/1285,2026-08-02,東京都,国・省庁,1
千葉県庁 教育委員会,95,,,0,,https://www2.njss.info/organizations/proc/4239,2026-08-02,千葉県,地方公共団体,0
防衛省(MOD) 自衛隊徳島地方協力本部,95,,,0,,https://www2.njss.info/organizations/proc/5484,2026-08-02,徳島県,国・省庁,0
長野県立こども病院,95,,,0,,https://www2.njss.info/organizations/proc/5716,2026-08-02,長野県,地方公共団体,1
東白川郡矢祭町役場,95,,,0,,https://www2.njss.info/organizations/proc/6867,2026-08-02,福島県,地方公共団体,0
香川県広域水道企業団 【［閉鎖］丸亀事務所】,95,,,0,,https://www2.njss.info/organizations/proc/7510,2026-08-02,香川県,地方公共団体,1
国土交通省(MLIT) 関東地方整備局 荒川調節池工事事務所,95,,,0,,https://www2.njss.info/organizations/proc/7823,2026-08-02,埼玉県,国・省庁,0
株式会社みずむすびマネジメントみやぎ,95,,,0,,https://www2.njss.info/organizations/proc/9192,2026-08-02,宮城県,地方公共団体,1
地方税共同機構,94,,,0,,https://www2.njss.info/organizations/proc/7874,2026-08-02,東京都,地方公共団体,1
情報・システム研究機構 統計数理研究所(ISM),94,,,0,,https://www2.njss.info/organizations/proc/4449,2026-08-02,東京都,国・省庁,1
長野県庁 犀川安曇野流域下水道事務所,94,,,0,,https://www2.njss.info/organizations/proc/7519,2026-08-02,長野県,地方公共団体,0
和歌山地方税回収機構,94,,,0,,https://www2.njss.info/organizations/proc/8498,2026-08-02,和歌山県,地方公共団体,1
厚生労働省(MHLW) 【［閉鎖］神奈川社会保険事務局】,94,,,0,,https://www2.njss.info/organizations/proc/634,2026-08-02,神奈川県,国・省庁,1
日本赤十字社 相模原赤十字病院,94,,,0,,https://www2.njss.info/organizations/proc/1231,2026-08-02,神奈川県,国・省庁,0
沖縄県立看護大学,94,,,0,,https://www2.njss.info/organizations/proc/4474,2026-08-02,沖縄県,国・省庁,0
西村山郡西川町役場,94,,,0,,https://www2.njss.info/organizations/proc/6857,2026-08-02,山形県,地方公共団体,0
富山県立中央病院,94,,,0,,https://www2.njss.info/organizations/proc/7341,2026-08-02,富山県,地方公共団体,1
水資源機構 中部支社,93,,,0,,https://www2.njss.info/organizations/proc/469,2026-08-02,愛知県,国・省庁,0
奈良県立病院機構 奈良県総合リハビリテーションセンター,93,,,0,,https://www2.njss.info/organizations/proc/5746,2026-08-02,奈良県,地方公共団体,1
厚生労働省(MHLW) 【［閉鎖］宮城社会保険事務局】,93,,,0,,https://www2.njss.info/organizations/proc/639,2026-08-02,宮城県,国・省庁,1
環境省(MOE) 原子力規制委員会 【［閉鎖］原子力安全・保安院】,93,,,0,,https://www2.njss.info/organizations/proc/1108,2026-08-02,東京都,国・省庁,1
横浜市役所 神奈川区役所,93,,,0,,https://www2.njss.info/organizations/proc/7114,2026-08-02,神奈川県,地方公共団体,0
長幌上水道企業団,93,,,0,,https://www2.njss.info/organizations/proc/7395,2026-08-02,北海道,地方公共団体,1
備南水道企業団,93,,,0,,https://www2.njss.info/organizations/proc/7490,2026-08-02,岡山県,地方公共団体,1
日向東臼杵広域連合,93,,,0,,https://www2.njss.info/organizations/proc/8252,2026-08-02,宮崎県,地方公共団体,1
兵庫県後期高齢者医療広域連合,93,,,0,,https://www2.njss.info/organizations/proc/9084,2026-08-02,兵庫県,地方公共団体,1
海部郡牟岐町役場,92,,,0,,https://www2.njss.info/organizations/proc/7055,2026-08-02,徳島県,地方公共団体,0
勇払郡厚真町役場,92,,,0,,https://www2.njss.info/organizations/proc/6739,2026-08-02,北海道,地方公共団体,1
新潟県立大学,92,,,0,,https://www2.njss.info/organizations/proc/4485,2026-08-02,新潟県,国・省庁,0
下閉伊郡田野畑村役場,92,,,0,,https://www2.njss.info/organizations/proc/6833,2026-08-02,岩手県,地方公共団体,0
埼玉県後期高齢者医療広域連合,91,,,0,,https://www2.njss.info/organizations/proc/8918,2026-08-02,埼玉県,地方公共団体,1
農林水産省(MAFF) 林野庁(FA) 四国森林管理局 嶺北森林管理署,91,,,0,,https://www2.njss.info/organizations/proc/9154,2026-08-02,高知県,国・省庁,0
厚生労働省(MHLW) 【［閉鎖］山形社会保険事務局】,91,,,0,,https://www2.njss.info/organizations/proc/659,2026-08-02,山形県,国・省庁,1
北海道警察本部 滝川警察署,91,,,0,,https://www2.njss.info/organizations/proc/6939,2026-08-02,北海道,地方公共団体,0
横浜市役所 政策経営局,91,,,0,,https://www2.njss.info/organizations/proc/7091,2026-08-02,神奈川県,地方公共団体,0
香川県広域水道企業団 【［閉鎖］三豊事務所】,91,,,0,,https://www2.njss.info/organizations/proc/7516,2026-08-02,香川県,地方公共団体,1
長崎県庁 地域振興部,91,,,0,,https://www2.njss.info/organizations/proc/7760,2026-08-02,長崎県,地方公共団体,0
国立重度知的障害者総合施設のぞみの園,91,,,0,,https://www2.njss.info/organizations/proc/7972,2026-08-02,群馬県,国・省庁,0
五泉地域衛生施設組合,91,,,0,,https://www2.njss.info/organizations/proc/8424,2026-08-02,新潟県,地方公共団体,1
最高裁判所 札幌高等裁判所,90,,,0,,https://www2.njss.info/organizations/proc/3975,2026-08-02,北海道,国・省庁,0
東京都教育支援機構,90,,,0,,https://www2.njss.info/organizations/proc/9788,2026-08-02,東京都,地方公共団体,1
厚生労働省(MHLW) 【［閉鎖］山梨社会保険事務局】,90,,,0,,https://www2.njss.info/organizations/proc/661,2026-08-02,山梨県,国・省庁,1
森林研究・整備機構 森林総合研究所 林木育種センター 東北育種場,90,,,0,,https://www2.njss.info/organizations/proc/1386,2026-08-02,岩手県,国・省庁,0
労働者健康安全機構 香川産業保健総合支援センター,90,,,0,,https://www2.njss.info/organizations/proc/1529,2026-08-02,香川県,国・省庁,0
肝属郡肝付町役場,90,,,0,,https://www2.njss.info/organizations/proc/6333,2026-08-02,鹿児島県,地方公共団体,0
農林水産省(MAFF) 林野庁(FA) 関東森林管理局 日光森林管理署,89,,,0,,https://www2.njss.info/organizations/proc/1403,2026-08-02,栃木県,国・省庁,0
高梁地域事務組合,89,,,0,,https://www2.njss.info/organizations/proc/9544,2026-08-02,岡山県,地方公共団体,1
住宅金融支援機構(JHF) 九州支店,89,,,0,,https://www2.njss.info/organizations/proc/396,2026-08-02,福岡県,国・省庁,0
日本赤十字社 群馬県赤十字血液センター,89,,,0,,https://www2.njss.info/organizations/proc/1162,2026-08-02,群馬県,国・省庁,0
岩手県立胆沢病院,89,,,0,,https://www2.njss.info/organizations/proc/5972,2026-08-02,岩手県,地方公共団体,1
斐川宍道水道企業団,89,,,0,,https://www2.njss.info/organizations/proc/7495,2026-08-02,島根県,地方公共団体,1
石狩湾新港管理組合,89,,,0,,https://www2.njss.info/organizations/proc/8026,2026-08-02,北海道,地方公共団体,1
恩賜財団 済生会 神奈川県済生会 横浜市南部病院,89,,,0,,https://www2.njss.info/organizations/proc/9056,2026-08-02,神奈川県,地方公共団体,0
恩賜財団 済生会 福岡県済生会 二日市病院,89,,,0,,https://www2.njss.info/organizations/proc/9098,2026-08-02,福岡県,地方公共団体,0
奈良県立病院機構,88,,,0,,https://www2.njss.info/organizations/proc/5743,2026-08-02,奈良県,地方公共団体,1
森林研究・整備機構 森林総合研究所 東北支所,88,,,0,,https://www2.njss.info/organizations/proc/1380,2026-08-02,岩手県,国・省庁,0
本州四国連絡高速道路株式会社 しまなみ尾道管理センター,88,,,0,,https://www2.njss.info/organizations/proc/2078,2026-08-02,広島県,国・省庁,0
大和市立病院,88,,,0,,https://www2.njss.info/organizations/proc/5318,2026-08-02,神奈川県,地方公共団体,1
福岡女子大学,88,,,0,,https://www2.njss.info/organizations/proc/5430,2026-08-02,福岡県,国・省庁,0
静岡県立こころの医療センター,88,,,0,,https://www2.njss.info/organizations/proc/5657,2026-08-02,静岡県,地方公共団体,1
［閉鎖］君津広域水道企業団,88,,,0,,https://www2.njss.info/organizations/proc/7333,2026-08-02,千葉県,地方公共団体,1
厚生労働省(MHLW) 【［閉鎖］愛知社会保険事務局】,87,,,0,,https://www2.njss.info/organizations/proc/616,2026-08-02,愛知県,国・省庁,1
厚生労働省(MHLW) 【［閉鎖］島根社会保険事務局】,87,,,0,,https://www2.njss.info/organizations/proc/651,2026-08-02,島根県,国・省庁,1
国土交通省(MLIT) 東北地方整備局 能代河川国道事務所 【［閉鎖］森吉山ダム工事事務所】,87,,,0,,https://www2.njss.info/organizations/proc/1062,2026-08-02,秋田県,国・省庁,1
高齢・障害・求職者雇用支援機構 千葉支部 千葉職業能力開発促進センター高度訓練センター,87,,,0,,https://www2.njss.info/organizations/proc/5804,2026-08-02,千葉県,国・省庁,0
名古屋観光コンベンションビューロー,87,,,0,,https://www2.njss.info/organizations/proc/7608,2026-08-02,愛知県,国・省庁,1
日本赤十字社 三原赤十字病院,86,,,0,,https://www2.njss.info/organizations/proc/1267,2026-08-02,広島県,国・省庁,0
岩手県立磐井病院,86,,,0,,https://www2.njss.info/organizations/proc/5973,2026-08-02,岩手県,地方公共団体,1
本巣郡北方町役場,86,,,0,,https://www2.njss.info/organizations/proc/6272,2026-08-02,岐阜県,地方公共団体,0
長岡郡本山町役場,86,,,0,,https://www2.njss.info/organizations/proc/7071,2026-08-02,高知県,地方公共団体,0
高知県庁 水産振興部,86,,,0,,https://www2.njss.info/organizations/proc/7749,2026-08-02,高知県,地方公共団体,0
岩手県立二戸病院,85,,,0,,https://www2.njss.info/organizations/proc/5980,2026-08-02,岩手県,地方公共団体,1
高知県競馬組合,85,,,0,,https://www2.njss.info/organizations/proc/8754,2026-08-02,高知県,地方公共団体,1
恩賜財団 済生会 茨城県済生会 龍ケ崎済生会病院,85,,,0,,https://www2.njss.info/organizations/proc/9070,2026-08-02,茨城県,地方公共団体,0
水資源機構 【［閉鎖］武蔵水路改築建設所】,85,,,0,,https://www2.njss.info/organizations/proc/462,2026-08-02,埼玉県,国・省庁,1
厚生労働省(MHLW) 【［閉鎖］滋賀社会保険事務局】,85,,,0,,https://www2.njss.info/organizations/proc/650,2026-08-02,滋賀県,国・省庁,1
長野県庁 上伊那地域振興局,85,,,0,,https://www2.njss.info/organizations/proc/4288,2026-08-02,長野県,地方公共団体,0
日本赤十字社 秦野赤十字病院,85,,,0,,https://www2.njss.info/organizations/proc/6430,2026-08-02,神奈川県,国・省庁,0
東北観光推進機構,85,,,0,,https://www2.njss.info/organizations/proc/7206,2026-08-02,宮城県,国・省庁,0
長崎県庁 その他の福祉関係機関,85,,,0,,https://www2.njss.info/organizations/proc/7257,2026-08-02,長崎県,その他,0
津軽広域連合,85,,,0,,https://www2.njss.info/organizations/proc/8244,2026-08-02,青森県,地方公共団体,0
渋川地区広域市町村圏振興整備組合,85,,,0,,https://www2.njss.info/organizations/proc/8296,2026-08-02,群馬県,地方公共団体,1
群馬県建設技術センター,85,,,0,,https://www2.njss.info/organizations/proc/9102,2026-08-02,群馬県,地方公共団体,0
GovTech東京,84,,,0,,https://www2.njss.info/organizations/proc/9233,2026-08-02,東京都,地方公共団体,1
最高裁判所 名古屋高等裁判所,84,,,0,,https://www2.njss.info/organizations/proc/3947,2026-08-02,愛知県,国・省庁,0
隠岐郡海士町役場,84,,,0,,https://www2.njss.info/organizations/proc/7010,2026-08-02,島根県,地方公共団体,0
国土交通省(MLIT) 関東地方整備局 久慈川緊急治水対策河川事務所,84,,,0,,https://www2.njss.info/organizations/proc/7821,2026-08-02,茨城県,国・省庁,0
空港周辺整備機構 【［閉鎖］大阪国際空港事業本部】,84,,,0,,https://www2.njss.info/organizations/proc/452,2026-08-02,大阪府,国・省庁,1
厚生労働省(MHLW) 国立障害者リハビリテーションセンター 【［閉鎖］国立伊東重度障害者センター】,84,,,0,,https://www2.njss.info/organizations/proc/678,2026-08-02,静岡県,国・省庁,1
長野県庁 諏訪地域振興局,84,,,0,,https://www2.njss.info/organizations/proc/4287,2026-08-02,長野県,地方公共団体,0
長崎県庁 壱岐振興局,84,,,0,,https://www2.njss.info/organizations/proc/7254,2026-08-02,長崎県,地方公共団体,0
大阪観光局,84,,,0,,https://www2.njss.info/organizations/proc/7602,2026-08-02,大阪府,国・省庁,1
印旛郡市広域市町村圏事務組合,84,,,0,,https://www2.njss.info/organizations/proc/8412,2026-08-02,千葉県,地方公共団体,1
広島県下水道公社,83,,,0,,https://www2.njss.info/organizations/proc/9437,2026-08-02,広島県,地方公共団体,1
公立八女総合病院企業団,83,,,0,,https://www2.njss.info/organizations/proc/8492,2026-08-02,福岡県,地方公共団体,1
水資源機構 関西・吉野川支社吉野川本部,83,,,0,,https://www2.njss.info/organizations/proc/486,2026-08-02,香川県,国・省庁,0
日本赤十字社 今津赤十字病院,83,,,0,,https://www2.njss.info/organizations/proc/1275,2026-08-02,福岡県,国・省庁,0
志太広域事務組合,83,,,0,,https://www2.njss.info/organizations/proc/8662,2026-08-02,静岡県,地方公共団体,1
島尻郡座間味村役場,82,,,0,,https://www2.njss.info/organizations/proc/6643,2026-08-02,沖縄県,地方公共団体,0
農林水産省(MAFF) 林野庁(FA) 関東森林管理局 天竜森林管理署,82,,,0,,https://www2.njss.info/organizations/proc/1417,2026-08-02,静岡県,国・省庁,0
一宮市立市民病院,82,,,0,,https://www2.njss.info/organizations/proc/5333,2026-08-02,愛知県,地方公共団体,1
岐阜県立下呂温泉病院,82,,,0,,https://www2.njss.info/organizations/proc/5643,2026-08-02,岐阜県,地方公共団体,1
厚生労働省(MHLW) 【［閉鎖］千葉社会保険事務局】,82,,,0,,https://www2.njss.info/organizations/proc/619,2026-08-02,千葉県,国・省庁,1
日本赤十字社 福島県赤十字血液センター,82,,,0,,https://www2.njss.info/organizations/proc/1159,2026-08-02,福島県,国・省庁,0
北海道旅客鉄道〈JR北海道〉,82,,,0,,https://www2.njss.info/organizations/proc/6399,2026-08-02,北海道,国・省庁,0
砺波広域圏事務組合,81,,,0,,https://www2.njss.info/organizations/proc/8358,2026-08-02,富山県,地方公共団体,1
山口県観光連盟,81,,,0,,https://www2.njss.info/organizations/proc/7654,2026-08-02,山口県,国・省庁,1
守口市門真市消防組合,81,,,0,,https://www2.njss.info/organizations/proc/9811,2026-08-02,大阪府,地方公共団体,1
法務省(MOJ) 矯正局 喜連川社会復帰促進センター,81,,,0,,https://www2.njss.info/organizations/proc/4074,2026-08-02,栃木県,国・省庁,0
京都府立洛南病院,81,,,0,,https://www2.njss.info/organizations/proc/5724,2026-08-02,京都府,地方公共団体,1
国頭郡国頭村役場,81,,,0,,https://www2.njss.info/organizations/proc/6633,2026-08-02,沖縄県,地方公共団体,0
塩谷広域行政組合,81,,,0,,https://www2.njss.info/organizations/proc/8198,2026-08-02,栃木県,地方公共団体,1
厚生労働省(MHLW) 【［閉鎖］愛媛社会保険事務局】,81,,,0,,https://www2.njss.info/organizations/proc/620,2026-08-02,愛媛県,国・省庁,1
厚生労働省(MHLW) 【［閉鎖］広島社会保険事務局】,81,,,0,,https://www2.njss.info/organizations/proc/626,2026-08-02,広島県,国・省庁,1
厚生労働省(MHLW) 【［閉鎖］岡山社会保険事務局】,81,,,0,,https://www2.njss.info/organizations/proc/646,2026-08-02,岡山県,国・省庁,1
広島市産業振興センター,81,,,0,,https://www2.njss.info/organizations/proc/4363,2026-08-02,広島県,地方公共団体,1
国土交通省(MLIT) 中国地方整備局 松江国道事務所,81,,,0,,https://www2.njss.info/organizations/proc/5259,2026-08-02,島根県,国・省庁,0
徳島県立海部病院,81,,,0,,https://www2.njss.info/organizations/proc/5783,2026-08-02,徳島県,地方公共団体,1
児湯郡西米良村役場,81,,,0,,https://www2.njss.info/organizations/proc/6629,2026-08-02,宮崎県,地方公共団体,0
南牟婁郡御浜町役場,81,,,0,,https://www2.njss.info/organizations/proc/6699,2026-08-02,三重県,地方公共団体,0
北海道警察本部 中央警察署,81,,,0,,https://www2.njss.info/organizations/proc/6924,2026-08-02,北海道,地方公共団体,0
三戸地区環境整備事務組合,81,,,0,,https://www2.njss.info/organizations/proc/8034,2026-08-02,青森県,地方公共団体,1
能代山本広域市町村圏組合,81,,,0,,https://www2.njss.info/organizations/proc/8076,2026-08-02,秋田県,地方公共団体,1
2027年国際園芸博覧会協会,80,,,0,,https://www2.njss.info/organizations/proc/9790,2026-08-02,神奈川県,地方公共団体,1
国土交通省(MLIT) 中国地方整備局 岡山河川事務所,80,,,0,,https://www2.njss.info/organizations/proc/5262,2026-08-02,岡山県,国・省庁,0
日本電信電話株式会社〈NTT〉,80,,,0,,https://www2.njss.info/organizations/proc/1301,2026-08-02,東京都,国・省庁,0
北海道警察旭川方面本部 稚内警察署,80,,,0,,https://www2.njss.info/organizations/proc/7018,2026-08-02,北海道,地方公共団体,0
北九州市立病院機構,80,,,0,,https://www2.njss.info/organizations/proc/7815,2026-08-02,福岡県,地方公共団体,0
鳥取県東部広域行政管理組合,80,,,0,,https://www2.njss.info/organizations/proc/8664,2026-08-02,鳥取県,地方公共団体,1
阿蘇広域行政事務組合,80,,,0,,https://www2.njss.info/organizations/proc/8826,2026-08-02,熊本県,地方公共団体,1
国土交通省(MLIT) 中国地方整備局 広島港湾空港技術調査事務所,79,,,0,,https://www2.njss.info/organizations/proc/5271,2026-08-02,広島県,国・省庁,0
法務省(MOJ) 関東地方更生保護委員会,79,,,0,,https://www2.njss.info/organizations/proc/4078,2026-08-02,埼玉県,国・省庁,0
愛媛県立中央病院,79,,,0,,https://www2.njss.info/organizations/proc/5788,2026-08-02,愛媛県,地方公共団体,1
峡東地域広域水道企業団,79,,,0,,https://www2.njss.info/organizations/proc/7412,2026-08-02,山梨県,地方公共団体,1
中頭郡北谷町役場,78,,,0,,https://www2.njss.info/organizations/proc/6123,2026-08-02,沖縄県,地方公共団体,0
東京都立病院機構 神経病院,78,,,0,,https://www2.njss.info/organizations/proc/5917,2026-08-02,東京都,地方公共団体,0
北村山郡大石田町役場,78,,,0,,https://www2.njss.info/organizations/proc/6852,2026-08-02,山形県,地方公共団体,0
日本医療機能評価機構(JCQHC),78,,,0,,https://www2.njss.info/organizations/proc/1096,2026-08-02,東京都,国・省庁,1
日本赤十字社 青森県支部,78,,,0,,https://www2.njss.info/organizations/proc/1111,2026-08-02,青森県,国・省庁,0
森林研究・整備機構 森林総合研究所 林木育種センター 北海道育種場,78,,,0,,https://www2.njss.info/organizations/proc/1385,2026-08-02,北海道,国・省庁,0
都市再生機構(UR) 西日本支社 【［閉鎖］関西文化学術研究都市事業本部】,78,,,0,,https://www2.njss.info/organizations/proc/5056,2026-08-02,京都府,国・省庁,1
広島県道路公社,78,,,0,,https://www2.njss.info/organizations/proc/6151,2026-08-02,広島県,地方公共団体,1
生駒郡安堵町役場,78,,,0,,https://www2.njss.info/organizations/proc/6569,2026-08-02,奈良県,地方公共団体,0
横浜市役所 医療局,78,,,0,,https://www2.njss.info/organizations/proc/7100,2026-08-02,神奈川県,地方公共団体,0
峡北地域広域水道企業団,78,,,0,,https://www2.njss.info/organizations/proc/7411,2026-08-02,山梨県,地方公共団体,1
京都地方税機構,78,,,0,,https://www2.njss.info/organizations/proc/8988,2026-08-02,京都府,地方公共団体,1
虻田郡倶知安町役場,77,,,0,,https://www2.njss.info/organizations/proc/6359,2026-08-02,北海道,地方公共団体,0
農林水産省(MAFF) 林野庁(FA) 関東森林管理局 茨城森林管理署,77,,,0,,https://www2.njss.info/organizations/proc/1402,2026-08-02,茨城県,国・省庁,0
防衛省(MOD) 航空自衛隊 佐渡分屯基地 第46警戒隊,77,,,0,,https://www2.njss.info/organizations/proc/4046,2026-08-02,新潟県,国・省庁,0
新潟県立加茂病院,77,,,0,,https://www2.njss.info/organizations/proc/5668,2026-08-02,新潟県,地方公共団体,1
中川郡豊頃町役場,77,,,0,,https://www2.njss.info/organizations/proc/6769,2026-08-02,北海道,地方公共団体,0
長崎県庁 危機管理部,77,,,0,,https://www2.njss.info/organizations/proc/7233,2026-08-02,長崎県,地方公共団体,0
北空知広域水道企業団,77,,,0,,https://www2.njss.info/organizations/proc/7399,2026-08-02,北海道,地方公共団体,1
にしはりま環境事務組合,77,,,0,,https://www2.njss.info/organizations/proc/7930,2026-08-02,兵庫県,地方公共団体,1
上尾、桶川、伊奈衛生組合,77,,,0,,https://www2.njss.info/organizations/proc/8302,2026-08-02,埼玉県,地方公共団体,1
中播衛生施設事務組合,77,,,0,,https://www2.njss.info/organizations/proc/8714,2026-08-02,兵庫県,地方公共団体,1
労働者健康安全機構 熊本労災看護専門学校,76,,,0,,https://www2.njss.info/organizations/proc/1562,2026-08-02,熊本県,国・省庁,0
長野県庁 佐久地域振興局,76,,,0,,https://www2.njss.info/organizations/proc/4285,2026-08-02,長野県,地方公共団体,0
国土交通省(MLIT) 中国地方整備局 浜田河川国道事務所,76,,,0,,https://www2.njss.info/organizations/proc/5260,2026-08-02,島根県,国・省庁,0
秋田県立療育機構,76,,,0,,https://www2.njss.info/organizations/proc/7994,2026-08-02,秋田県,地方公共団体,1
茨城県後期高齢者医療広域連合,76,,,0,,https://www2.njss.info/organizations/proc/8238,2026-08-02,茨城県,地方公共団体,1
甘木・朝倉・三井環境施設組合,76,,,0,,https://www2.njss.info/organizations/proc/8776,2026-08-02,福岡県,地方公共団体,1
千葉県後期高齢者医療広域連合,76,,,0,,https://www2.njss.info/organizations/proc/8906,2026-08-02,千葉県,地方公共団体,1
農林水産省(MAFF) 林野庁(FA) 関東森林管理局 磐城森林管理署,75,,,0,,https://www2.njss.info/organizations/proc/1400,2026-08-02,福島県,国・省庁,0
東京都立豊島病院,75,,,0,,https://www2.njss.info/organizations/proc/9274,2026-08-02,東京都,地方公共団体,1
東京都職員共済組合,75,,,0,,https://www2.njss.info/organizations/proc/6869,2026-08-02,東京都,国・省庁,1
農林水産省(MAFF) 林野庁(FA) 関東森林管理局 棚倉森林管理署,75,,,0,,https://www2.njss.info/organizations/proc/1401,2026-08-02,福島県,国・省庁,0
労働者健康安全機構 横浜労災看護専門学校,75,,,0,,https://www2.njss.info/organizations/proc/1557,2026-08-02,神奈川県,国・省庁,0
岐阜県立看護大学,75,,,0,,https://www2.njss.info/organizations/proc/5410,2026-08-02,岐阜県,国・省庁,0
電力広域的運営推進機関,74,,,0,,https://www2.njss.info/organizations/proc/9812,2026-08-02,東京都,国・省庁,1
肝属郡南大隅町役場,74,,,0,,https://www2.njss.info/organizations/proc/6713,2026-08-02,鹿児島県,地方公共団体,0
沖縄県立芸術大学,74,,,0,,https://www2.njss.info/organizations/proc/4473,2026-08-02,沖縄県,国・省庁,0
神奈川県総合リハビリテーションセンター,74,,,0,,https://www2.njss.info/organizations/proc/5922,2026-08-02,神奈川県,地方公共団体,1
法務省(MOJ) 検察庁 最高検察庁,74,,,0,,https://www2.njss.info/organizations/proc/144,2026-08-02,東京都,国・省庁,0
総務省(MIC) 中国四国管区行政評価局,74,,,0,,https://www2.njss.info/organizations/proc/376,2026-08-02,広島県,国・省庁,0
日本赤十字社 大阪府赤十字血液センター,74,,,0,,https://www2.njss.info/organizations/proc/1179,2026-08-02,大阪府,国・省庁,0
日本赤十字社 清水赤十字病院,74,,,0,,https://www2.njss.info/organizations/proc/1210,2026-08-02,北海道,国・省庁,0
豊橋市民病院,74,,,0,,https://www2.njss.info/organizations/proc/5159,2026-08-02,愛知県,地方公共団体,1
歌志内市役所,74,,,0,,https://www2.njss.info/organizations/proc/6748,2026-08-02,北海道,地方公共団体,0
長崎県住宅供給公社,74,,,0,,https://www2.njss.info/organizations/proc/7474,2026-08-02,長崎県,地方公共団体,1
香川県広域水道企業団 【［閉鎖］坂出事務所】,74,,,0,,https://www2.njss.info/organizations/proc/7508,2026-08-02,香川県,地方公共団体,1
滝川地区広域消防事務組合,74,,,0,,https://www2.njss.info/organizations/proc/7958,2026-08-02,北海道,地方公共団体,1
農林水産省(MAFF) 林野庁(FA) 関東森林管理局 会津森林管理署,73,,,0,,https://www2.njss.info/organizations/proc/1398,2026-08-02,福島県,国・省庁,0
労働者健康安全機構 中部労災病院 治療就労両立支援センター,73,,,0,,https://www2.njss.info/organizations/proc/1544,2026-08-02,愛知県,国・省庁,0
国土交通省(MLIT) 中国地方整備局 日野川河川事務所,73,,,0,,https://www2.njss.info/organizations/proc/5257,2026-08-02,鳥取県,国・省庁,0
伊都郡高野町役場,73,,,0,,https://www2.njss.info/organizations/proc/6553,2026-08-02,和歌山県,地方公共団体,0
北海道警察旭川方面本部 留萌警察署,73,,,0,,https://www2.njss.info/organizations/proc/7021,2026-08-02,北海道,地方公共団体,0
北海道警察釧路方面本部 釧路警察署,73,,,0,,https://www2.njss.info/organizations/proc/7024,2026-08-02,北海道,地方公共団体,0
山神水道企業団,73,,,0,,https://www2.njss.info/organizations/proc/7388,2026-08-02,福岡県,地方公共団体,1
地方公共団体金融機構,72,,,0,,https://www2.njss.info/organizations/proc/7876,2026-08-02,東京都,地方公共団体,1
長野県庁 諏訪湖流域下水道事務所,72,,,0,,https://www2.njss.info/organizations/proc/7518,2026-08-02,長野県,地方公共団体,0
日本産業廃棄物処理振興センター,72,,,0,,https://www2.njss.info/organizations/proc/5054,2026-08-02,東京都,国・省庁,1
東京都立病院機構 多摩総合医療センター,72,,,0,,https://www2.njss.info/organizations/proc/5915,2026-08-02,東京都,地方公共団体,0
大沼郡金山町役場,72,,,0,,https://www2.njss.info/organizations/proc/6888,2026-08-02,福島県,地方公共団体,0
愛知県後期高齢者医療広域連合,72,,,0,,https://www2.njss.info/organizations/proc/8926,2026-08-02,愛知県,地方公共団体,1
鯖江広域衛生施設組合,71,,,0,,https://www2.njss.info/organizations/proc/8432,2026-08-02,福井県,地方公共団体,1
住宅金融支援機構(JHF) 東海支店,71,,,0,,https://www2.njss.info/organizations/proc/391,2026-08-02,愛知県,国・省庁,0
日本赤十字社 宮城県赤十字血液センター,71,,,0,,https://www2.njss.info/organizations/proc/1157,2026-08-02,宮城県,国・省庁,0
森林研究・整備機構 森林総合研究所 林木育種センター 九州育種場,71,,,0,,https://www2.njss.info/organizations/proc/1389,2026-08-02,熊本県,国・省庁,0
日本放送協会(NHK) 津放送局,71,,,0,,https://www2.njss.info/organizations/proc/4228,2026-08-02,三重県,国・省庁,0
長野県庁 北アルプス地域振興局,71,,,0,,https://www2.njss.info/organizations/proc/4292,2026-08-02,長野県,地方公共団体,0
長野県庁 北信地域振興局,71,,,0,,https://www2.njss.info/organizations/proc/4294,2026-08-02,長野県,地方公共団体,0
下北地域広域行政事務組合,71,,,0,,https://www2.njss.info/organizations/proc/8042,2026-08-02,青森県,地方公共団体,1
豊中市伊丹市クリーンランド,71,,,0,,https://www2.njss.info/organizations/proc/8606,2026-08-02,大阪府,地方公共団体,1
東京都立大久保病院,70,,,0,,https://www2.njss.info/organizations/proc/9273,2026-08-02,東京都,地方公共団体,1
日本赤十字社 新潟県支部,70,,,0,,https://www2.njss.info/organizations/proc/1124,2026-08-02,新潟県,国・省庁,0
最高裁判所 福岡高等裁判所,70,,,0,,https://www2.njss.info/organizations/proc/3959,2026-08-02,福岡県,国・省庁,0
人間文化研究機構 国立歴史民俗博物館,70,,,0,,https://www2.njss.info/organizations/proc/4456,2026-08-02,千葉県,国・省庁,0
中部国際空港株式会社,70,,,0,,https://www2.njss.info/organizations/proc/543,2026-08-02,愛知県,国・省庁,0
長野県庁 上田地域振興局,70,,,0,,https://www2.njss.info/organizations/proc/4286,2026-08-02,長野県,地方公共団体,0
都市再生機構(UR) 【［閉鎖］首都圏ニュータウン本部】 【［閉鎖］千葉常磐開発事務所】,70,,,0,,https://www2.njss.info/organizations/proc/4546,2026-08-02,千葉県,国・省庁,1
大分県立芸術文化短期大学,70,,,0,,https://www2.njss.info/organizations/proc/5460,2026-08-02,大分県,国・省庁,1
東京都立病院機構 小児総合医療センター,70,,,0,,https://www2.njss.info/organizations/proc/5916,2026-08-02,東京都,地方公共団体,0
大阪国際メディカル＆サイエンスセンター 大阪けいさつ病院,70,,,0,,https://www2.njss.info/organizations/proc/6153,2026-08-02,大阪府,国・省庁,1
長崎県庁 企画部,70,,,0,,https://www2.njss.info/organizations/proc/7235,2026-08-02,長崎県,地方公共団体,0
南加賀広域圏事務組合,70,,,0,,https://www2.njss.info/organizations/proc/8210,2026-08-02,石川県,地方公共団体,1
北本地区衛生組合,70,,,0,,https://www2.njss.info/organizations/proc/8306,2026-08-02,埼玉県,地方公共団体,1
泉州南消防組合,70,,,0,,https://www2.njss.info/organizations/proc/9675,2026-08-02,大阪府,地方公共団体,1
相楽郡笠置町役場,69,,,0,,https://www2.njss.info/organizations/proc/6565,2026-08-02,京都府,地方公共団体,0
最高裁判所 広島高等裁判所,69,,,0,,https://www2.njss.info/organizations/proc/3954,2026-08-02,広島県,国・省庁,0
人間文化研究機構 国文学研究資料館,69,,,0,,https://www2.njss.info/organizations/proc/4457,2026-08-02,東京都,国・省庁,0
総務省(MIC) 中部管区行政評価局,69,,,0,,https://www2.njss.info/organizations/proc/375,2026-08-02,愛知県,国・省庁,0
日本赤十字社 長野県支部,69,,,0,,https://www2.njss.info/organizations/proc/1129,2026-08-02,長野県,国・省庁,0
日本赤十字社 小野田赤十字病院,69,,,0,,https://www2.njss.info/organizations/proc/1269,2026-08-02,山口県,国・省庁,0
大阪スポーツみどり財団,69,,,0,,https://www2.njss.info/organizations/proc/4695,2026-08-02,大阪府,国・省庁,1
盛岡市立病院,69,,,0,,https://www2.njss.info/organizations/proc/5172,2026-08-02,岩手県,地方公共団体,1
小田原市立病院,69,,,0,,https://www2.njss.info/organizations/proc/5317,2026-08-02,神奈川県,地方公共団体,1
愛知県精神医療センター,69,,,0,,https://www2.njss.info/organizations/proc/5966,2026-08-02,愛知県,地方公共団体,1
西牟婁郡上富田町役場,69,,,0,,https://www2.njss.info/organizations/proc/6266,2026-08-02,和歌山県,地方公共団体,0
西臼杵郡五ヶ瀬町役場,69,,,0,,https://www2.njss.info/organizations/proc/6626,2026-08-02,宮崎県,地方公共団体,0
三戸郡新郷村役場,69,,,0,,https://www2.njss.info/organizations/proc/6823,2026-08-02,青森県,地方公共団体,0
石狩西部広域水道企業団,69,,,0,,https://www2.njss.info/organizations/proc/7403,2026-08-02,北海道,地方公共団体,1
最高裁判所 仙台高等裁判所,68,,,0,,https://www2.njss.info/organizations/proc/3968,2026-08-02,宮城県,国・省庁,0
厚生労働省(MHLW) 【［閉鎖］鹿児島社会保険事務局】,68,,,0,,https://www2.njss.info/organizations/proc/633,2026-08-02,鹿児島県,国・省庁,1
日本赤十字社 小川赤十字病院,68,,,0,,https://www2.njss.info/organizations/proc/1224,2026-08-02,埼玉県,国・省庁,0
福山市民病院,68,,,0,,https://www2.njss.info/organizations/proc/5183,2026-08-02,広島県,地方公共団体,1
国土交通省(MLIT) 中国地方整備局 出雲河川事務所,68,,,0,,https://www2.njss.info/organizations/proc/5261,2026-08-02,島根県,国・省庁,0
高知県立あき総合病院,68,,,0,,https://www2.njss.info/organizations/proc/5836,2026-08-02,高知県,地方公共団体,1
播磨高原広域事務組合,68,,,0,,https://www2.njss.info/organizations/proc/8224,2026-08-02,兵庫県,地方公共団体,1
印西地区消防組合,68,,,0,,https://www2.njss.info/organizations/proc/8336,2026-08-02,千葉県,地方公共団体,1
市立甲府病院,67,,,0,,https://www2.njss.info/organizations/proc/5328,2026-08-02,山梨県,地方公共団体,1
日本小型船舶検査機構(JCI),67,,,0,,https://www2.njss.info/organizations/proc/1286,2026-08-02,東京都,国・省庁,1
法務省(MOJ) 九州地方更生保護委員会,67,,,0,,https://www2.njss.info/organizations/proc/4082,2026-08-02,福岡県,国・省庁,0
人間文化研究機構 国際日本文化研究センター,67,,,0,,https://www2.njss.info/organizations/proc/4458,2026-08-02,京都府,国・省庁,0
都市再生機構(UR) 【［閉鎖］首都圏ニュータウン本部】 【［閉鎖］千葉業務部】,67,,,0,,https://www2.njss.info/organizations/proc/4557,2026-08-02,千葉県,国・省庁,1
岩手県立宮古病院,67,,,0,,https://www2.njss.info/organizations/proc/5971,2026-08-02,岩手県,地方公共団体,1
苫前郡苫前町役場,67,,,0,,https://www2.njss.info/organizations/proc/6761,2026-08-02,北海道,地方公共団体,0
相楽中部消防組合,67,,,0,,https://www2.njss.info/organizations/proc/8596,2026-08-02,京都府,地方公共団体,1
厚生労働省(MHLW) 【［閉鎖］徳島社会保険事務局】,66,,,0,,https://www2.njss.info/organizations/proc/654,2026-08-02,徳島県,国・省庁,1
日本赤十字社 新潟県赤十字血液センター,66,,,0,,https://www2.njss.info/organizations/proc/1167,2026-08-02,新潟県,国・省庁,0
大島郡徳之島町役場,66,,,0,,https://www2.njss.info/organizations/proc/6337,2026-08-02,鹿児島県,地方公共団体,0
真庭郡新庄村役場,66,,,0,,https://www2.njss.info/organizations/proc/7046,2026-08-02,岡山県,地方公共団体,0
日本赤十字社 奈良県支部,65,,,0,,https://www2.njss.info/organizations/proc/1138,2026-08-02,奈良県,国・省庁,0
労働者健康安全機構 山口産業保健総合支援センター,65,,,0,,https://www2.njss.info/organizations/proc/1527,2026-08-02,山口県,国・省庁,0
札幌市職員共済組合,65,,,0,,https://www2.njss.info/organizations/proc/4180,2026-08-02,北海道,国・省庁,1
都市再生機構(UR) 東日本賃貸住宅本部 城北住宅管理センター,65,,,0,,https://www2.njss.info/organizations/proc/4524,2026-08-02,東京都,国・省庁,0
吉野郡十津川村役場,65,,,0,,https://www2.njss.info/organizations/proc/6570,2026-08-02,奈良県,地方公共団体,0
古宇郡神恵内村役場,65,,,0,,https://www2.njss.info/organizations/proc/6801,2026-08-02,北海道,地方公共団体,0
北海道警察旭川方面本部 深川警察署,65,,,0,,https://www2.njss.info/organizations/proc/7020,2026-08-02,北海道,地方公共団体,0
香川県広域水道企業団 【［閉鎖］小豆島事務所】,65,,,0,,https://www2.njss.info/organizations/proc/7504,2026-08-02,香川県,地方公共団体,1
周防大島町病院事業局,65,,,0,,https://www2.njss.info/organizations/proc/9100,2026-08-02,山口県,地方公共団体,0
公立昭和病院,64,,,0,,https://www2.njss.info/organizations/proc/4493,2026-08-02,東京都,地方公共団体,1
飯盛霊園組合,64,,,0,,https://www2.njss.info/organizations/proc/8610,2026-08-02,大阪府,地方公共団体,1
芳賀地区広域行政事務組合,64,,,0,,https://www2.njss.info/organizations/proc/8196,2026-08-02,栃木県,地方公共団体,1
国土交通省(MLIT) 関東地方整備局 鬼怒川ダム統合管理事務所 【［閉鎖］湯西川ダム工事事務所】,64,,,0,,https://www2.njss.info/organizations/proc/1007,2026-08-02,栃木県,国・省庁,1
日本赤十字社 三重県支部,64,,,0,,https://www2.njss.info/organizations/proc/1133,2026-08-02,三重県,国・省庁,0
防衛省(MOD) 航空自衛隊 峯岡山分屯基地 第44警戒隊,64,,,0,,https://www2.njss.info/organizations/proc/4051,2026-08-02,千葉県,国・省庁,0
静岡市立清水病院,64,,,0,,https://www2.njss.info/organizations/proc/5162,2026-08-02,静岡県,地方公共団体,1
島根県立こころの医療センター,64,,,0,,https://www2.njss.info/organizations/proc/5751,2026-08-02,島根県,地方公共団体,1
高齢・障害・求職者雇用支援機構 千葉支部 千葉職業能力開発促進センター君津訓練センター,64,,,0,,https://www2.njss.info/organizations/proc/5803,2026-08-02,千葉県,国・省庁,0
築上郡上毛町役場,64,,,0,,https://www2.njss.info/organizations/proc/6594,2026-08-02,福岡県,地方公共団体,0
北上地区広域行政組合,64,,,0,,https://www2.njss.info/organizations/proc/8052,2026-08-02,岩手県,地方公共団体,1
特別区人事・厚生事務組合,63,,,0,,https://www2.njss.info/organizations/proc/7908,2026-08-02,東京都,地方公共団体,1
九戸郡野田村役場,63,,,0,,https://www2.njss.info/organizations/proc/6832,2026-08-02,岩手県,地方公共団体,0
長岡郡大豊町役場,63,,,0,,https://www2.njss.info/organizations/proc/7069,2026-08-02,高知県,地方公共団体,0
水資源機構 筑後川局 筑後川上流総合管理所 両筑平野用水管理所,63,,,0,,https://www2.njss.info/organizations/proc/491,2026-08-02,福岡県,国・省庁,0
医薬基盤・健康・栄養研究所(NIBIOHN) 【［閉鎖］国立健康・栄養研究所】,63,,,0,,https://www2.njss.info/organizations/proc/610,2026-08-02,東京都,国・省庁,1
厚生労働省(MHLW) 【［閉鎖］茨城社会保険事務局】,63,,,0,,https://www2.njss.info/organizations/proc/629,2026-08-02,茨城県,国・省庁,1
厚生労働省(MHLW) 【［閉鎖］新潟社会保険事務局】,63,,,0,,https://www2.njss.info/organizations/proc/644,2026-08-02,新潟県,国・省庁,1
厚生労働省(MHLW) 【［閉鎖］和歌山社会保険事務局】,63,,,0,,https://www2.njss.info/organizations/proc/658,2026-08-02,和歌山県,国・省庁,1
都市再生機構(UR) 東日本賃貸住宅本部 北海道住宅管理センター,63,,,0,,https://www2.njss.info/organizations/proc/4525,2026-08-02,北海道,国・省庁,0
高知県公立大学法人 高知工科大学,63,,,0,,https://www2.njss.info/organizations/proc/5428,2026-08-02,高知県,国・省庁,0
北海道警察本部 岩見沢警察署,63,,,0,,https://www2.njss.info/organizations/proc/6935,2026-08-02,北海道,地方公共団体,0
光地区消防組合,63,,,0,,https://www2.njss.info/organizations/proc/8466,2026-08-02,山口県,地方公共団体,1
大阪市立弘済院附属病院,62,,,0,,https://www2.njss.info/organizations/proc/5144,2026-08-02,大阪府,地方公共団体,1
三宅村役場,62,,,0,,https://www2.njss.info/organizations/proc/4592,2026-08-02,東京都,地方公共団体,0
夷隅郡御宿町役場,62,,,0,,https://www2.njss.info/organizations/proc/6556,2026-08-02,千葉県,地方公共団体,0
厚生労働省(MHLW) 【［閉鎖］長崎社会保険事務局】,62,,,0,,https://www2.njss.info/organizations/proc/642,2026-08-02,長崎県,国・省庁,1
香川郡直島町役場,62,,,0,,https://www2.njss.info/organizations/proc/7059,2026-08-02,香川県,地方公共団体,0
［閉鎖］西佐賀水道企業団,62,,,0,,https://www2.njss.info/organizations/proc/7385,2026-08-02,佐賀県,地方公共団体,1
東京水道株式会社,61,,,0,,https://www2.njss.info/organizations/proc/9810,2026-08-02,東京都,地方公共団体,1
日野郡日野町役場,61,,,0,,https://www2.njss.info/organizations/proc/7004,2026-08-02,鳥取県,地方公共団体,0
長門川水道企業団,61,,,0,,https://www2.njss.info/organizations/proc/7326,2026-08-02,千葉県,地方公共団体,1
隠岐郡西ノ島町役場,61,,,0,,https://www2.njss.info/organizations/proc/7009,2026-08-02,島根県,地方公共団体,0
国土交通省(MLIT) 関東地方整備局 特定離島港湾事務所,61,,,0,,https://www2.njss.info/organizations/proc/7367,2026-08-02,東京都,国・省庁,0
総務省(MIC) 四国行政評価支局,61,,,0,,https://www2.njss.info/organizations/proc/380,2026-08-02,香川県,国・省庁,0
水資源機構 利根川下流総合管理所 霞ヶ浦用水管理所,61,,,0,,https://www2.njss.info/organizations/proc/468,2026-08-02,茨城県,国・省庁,0
厚生労働省(MHLW) 【［閉鎖］香川社会保険事務局】,61,,,0,,https://www2.njss.info/organizations/proc/632,2026-08-02,香川県,国・省庁,1
市立加西病院,61,,,0,,https://www2.njss.info/organizations/proc/5597,2026-08-02,兵庫県,地方公共団体,1
長崎県病院企業団 長崎県精神医療センター,61,,,0,,https://www2.njss.info/organizations/proc/5840,2026-08-02,長崎県,地方公共団体,1
岩手県立遠野病院,61,,,0,,https://www2.njss.info/organizations/proc/5974,2026-08-02,岩手県,地方公共団体,1
山梨県地域整備公社 山梨県道路公社,61,,,0,,https://www2.njss.info/organizations/proc/6148,2026-08-02,山梨県,地方公共団体,1
東臼杵郡椎葉村役場,61,,,0,,https://www2.njss.info/organizations/proc/6627,2026-08-02,宮崎県,地方公共団体,0
島尻郡伊是名村役場,61,,,0,,https://www2.njss.info/organizations/proc/6639,2026-08-02,沖縄県,地方公共団体,0
北海道警察旭川方面本部 旭川中央警察署,61,,,0,,https://www2.njss.info/organizations/proc/7012,2026-08-02,北海道,地方公共団体,0
高知県庁 【［閉鎖］中山間振興・交通部】,61,,,0,,https://www2.njss.info/organizations/proc/7744,2026-08-02,高知県,地方公共団体,1
飯塚地区消防組合,61,,,0,,https://www2.njss.info/organizations/proc/8770,2026-08-02,福岡県,地方公共団体,1
日本放送協会(NHK) 青森放送局,60,,,0,,https://www2.njss.info/organizations/proc/4260,2026-08-02,青森県,国・省庁,0
金沢美術工芸大学,60,,,0,,https://www2.njss.info/organizations/proc/4491,2026-08-02,石川県,国・省庁,0
都市再生機構(UR) 【［閉鎖］首都圏ニュータウン本部】 【［閉鎖］埼玉中央開発事務所】,60,,,0,,https://www2.njss.info/organizations/proc/4551,2026-08-02,埼玉県,国・省庁,1
河東郡鹿追町役場,60,,,0,,https://www2.njss.info/organizations/proc/6808,2026-08-02,北海道,地方公共団体,0
香川県広域水道企業団 【［閉鎖］さぬき事務所】,60,,,0,,https://www2.njss.info/organizations/proc/7502,2026-08-02,香川県,地方公共団体,1
静岡県後期高齢者医療広域連合,60,,,0,,https://www2.njss.info/organizations/proc/8502,2026-08-02,静岡県,地方公共団体,1
駿東伊豆消防組合,60,,,0,,https://www2.njss.info/organizations/proc/8546,2026-08-02,静岡県,地方公共団体,1
奈良県後期高齢者医療広域連合,59,,,0,,https://www2.njss.info/organizations/proc/8676,2026-08-02,奈良県,地方公共団体,1
日本赤十字社 広島県赤十字血液センター,59,,,0,,https://www2.njss.info/organizations/proc/1185,2026-08-02,広島県,国・省庁,0
長野県庁 木曽地域振興局,59,,,0,,https://www2.njss.info/organizations/proc/4290,2026-08-02,長野県,地方公共団体,0
宮崎県立看護大学,59,,,0,,https://www2.njss.info/organizations/proc/4472,2026-08-02,宮崎県,国・省庁,0
島根県立中央病院,59,,,0,,https://www2.njss.info/organizations/proc/5750,2026-08-02,島根県,地方公共団体,1
東京都歴史文化財団,59,,,0,,https://www2.njss.info/organizations/proc/6197,2026-08-02,東京都,国・省庁,1
余市郡仁木町役場,59,,,0,,https://www2.njss.info/organizations/proc/6757,2026-08-02,北海道,地方公共団体,0
地域医療機能推進機構(JCHO) 九州地区事務所,59,,,0,,https://www2.njss.info/organizations/proc/7140,2026-08-02,福岡県,国・省庁,0
東濃中部病院事務組合,59,,,0,,https://www2.njss.info/organizations/proc/8544,2026-08-02,岐阜県,地方公共団体,1
春日大野城衛生施設組合,59,,,0,,https://www2.njss.info/organizations/proc/8780,2026-08-02,福岡県,地方公共団体,1
広島県水道広域連合企業団 庄原事務所,59,,,0,,https://www2.njss.info/organizations/proc/9120,2026-08-02,広島県,地方公共団体,1
最高裁判所 高松高等裁判所,58,,,0,,https://www2.njss.info/organizations/proc/3980,2026-08-02,香川県,国・省庁,0
北薩広域行政事務組合,58,,,0,,https://www2.njss.info/organizations/proc/8834,2026-08-02,鹿児島県,地方公共団体,1
水資源機構 関西・吉野川支社吉野川本部 吉野川下流総合管理所,58,,,0,,https://www2.njss.info/organizations/proc/9783,2026-08-02,徳島県,国・省庁,0
北部広域市町村圏事務組合,58,,,0,,https://www2.njss.info/organizations/proc/8844,2026-08-02,沖縄県,地方公共団体,1
厚生労働省(MHLW) 【［閉鎖］福島社会保険事務局】,58,,,0,,https://www2.njss.info/organizations/proc/623,2026-08-02,福島県,国・省庁,1
農林水産省(MAFF) 林野庁(FA) 関東森林管理局 会津森林管理署 南会津支署,58,,,0,,https://www2.njss.info/organizations/proc/1399,2026-08-02,福島県,国・省庁,0
那覇市立病院,58,,,0,,https://www2.njss.info/organizations/proc/5206,2026-08-02,沖縄県,地方公共団体,1
国土交通省(MLIT) 中国地方整備局 苫田ダム管理所,58,,,0,,https://www2.njss.info/organizations/proc/5265,2026-08-02,岡山県,国・省庁,0
高知県立幡多けんみん病院,58,,,0,,https://www2.njss.info/organizations/proc/5837,2026-08-02,高知県,地方公共団体,1
石狩東部広域水道企業団,58,,,0,,https://www2.njss.info/organizations/proc/7398,2026-08-02,北海道,地方公共団体,1
南濃衛生施設利用事務組合,58,,,0,,https://www2.njss.info/organizations/proc/8532,2026-08-02,岐阜県,地方公共団体,1
熊本県後期高齢者医療広域連合,58,,,0,,https://www2.njss.info/organizations/proc/8678,2026-08-02,熊本県,地方公共団体,1
島根県後期高齢者医療広域連合,58,,,0,,https://www2.njss.info/organizations/proc/8938,2026-08-02,島根県,地方公共団体,1
広島県後期高齢者医療広域連合,58,,,0,,https://www2.njss.info/organizations/proc/8942,2026-08-02,広島県,地方公共団体,1
九州電力株式会社,57,,,0,,https://www2.njss.info/organizations/proc/9478,2026-08-02,福岡県,地方公共団体,1
国頭郡東村役場,57,,,0,,https://www2.njss.info/organizations/proc/6637,2026-08-02,沖縄県,地方公共団体,1
西村山郡大江町役場,57,,,0,,https://www2.njss.info/organizations/proc/6849,2026-08-02,山形県,地方公共団体,0
柳井地域広域水道企業団,57,,,0,,https://www2.njss.info/organizations/proc/7499,2026-08-02,山口県,地方公共団体,1
厚生労働省(MHLW) 【［閉鎖］岐阜社会保険事務局】,57,,,0,,https://www2.njss.info/organizations/proc/624,2026-08-02,岐阜県,国・省庁,1
日本赤十字社 伊豆赤十字病院,57,,,0,,https://www2.njss.info/organizations/proc/1245,2026-08-02,静岡県,国・省庁,0
家畜改良センター(NLBC) 熊本牧場,57,,,0,,https://www2.njss.info/organizations/proc/1442,2026-08-02,熊本県,国・省庁,0
労働者健康安全機構 愛知産業保健総合支援センター,57,,,0,,https://www2.njss.info/organizations/proc/1515,2026-08-02,愛知県,国・省庁,0
新潟県立看護大学,57,,,0,,https://www2.njss.info/organizations/proc/5407,2026-08-02,新潟県,国・省庁,0
岩手県立久慈病院,57,,,0,,https://www2.njss.info/organizations/proc/5976,2026-08-02,岩手県,地方公共団体,1
東海旅客鉄道〈JR東海〉,57,,,0,,https://www2.njss.info/organizations/proc/6348,2026-08-02,愛知県,国・省庁,0
高知県観光コンベンション協会,57,,,0,,https://www2.njss.info/organizations/proc/7659,2026-08-02,高知県,国・省庁,1
神奈川県市町村職員共済組合,56,,,0,,https://www2.njss.info/organizations/proc/9253,2026-08-02,神奈川県,地方公共団体,1
農林水産省(MAFF) 林野庁(FA) 四国森林管理局 徳島森林管理署,56,,,0,,https://www2.njss.info/organizations/proc/9146,2026-08-02,徳島県,国・省庁,0
御坊市役所,56,,,0,,https://www2.njss.info/organizations/proc/6045,2026-08-02,和歌山県,地方公共団体,0
新潟東港地域水道用水供給企業団,56,,,0,,https://www2.njss.info/organizations/proc/7414,2026-08-02,新潟県,地方公共団体,1
厚生労働省(MHLW) 【［閉鎖］栃木社会保険事務局】,56,,,0,,https://www2.njss.info/organizations/proc/653,2026-08-02,栃木県,国・省庁,1
防衛省(MOD) 航空自衛隊 経ヶ岬分屯基地 第35警戒隊,56,,,0,,https://www2.njss.info/organizations/proc/4045,2026-08-02,京都府,国・省庁,0
国土交通省(MLIT) 中部地方整備局 静岡営繕事務所,56,,,0,,https://www2.njss.info/organizations/proc/5232,2026-08-02,静岡県,国・省庁,0
兵庫県立丹波医療センター,56,,,0,,https://www2.njss.info/organizations/proc/5637,2026-08-02,兵庫県,地方公共団体,1
葦北郡津奈木町役場,56,,,0,,https://www2.njss.info/organizations/proc/6612,2026-08-02,熊本県,地方公共団体,0
南秋田郡井川町役場,56,,,0,,https://www2.njss.info/organizations/proc/6843,2026-08-02,秋田県,地方公共団体,0
三島郡出雲崎町役場,56,,,0,,https://www2.njss.info/organizations/proc/6896,2026-08-02,新潟県,地方公共団体,0
北海道警察本部 倶知安警察署,56,,,0,,https://www2.njss.info/organizations/proc/6944,2026-08-02,北海道,地方公共団体,0
長崎国際観光コンベンション協会,56,,,0,,https://www2.njss.info/organizations/proc/7614,2026-08-02,長崎県,国・省庁,1
北上地区消防組合,56,,,0,,https://www2.njss.info/organizations/proc/8058,2026-08-02,岩手県,地方公共団体,1
下田地区消防組合,56,,,0,,https://www2.njss.info/organizations/proc/8550,2026-08-02,静岡県,地方公共団体,1
南但広域行政事務組合,56,,,0,,https://www2.njss.info/organizations/proc/8716,2026-08-02,兵庫県,地方公共団体,1
日南串間広域不燃物処理組合,56,,,0,,https://www2.njss.info/organizations/proc/8874,2026-08-02,宮崎県,地方公共団体,1
恩賜財団 済生会 島根県済生会 江津総合病院,56,,,0,,https://www2.njss.info/organizations/proc/9076,2026-08-02,島根県,地方公共団体,0
住宅金融支援機構(JHF) 東北支店,55,,,0,,https://www2.njss.info/organizations/proc/389,2026-08-02,宮城県,国・省庁,0
厚生労働省(MHLW) 【［閉鎖］三重社会保険事務局】,55,,,0,,https://www2.njss.info/organizations/proc/638,2026-08-02,三重県,国・省庁,1
日本赤十字社 高山赤十字病院,55,,,0,,https://www2.njss.info/organizations/proc/1241,2026-08-02,岐阜県,国・省庁,0
森林研究・整備機構 森林総合研究所 四国支所,55,,,0,,https://www2.njss.info/organizations/proc/1382,2026-08-02,高知県,国・省庁,0
宇宙航空研究開発機構(JAXA) 筑波宇宙センター,55,,,0,,https://www2.njss.info/organizations/proc/2489,2026-08-02,茨城県,国・省庁,0
長野県立木曽病院,55,,,0,,https://www2.njss.info/organizations/proc/5717,2026-08-02,長野県,地方公共団体,1
山梨県立中央病院,55,,,0,,https://www2.njss.info/organizations/proc/5962,2026-08-02,山梨県,地方公共団体,1
山梨県立北病院,55,,,0,,https://www2.njss.info/organizations/proc/5986,2026-08-02,山梨県,地方公共団体,1
長崎県庁 労働関係機関,55,,,0,,https://www2.njss.info/organizations/proc/7259,2026-08-02,長崎県,地方公共団体,0
鹿行広域事務組合,55,,,0,,https://www2.njss.info/organizations/proc/8266,2026-08-02,茨城県,地方公共団体,1
日本郵政共済組合,55,,,0,,https://www2.njss.info/organizations/proc/9247,2026-08-02,埼玉県,地方公共団体,0
杵島郡白石町役場,54,,,0,,https://www2.njss.info/organizations/proc/6092,2026-08-02,佐賀県,地方公共団体,0
岩船郡粟島浦村役場,54,,,0,,https://www2.njss.info/organizations/proc/6898,2026-08-02,新潟県,地方公共団体,0
厚生労働省(MHLW) 【［閉鎖］宮崎社会保険事務局】,54,,,0,,https://www2.njss.info/organizations/proc/640,2026-08-02,宮崎県,国・省庁,1
厚生労働省(MHLW) 【［閉鎖］大分社会保険事務局】,54,,,0,,https://www2.njss.info/organizations/proc/645,2026-08-02,大分県,国・省庁,1
厚生労働省(MHLW) 【［閉鎖］鳥取社会保険事務局】,54,,,0,,https://www2.njss.info/organizations/proc/656,2026-08-02,鳥取県,国・省庁,1
日本赤十字社 和歌山県支部,54,,,0,,https://www2.njss.info/organizations/proc/1139,2026-08-02,和歌山県,国・省庁,0
上川郡和寒町役場,54,,,0,,https://www2.njss.info/organizations/proc/6755,2026-08-02,北海道,地方公共団体,0
一ツ瀬川営農飲雑用水広域水道企業団,54,,,0,,https://www2.njss.info/organizations/proc/7382,2026-08-02,宮崎県,地方公共団体,1
香川県広域水道企業団 【［閉鎖］東かがわ事務所】,54,,,0,,https://www2.njss.info/organizations/proc/7501,2026-08-02,香川県,地方公共団体,1
長野県庁 土尻川砂防事務所,54,,,0,,https://www2.njss.info/organizations/proc/7772,2026-08-02,長野県,地方公共団体,0
吉野郡天川村役場,53,,,0,,https://www2.njss.info/organizations/proc/6575,2026-08-02,奈良県,地方公共団体,0
国頭郡伊江村役場,53,,,0,,https://www2.njss.info/organizations/proc/6634,2026-08-02,沖縄県,地方公共団体,0
国頭地区行政事務組合,53,,,0,,https://www2.njss.info/organizations/proc/8840,2026-08-02,沖縄県,地方公共団体,1
恩賜財団 済生会 福岡県済生会 八幡総合病院,53,,,0,,https://www2.njss.info/organizations/proc/9218,2026-08-02,福岡県,地方公共団体,0
東京都立多摩北部医療センター,53,,,0,,https://www2.njss.info/organizations/proc/9276,2026-08-02,東京都,地方公共団体,1
厚生労働省(MHLW) 【［閉鎖］秋田社会保険事務局】,53,,,0,,https://www2.njss.info/organizations/proc/617,2026-08-02,秋田県,国・省庁,1
厚生労働省(MHLW) 【［閉鎖］熊本社会保険事務局】,53,,,0,,https://www2.njss.info/organizations/proc/636,2026-08-02,熊本県,国・省庁,1
厚生労働省(MHLW) 【［閉鎖］奈良社会保険事務局】,53,,,0,,https://www2.njss.info/organizations/proc/643,2026-08-02,奈良県,国・省庁,1
厚生労働省(MHLW) 【［閉鎖］佐賀社会保険事務局】,53,,,0,,https://www2.njss.info/organizations/proc/662,2026-08-02,佐賀県,国・省庁,1
大阪市救急医療事業団,53,,,0,,https://www2.njss.info/organizations/proc/1876,2026-08-02,大阪府,国・省庁,1
農林水産省(MAFF) 植物防疫所 名古屋植物防疫所,53,,,0,,https://www2.njss.info/organizations/proc/3913,2026-08-02,愛知県,国・省庁,0
群馬県立女子大学,53,,,0,,https://www2.njss.info/organizations/proc/5404,2026-08-02,群馬県,国・省庁,0
木曽郡大桑村役場,53,,,0,,https://www2.njss.info/organizations/proc/6968,2026-08-02,長野県,地方公共団体,0
伊達地方衛生処理組合,53,,,0,,https://www2.njss.info/organizations/proc/9450,2026-08-02,福島県,地方公共団体,1
西牟婁郡白浜町役場,52,,,0,,https://www2.njss.info/organizations/proc/6046,2026-08-02,和歌山県,地方公共団体,0
日本赤十字社 岐阜県赤十字血液センター,52,,,0,,https://www2.njss.info/organizations/proc/1173,2026-08-02,岐阜県,国・省庁,0
日本赤十字社 鹿児島県赤十字血液センター,52,,,0,,https://www2.njss.info/organizations/proc/1197,2026-08-02,鹿児島県,国・省庁,0
労働者健康安全機構 中国労災病院治療就労両立支援センター,52,,,0,,https://www2.njss.info/organizations/proc/1563,2026-08-02,広島県,国・省庁,0
札幌市役所 人事委員会事務局,52,,,0,,https://www2.njss.info/organizations/proc/4409,2026-08-02,北海道,地方公共団体,0
北海道警察本部 東警察署,52,,,0,,https://www2.njss.info/organizations/proc/6925,2026-08-02,北海道,地方公共団体,0
北海道警察本部 北警察署,52,,,0,,https://www2.njss.info/organizations/proc/6928,2026-08-02,北海道,地方公共団体,0
国土交通省(MLIT) 中部地方整備局 岐阜国道事務所,52,,,0,,https://www2.njss.info/organizations/proc/7306,2026-08-02,岐阜県,国・省庁,0
姫路観光コンベンションビューロー,52,,,0,,https://www2.njss.info/organizations/proc/7599,2026-08-02,兵庫県,国・省庁,1
大洲・喜多衛生事務組合,52,,,0,,https://www2.njss.info/organizations/proc/8230,2026-08-02,愛媛県,地方公共団体,1
東京都立病院機構 がん・感染症センター 都立駒込病院,51,,,0,,https://www2.njss.info/organizations/proc/5913,2026-08-02,東京都,地方公共団体,0
防衛省(MOD) 防衛装備庁 艦艇装備研究所 【［閉鎖］川崎支所】,51,,,0,,https://www2.njss.info/organizations/proc/42,2026-08-02,神奈川県,国・省庁,1
長岡造形大学,51,,,0,,https://www2.njss.info/organizations/proc/5446,2026-08-02,新潟県,国・省庁,0
島尻郡伊平屋村役場,51,,,0,,https://www2.njss.info/organizations/proc/6641,2026-08-02,沖縄県,地方公共団体,0
堺市文化振興財団,51,,,0,,https://www2.njss.info/organizations/proc/7042,2026-08-02,大阪府,国・省庁,1
福井県後期高齢者医療広域連合,51,,,0,,https://www2.njss.info/organizations/proc/8500,2026-08-02,福井県,地方公共団体,1
筑慈苑施設組合,51,,,0,,https://www2.njss.info/organizations/proc/8668,2026-08-02,福岡県,地方公共団体,1
鳥栖・三養基地区消防事務組合,51,,,0,,https://www2.njss.info/organizations/proc/8788,2026-08-02,佐賀県,地方公共団体,1
阿蘇郡南小国町役場,50,,,0,,https://www2.njss.info/organizations/proc/6614,2026-08-02,熊本県,地方公共団体,0
広島県水道広域連合企業団 三次事務所,50,,,0,,https://www2.njss.info/organizations/proc/9136,2026-08-02,広島県,地方公共団体,1
厚生労働省(MHLW) 【［閉鎖］山口社会保険事務局】,50,,,0,,https://www2.njss.info/organizations/proc/660,2026-08-02,山口県,国・省庁,1
国土交通省(MLIT) 近畿地方整備局 【［閉鎖］阪神国道事務所】,50,,,0,,https://www2.njss.info/organizations/proc/969,2026-08-02,兵庫県,国・省庁,1
日本赤十字社 秋田県支部,50,,,0,,https://www2.njss.info/organizations/proc/1114,2026-08-02,秋田県,国・省庁,0
日本赤十字社 栃木県支部,50,,,0,,https://www2.njss.info/organizations/proc/1118,2026-08-02,栃木県,国・省庁,0
日本赤十字社 兵庫県赤十字血液センター,50,,,0,,https://www2.njss.info/organizations/proc/1180,2026-08-02,兵庫県,国・省庁,0
山口県立大学,50,,,0,,https://www2.njss.info/organizations/proc/1684,2026-08-02,山口県,国・省庁,0
都市再生機構(UR) 東日本都市再生本部 仙台都市再生事務所,50,,,0,,https://www2.njss.info/organizations/proc/4533,2026-08-02,宮城県,国・省庁,0
都留文科大学,50,,,0,,https://www2.njss.info/organizations/proc/5408,2026-08-02,山梨県,国・省庁,0
新潟県立柿崎病院,50,,,0,,https://www2.njss.info/organizations/proc/5665,2026-08-02,新潟県,地方公共団体,1
熊本県道路公社,50,,,0,,https://www2.njss.info/organizations/proc/6105,2026-08-02,熊本県,地方公共団体,1
国頭郡恩納村役場,50,,,0,,https://www2.njss.info/organizations/proc/6346,2026-08-02,沖縄県,地方公共団体,0
北海道警察本部 西警察署,50,,,0,,https://www2.njss.info/organizations/proc/6926,2026-08-02,北海道,地方公共団体,0
北海道警察本部 南警察署,50,,,0,,https://www2.njss.info/organizations/proc/6927,2026-08-02,北海道,地方公共団体,0
北海道警察旭川方面本部 名寄警察署,50,,,0,,https://www2.njss.info/organizations/proc/7015,2026-08-02,北海道,地方公共団体,0
京都市役所 西京区役所,50,,,0,,https://www2.njss.info/organizations/proc/7801,2026-08-02,京都府,地方公共団体,0
上伊那広域連合,50,,,0,,https://www2.njss.info/organizations/proc/8978,2026-08-02,長野県,地方公共団体,1
恩賜財団 済生会 大阪府済生会 中津病院,50,,,0,,https://www2.njss.info/organizations/proc/9835,2026-08-02,大阪府,地方公共団体,0
国土交通省共済組合,49,,,0,,https://www2.njss.info/organizations/proc/9232,2026-08-02,東京都,国・省庁,0
西日本高速道路株式会社(NEXCO) 九州支社 鹿児島高速道路事務所,49,,,0,,https://www2.njss.info/organizations/proc/2052,2026-08-02,鹿児島県,国・省庁,0
京都府道路公社,49,,,0,,https://www2.njss.info/organizations/proc/6053,2026-08-02,京都府,地方公共団体,1
国頭郡本部町役場,49,,,0,,https://www2.njss.info/organizations/proc/6343,2026-08-02,沖縄県,地方公共団体,0
東村山郡山辺町役場,49,,,0,,https://www2.njss.info/organizations/proc/6418,2026-08-02,山形県,地方公共団体,0
岩瀬郡鏡石町役場,49,,,0,,https://www2.njss.info/organizations/proc/6485,2026-08-02,福島県,地方公共団体,0
水資源機構 筑後川局 筑後川上流総合管理所 寺内ダム管理所,49,,,0,,https://www2.njss.info/organizations/proc/495,2026-08-02,福岡県,国・省庁,0
厚生労働省(MHLW) 【［閉鎖］石川社会保険事務局】,49,,,0,,https://www2.njss.info/organizations/proc/630,2026-08-02,石川県,国・省庁,1
厚生労働省(MHLW) 【［閉鎖］富山社会保険事務局】,49,,,0,,https://www2.njss.info/organizations/proc/657,2026-08-02,富山県,国・省庁,1
国土交通省(MLIT) 東北地方整備局 最上川ダム統合管理事務所 【［閉鎖］長井ダム工事事務所】,49,,,0,,https://www2.njss.info/organizations/proc/1075,2026-08-02,山形県,国・省庁,1
佐賀県道路公社,49,,,0,,https://www2.njss.info/organizations/proc/6103,2026-08-02,佐賀県,地方公共団体,1
北海道警察本部 豊平警察署,49,,,0,,https://www2.njss.info/organizations/proc/6930,2026-08-02,北海道,地方公共団体,0
国土交通省(MLIT) 関東地方整備局 関東道路メンテナンスセンター,49,,,0,,https://www2.njss.info/organizations/proc/7825,2026-08-02,埼玉県,国・省庁,0
館林地区消防組合,49,,,0,,https://www2.njss.info/organizations/proc/8280,2026-08-02,群馬県,地方公共団体,1
東総地区広域市町村圏事務組合,49,,,0,,https://www2.njss.info/organizations/proc/8334,2026-08-02,千葉県,地方公共団体,1
高岡地区広域圏事務組合,49,,,0,,https://www2.njss.info/organizations/proc/8428,2026-08-02,富山県,地方公共団体,1
備南衛生施設組合,49,,,0,,https://www2.njss.info/organizations/proc/8642,2026-08-02,岡山県,地方公共団体,1
雲南広域連合,49,,,0,,https://www2.njss.info/organizations/proc/8900,2026-08-02,島根県,地方公共団体,1
農林水産省(MAFF) 林野庁(FA) 四国森林管理局 香川森林管理事務所,49,,,0,,https://www2.njss.info/organizations/proc/9148,2026-08-02,香川県,国・省庁,0
福島県下水道公社,49,,,0,,https://www2.njss.info/organizations/proc/9513,2026-08-02,福島県,地方公共団体,1
農林水産省(MAFF) 林野庁(FA) 関東森林管理局 下越森林管理署,48,,,0,,https://www2.njss.info/organizations/proc/1413,2026-08-02,新潟県,国・省庁,0
南予水道企業団,48,,,0,,https://www2.njss.info/organizations/proc/7496,2026-08-02,愛媛県,地方公共団体,1
沖縄県国民健康保険団体連合会,48,,,0,,https://www2.njss.info/organizations/proc/9819,2026-08-02,沖縄県,地方公共団体,1
日本赤十字社 栃木県赤十字血液センター,48,,,0,,https://www2.njss.info/organizations/proc/1161,2026-08-02,栃木県,国・省庁,0
大島郡伊仙町役場,48,,,0,,https://www2.njss.info/organizations/proc/6717,2026-08-02,鹿児島県,地方公共団体,0
西白河郡泉崎村役場,48,,,0,,https://www2.njss.info/organizations/proc/6875,2026-08-02,福島県,地方公共団体,0
北海道警察旭川方面本部 羽幌警察署,48,,,0,,https://www2.njss.info/organizations/proc/7022,2026-08-02,北海道,地方公共団体,0
奈良県庁 福祉保険部 【［閉鎖］医療・介護保険局】,48,,,0,,https://www2.njss.info/organizations/proc/7344,2026-08-02,奈良県,地方公共団体,1
香川県広域水道企業団 【［閉鎖］善通寺事務所】,48,,,0,,https://www2.njss.info/organizations/proc/7512,2026-08-02,香川県,地方公共団体,1
福岡観光コンベンションビューロー,48,,,0,,https://www2.njss.info/organizations/proc/7612,2026-08-02,福岡県,国・省庁,1
揖龍保健衛生施設事務組合,48,,,0,,https://www2.njss.info/organizations/proc/8222,2026-08-02,兵庫県,地方公共団体,1
安芸郡安田町役場,47,,,0,,https://www2.njss.info/organizations/proc/7077,2026-08-02,高知県,地方公共団体,0
住宅金融支援機構(JHF) 中国支店,47,,,0,,https://www2.njss.info/organizations/proc/395,2026-08-02,広島県,国・省庁,0
厚生労働省(MHLW) 【［閉鎖］高知社会保険事務局】,47,,,0,,https://www2.njss.info/organizations/proc/635,2026-08-02,高知県,国・省庁,1
農林水産省(MAFF) 植物防疫所 門司植物防疫所,47,,,0,,https://www2.njss.info/organizations/proc/3915,2026-08-02,福岡県,国・省庁,0
下関市立市民病院,47,,,0,,https://www2.njss.info/organizations/proc/5185,2026-08-02,山口県,地方公共団体,1
兵庫県立尼崎総合医療センター,47,,,0,,https://www2.njss.info/organizations/proc/5631,2026-08-02,兵庫県,地方公共団体,1
長野県立信州医療センター,47,,,0,,https://www2.njss.info/organizations/proc/5715,2026-08-02,長野県,地方公共団体,1
長崎県病院企業団 長崎県壱岐病院,47,,,0,,https://www2.njss.info/organizations/proc/5848,2026-08-02,長崎県,地方公共団体,1
高齢・障害・求職者雇用支援機構 鳥取支部 鳥取職業能力開発促進センター米子訓練センター,47,,,0,,https://www2.njss.info/organizations/proc/5857,2026-08-02,鳥取県,国・省庁,0
国頭郡宜野座村役場,47,,,0,,https://www2.njss.info/organizations/proc/6632,2026-08-02,沖縄県,地方公共団体,0
中川郡本別町役場,47,,,0,,https://www2.njss.info/organizations/proc/6658,2026-08-02,北海道,地方公共団体,0
北海道警察本部 伊達警察署,47,,,0,,https://www2.njss.info/organizations/proc/6946,2026-08-02,北海道,地方公共団体,0
匝瑳市横芝光町消防組合,47,,,0,,https://www2.njss.info/organizations/proc/8206,2026-08-02,千葉県,地方公共団体,1
恩賜財団 済生会 富山県済生会 富山病院,47,,,0,,https://www2.njss.info/organizations/proc/9784,2026-08-02,富山県,地方公共団体,0
農林水産省(MAFF) 林野庁(FA) 関東森林管理局 塩那森林管理署,46,,,0,,https://www2.njss.info/organizations/proc/1404,2026-08-02,栃木県,国・省庁,0
北九州市立門司病院,46,,,0,,https://www2.njss.info/organizations/proc/5195,2026-08-02,福岡県,地方公共団体,1
栃木県立岡本台病院,46,,,0,,https://www2.njss.info/organizations/proc/5954,2026-08-02,栃木県,地方公共団体,1
青森県道路公社,46,,,0,,https://www2.njss.info/organizations/proc/6142,2026-08-02,青森県,地方公共団体,1
豊能郡能勢町役場,46,,,0,,https://www2.njss.info/organizations/proc/6252,2026-08-02,大阪府,地方公共団体,0
磯谷郡蘭越町役場,46,,,0,,https://www2.njss.info/organizations/proc/6731,2026-08-02,北海道,地方公共団体,0
常呂郡佐呂間町役場,46,,,0,,https://www2.njss.info/organizations/proc/6805,2026-08-02,北海道,地方公共団体,0
九戸郡九戸村役場,46,,,0,,https://www2.njss.info/organizations/proc/6830,2026-08-02,岩手県,地方公共団体,0
神戸観光局,46,,,0,,https://www2.njss.info/organizations/proc/7598,2026-08-02,兵庫県,国・省庁,1
中濃消防組合,46,,,0,,https://www2.njss.info/organizations/proc/8538,2026-08-02,岐阜県,地方公共団体,1
福島県後期高齢者医療広域連合,46,,,0,,https://www2.njss.info/organizations/proc/8674,2026-08-02,福島県,地方公共団体,1
山口県市町村職員共済組合,46,,,0,,https://www2.njss.info/organizations/proc/9257,2026-08-02,山口県,地方公共団体,1
日本赤十字社 石川県赤十字血液センター,45,,,0,,https://www2.njss.info/organizations/proc/1169,2026-08-02,石川県,国・省庁,0
NTTドコモビジネス株式会社,45,,,0,,https://www2.njss.info/organizations/proc/1304,2026-08-02,東京都,国・省庁,1
農林水産省(MAFF) 林野庁(FA) 関東森林管理局 福島森林管理署 白河支署,45,,,0,,https://www2.njss.info/organizations/proc/1397,2026-08-02,福島県,国・省庁,0
法務省(MOJ) 近畿地方更生保護委員会,45,,,0,,https://www2.njss.info/organizations/proc/4079,2026-08-02,大阪府,国・省庁,0
法務省(MOJ) 東北地方更生保護委員会,45,,,0,,https://www2.njss.info/organizations/proc/4084,2026-08-02,宮城県,国・省庁,0
水資源機構 中部支社 揖斐川・長良川総合管理所 木曽川水系連絡導水路建設所,45,,,0,,https://www2.njss.info/organizations/proc/4983,2026-08-02,岐阜県,国・省庁,0
会津大学 短期大学部,45,,,0,,https://www2.njss.info/organizations/proc/5452,2026-08-02,福島県,国・省庁,0
北海道警察本部 栗山警察署,45,,,0,,https://www2.njss.info/organizations/proc/6936,2026-08-02,北海道,地方公共団体,0
北海道警察旭川方面本部 士別警察署,45,,,0,,https://www2.njss.info/organizations/proc/7014,2026-08-02,北海道,地方公共団体,0
鳥栖・三養基西部環境施設組合,45,,,0,,https://www2.njss.info/organizations/proc/7932,2026-08-02,佐賀県,地方公共団体,1
東葛中部地区総合開発事務組合,45,,,0,,https://www2.njss.info/organizations/proc/8398,2026-08-02,千葉県,地方公共団体,1
山口県後期高齢者医療広域連合,45,,,0,,https://www2.njss.info/organizations/proc/8474,2026-08-02,山口県,地方公共団体,1
千曲坂城消防組合,45,,,0,,https://www2.njss.info/organizations/proc/8658,2026-08-02,長野県,地方公共団体,1
倉浜衛生施設組合,45,,,0,,https://www2.njss.info/organizations/proc/8884,2026-08-02,沖縄県,地方公共団体,1
福岡県後期高齢者医療広域連合,45,,,0,,https://www2.njss.info/organizations/proc/8948,2026-08-02,福岡県,地方公共団体,1
東京電力ホールディングス株式会社,45,,,0,,https://www2.njss.info/organizations/proc/9292,2026-08-02,東京都,地方公共団体,1
大阪市立総合医療センター,44,,,0,,https://www2.njss.info/organizations/proc/5141,2026-08-02,大阪府,地方公共団体,1
積丹郡積丹町役場,44,,,0,,https://www2.njss.info/organizations/proc/6786,2026-08-02,北海道,地方公共団体,0
安芸郡東洋町役場,44,,,0,,https://www2.njss.info/organizations/proc/7078,2026-08-02,高知県,地方公共団体,0
横浜市役所 にぎわいスポーツ文化局,44,,,0,,https://www2.njss.info/organizations/proc/7096,2026-08-02,神奈川県,地方公共団体,0
住宅金融支援機構(JHF) 北海道支店,44,,,0,,https://www2.njss.info/organizations/proc/388,2026-08-02,北海道,国・省庁,0
厚生労働省(MHLW) 【［閉鎖］沖縄社会保険事務局】,44,,,0,,https://www2.njss.info/organizations/proc/647,2026-08-02,沖縄県,国・省庁,1
日本赤十字社 京都府支部,44,,,0,,https://www2.njss.info/organizations/proc/1135,2026-08-02,京都府,国・省庁,0
徳島県立三好病院,44,,,0,,https://www2.njss.info/organizations/proc/5782,2026-08-02,徳島県,地方公共団体,1
川上郡標茶町役場,44,,,0,,https://www2.njss.info/organizations/proc/6657,2026-08-02,北海道,地方公共団体,0
愛知道路コンセッション株式会社,44,,,0,,https://www2.njss.info/organizations/proc/7717,2026-08-02,愛知県,国・省庁,1
夷隅郡市広域市町村圏事務組合,44,,,0,,https://www2.njss.info/organizations/proc/8410,2026-08-02,千葉県,地方公共団体,1
北信広域連合,44,,,0,,https://www2.njss.info/organizations/proc/8476,2026-08-02,長野県,地方公共団体,1
西日本高速道路株式会社(NEXCO) 九州支社 北九州高速道路事務所,43,,,0,,https://www2.njss.info/organizations/proc/2050,2026-08-02,福岡県,国・省庁,0
虻田郡京極町役場,43,,,0,,https://www2.njss.info/organizations/proc/6756,2026-08-02,北海道,地方公共団体,0
するが企画観光局,43,,,0,,https://www2.njss.info/organizations/proc/7605,2026-08-02,静岡県,国・省庁,1
厚生労働省(MHLW) 【［閉鎖］兵庫社会保険事務局】,43,,,0,,https://www2.njss.info/organizations/proc/628,2026-08-02,兵庫県,国・省庁,1
日本放送協会(NHK) 盛岡放送局,43,,,0,,https://www2.njss.info/organizations/proc/4258,2026-08-02,岩手県,国・省庁,0
山形県立保健医療大学,43,,,0,,https://www2.njss.info/organizations/proc/5401,2026-08-02,山形県,国・省庁,0
高齢・障害・求職者雇用支援機構 宮崎支部 宮崎職業能力開発促進センター延岡訓練センター,43,,,0,,https://www2.njss.info/organizations/proc/5873,2026-08-02,宮崎県,国・省庁,0
岩手県立釜石病院,43,,,0,,https://www2.njss.info/organizations/proc/5970,2026-08-02,岩手県,地方公共団体,1
神埼郡吉野ヶ里町役場,43,,,0,,https://www2.njss.info/organizations/proc/6306,2026-08-02,佐賀県,地方公共団体,0
北海道警察本部 白石警察署,43,,,0,,https://www2.njss.info/organizations/proc/6929,2026-08-02,北海道,地方公共団体,0
北海道警察本部 厚別警察署,43,,,0,,https://www2.njss.info/organizations/proc/6931,2026-08-02,北海道,地方公共団体,0
八頭郡智頭町役場,43,,,0,,https://www2.njss.info/organizations/proc/7000,2026-08-02,鳥取県,地方公共団体,0
横浜市役所 交通局,43,,,0,,https://www2.njss.info/organizations/proc/7108,2026-08-02,神奈川県,地方公共団体,0
最上川中部水道企業団,43,,,0,,https://www2.njss.info/organizations/proc/7406,2026-08-02,山形県,地方公共団体,1
新潟大学 新潟大学地域医療教育センター・魚沼基幹病院,43,,,0,,https://www2.njss.info/organizations/proc/7488,2026-08-02,新潟県,地方公共団体,0
石川県後期高齢者医療広域連合,43,,,0,,https://www2.njss.info/organizations/proc/8920,2026-08-02,石川県,地方公共団体,1
農林水産省(MAFF) 林野庁(FA) 関東森林管理局 上越森林管理署,42,,,0,,https://www2.njss.info/organizations/proc/1415,2026-08-02,新潟県,国・省庁,0
びわこビジターズビューロー,42,,,0,,https://www2.njss.info/organizations/proc/7595,2026-08-02,滋賀県,国・省庁,1
大分県立看護科学大学,42,,,0,,https://www2.njss.info/organizations/proc/5444,2026-08-02,大分県,国・省庁,0
日本赤十字社 滋賀県支部,42,,,0,,https://www2.njss.info/organizations/proc/1134,2026-08-02,滋賀県,国・省庁,0
日本赤十字社 函館赤十字病院,42,,,0,,https://www2.njss.info/organizations/proc/1209,2026-08-02,北海道,国・省庁,0
農林水産省(MAFF) 林野庁(FA) 関東森林管理局 埼玉森林管理事務所,42,,,0,,https://www2.njss.info/organizations/proc/1409,2026-08-02,埼玉県,国・省庁,0
農林水産省(MAFF) 林野庁(FA) 関東森林管理局 伊豆森林管理署,42,,,0,,https://www2.njss.info/organizations/proc/1418,2026-08-02,静岡県,国・省庁,0
日本放送協会(NHK) 静岡放送局,42,,,0,,https://www2.njss.info/organizations/proc/4224,2026-08-02,静岡県,国・省庁,0
［閉鎖］西宮市立中央病院,42,,,0,,https://www2.njss.info/organizations/proc/4354,2026-08-02,兵庫県,地方公共団体,1
都市再生機構(UR) 【［閉鎖］首都圏ニュータウン本部】 【［閉鎖］埼玉東部開発事務所】,42,,,0,,https://www2.njss.info/organizations/proc/4554,2026-08-02,埼玉県,国・省庁,1
大阪市役所 【［閉鎖］大都市局】,42,,,0,,https://www2.njss.info/organizations/proc/5243,2026-08-02,大阪府,地方公共団体,1
国土交通省(MLIT) 中部地方整備局 三重河川国道事務所,42,,,0,,https://www2.njss.info/organizations/proc/5253,2026-08-02,三重県,国・省庁,0
兵庫県立こども病院,42,,,0,,https://www2.njss.info/organizations/proc/5638,2026-08-02,兵庫県,地方公共団体,1
東日本旅客鉄道〈JR東日本〉,42,,,0,,https://www2.njss.info/organizations/proc/6347,2026-08-02,東京都,国・省庁,0
防衛省(MOD) 自衛隊旭川地方協力本部,42,,,0,,https://www2.njss.info/organizations/proc/7346,2026-08-02,北海道,国・省庁,0
西播磨水道企業団,42,,,0,,https://www2.njss.info/organizations/proc/7373,2026-08-02,兵庫県,地方公共団体,1
指宿広域市町村圏組合,42,,,0,,https://www2.njss.info/organizations/proc/8878,2026-08-02,鹿児島県,地方公共団体,1
日本地下石油備蓄株式会社,41,,,0,,https://www2.njss.info/organizations/proc/9803,2026-08-02,東京都,地方公共団体,1
西臼杵郡高千穂町役場,41,,,0,,https://www2.njss.info/organizations/proc/6329,2026-08-02,宮崎県,地方公共団体,0
島尻郡北大東村役場,41,,,0,,https://www2.njss.info/organizations/proc/6646,2026-08-02,沖縄県,地方公共団体,0
厚生労働省(MHLW) 国立障害者リハビリテーションセンター 【［閉鎖］国立塩原視力障害センター】,41,,,0,,https://www2.njss.info/organizations/proc/663,2026-08-02,栃木県,国・省庁,1
JKA〈Japan keirin Autorace foundation〉 【［閉鎖］車両情報センター(VIC)】,41,,,0,,https://www2.njss.info/organizations/proc/1666,2026-08-02,東京都,国・省庁,1
日本放送協会(NHK) 福島放送局,41,,,0,,https://www2.njss.info/organizations/proc/4259,2026-08-02,福島県,国・省庁,0
中頭郡中城村役場,41,,,0,,https://www2.njss.info/organizations/proc/6340,2026-08-02,沖縄県,地方公共団体,0
夕張郡由仁町役場,41,,,0,,https://www2.njss.info/organizations/proc/6804,2026-08-02,北海道,地方公共団体,0
中央日本総合観光機構,41,,,0,,https://www2.njss.info/organizations/proc/7207,2026-08-02,愛知県,国・省庁,1
諏訪中央病院組合,41,,,0,,https://www2.njss.info/organizations/proc/8454,2026-08-02,長野県,地方公共団体,1
北設広域事務組合,41,,,0,,https://www2.njss.info/organizations/proc/8568,2026-08-02,愛知県,地方公共団体,1
日本赤十字社 岩手県支部,40,,,0,,https://www2.njss.info/organizations/proc/1112,2026-08-02,岩手県,国・省庁,0
農林水産省(MAFF) 林野庁(FA) 関東森林管理局 吾妻森林管理署,40,,,0,,https://www2.njss.info/organizations/proc/1407,2026-08-02,群馬県,国・省庁,0
日本放送協会(NHK) 前橋放送局,40,,,0,,https://www2.njss.info/organizations/proc/4209,2026-08-02,群馬県,国・省庁,0
日本放送協会(NHK) 山形放送局,40,,,0,,https://www2.njss.info/organizations/proc/4257,2026-08-02,山形県,国・省庁,0
都市再生機構(UR) 【［閉鎖］首都圏ニュータウン本部】 【［閉鎖］埼玉常磐開発事務所】,40,,,0,,https://www2.njss.info/organizations/proc/4552,2026-08-02,埼玉県,国・省庁,1
静岡文化芸術大学,40,,,0,,https://www2.njss.info/organizations/proc/5411,2026-08-02,静岡県,国・省庁,0
余市郡赤井川村役場,40,,,0,,https://www2.njss.info/organizations/proc/6799,2026-08-02,北海道,地方公共団体,0
北海道警察本部 千歳警察署,40,,,0,,https://www2.njss.info/organizations/proc/6934,2026-08-02,北海道,地方公共団体,0
北海道警察本部 赤歌警察署,40,,,0,,https://www2.njss.info/organizations/proc/6940,2026-08-02,北海道,地方公共団体,0
北海道警察本部 浦河警察署,40,,,0,,https://www2.njss.info/organizations/proc/6951,2026-08-02,北海道,地方公共団体,0
北海道警察旭川方面本部 富良野警察署,40,,,0,,https://www2.njss.info/organizations/proc/7019,2026-08-02,北海道,地方公共団体,0
安芸郡田野町役場,40,,,0,,https://www2.njss.info/organizations/proc/7079,2026-08-02,高知県,地方公共団体,0
国土交通省(MLIT) 九州地方整備局 有明海沿岸国道事務所,40,,,0,,https://www2.njss.info/organizations/proc/7843,2026-08-02,福岡県,国・省庁,0
国土交通省(MLIT) 九州地方整備局 八代復興事務所,40,,,0,,https://www2.njss.info/organizations/proc/8848,2026-08-02,熊本県,国・省庁,0
恩賜財団 済生会 静岡県済生会 静岡済生会総合病院,40,,,0,,https://www2.njss.info/organizations/proc/9074,2026-08-02,静岡県,地方公共団体,0
農林水産省(MAFF) 北陸農政局 信濃川水系土地改良調査管理事務所 阿賀野川用水支所,39,,,0,,https://www2.njss.info/organizations/proc/3876,2026-08-02,新潟県,国・省庁,0
上水内郡小川村役場,39,,,0,,https://www2.njss.info/organizations/proc/6986,2026-08-02,長野県,地方公共団体,0
日本赤十字社 下伊那赤十字病院,39,,,0,,https://www2.njss.info/organizations/proc/1239,2026-08-02,長野県,国・省庁,0
労働者健康安全機構 東北労災病院 治療就労両立支援センター,39,,,0,,https://www2.njss.info/organizations/proc/1541,2026-08-02,宮城県,国・省庁,0
西日本高速道路株式会社(NEXCO) 関西支社 第二神明道路管理事務所,39,,,0,,https://www2.njss.info/organizations/proc/2021,2026-08-02,京都府,国・省庁,0
防衛省(MOD) 自衛隊岩手地方協力本部,39,,,0,,https://www2.njss.info/organizations/proc/4501,2026-08-02,岩手県,国・省庁,0
日本赤十字社 庄原赤十字病院,39,,,0,,https://www2.njss.info/organizations/proc/6434,2026-08-02,広島県,国・省庁,0
古宇郡泊村役場,39,,,0,,https://www2.njss.info/organizations/proc/6794,2026-08-02,北海道,地方公共団体,0
北海道警察本部 岩内警察署,39,,,0,,https://www2.njss.info/organizations/proc/6945,2026-08-02,北海道,地方公共団体,0
広域大和斎場組合,39,,,0,,https://www2.njss.info/organizations/proc/8348,2026-08-02,神奈川県,地方公共団体,1
鯖江・丹生消防組合,39,,,0,,https://www2.njss.info/organizations/proc/9727,2026-08-02,福井県,地方公共団体,1
むつ小川原石油備蓄株式会社,38,,,0,,https://www2.njss.info/organizations/proc/9802,2026-08-02,青森県,地方公共団体,1
山口県立こころの医療センター,38,,,0,,https://www2.njss.info/organizations/proc/5780,2026-08-02,山口県,地方公共団体,1
木曽郡上松町役場,38,,,0,,https://www2.njss.info/organizations/proc/6964,2026-08-02,長野県,地方公共団体,0
防衛省(MOD) 海上自衛隊 稚内基地分遣隊,38,,,0,,https://www2.njss.info/organizations/proc/64,2026-08-02,北海道,国・省庁,0
厚生労働省(MHLW) 【［閉鎖］群馬社会保険事務局】,38,,,0,,https://www2.njss.info/organizations/proc/625,2026-08-02,群馬県,国・省庁,1
国土交通省(MLIT) 北陸地方整備局 湯沢砂防事務所,38,,,0,,https://www2.njss.info/organizations/proc/938,2026-08-02,新潟県,国・省庁,0
日本赤十字社 秋田県赤十字血液センター,38,,,0,,https://www2.njss.info/organizations/proc/1158,2026-08-02,秋田県,国・省庁,0
東日本高速道路株式会社(NEXCO) 関東支社 千葉工事事務所,38,,,0,,https://www2.njss.info/organizations/proc/1951,2026-08-02,千葉県,国・省庁,0
防衛省(MOD) 陸上自衛隊 中部方面隊 中部方面会計隊 大久保駐屯地 第397会計隊,38,,,0,,https://www2.njss.info/organizations/proc/4020,2026-08-02,京都府,国・省庁,0
防衛省(MOD) 陸上自衛隊 中部方面隊 中部方面会計隊 姫路駐屯地 第347会計隊,38,,,0,,https://www2.njss.info/organizations/proc/4023,2026-08-02,兵庫県,国・省庁,0
日本放送協会(NHK) 水戸放送局,38,,,0,,https://www2.njss.info/organizations/proc/4210,2026-08-02,茨城県,国・省庁,0
日本放送協会(NHK) 高知放送局,38,,,0,,https://www2.njss.info/organizations/proc/4269,2026-08-02,高知県,国・省庁,0
人間文化研究機構 総合地球環境学研究所,38,,,0,,https://www2.njss.info/organizations/proc/4459,2026-08-02,京都府,国・省庁,0
佐世保市総合医療センター,38,,,0,,https://www2.njss.info/organizations/proc/5344,2026-08-02,長崎県,地方公共団体,1
安八郡安八町役場,38,,,0,,https://www2.njss.info/organizations/proc/6273,2026-08-02,岐阜県,地方公共団体,0
北海道警察本部 手稲警察署,38,,,0,,https://www2.njss.info/organizations/proc/6932,2026-08-02,北海道,地方公共団体,0
八頭郡若桜町役場,38,,,0,,https://www2.njss.info/organizations/proc/7003,2026-08-02,鳥取県,地方公共団体,0
北海道警察旭川方面本部 枝幸警察署,38,,,0,,https://www2.njss.info/organizations/proc/7017,2026-08-02,北海道,地方公共団体,0
北海道警察旭川方面本部 天塩警察署,38,,,0,,https://www2.njss.info/organizations/proc/7023,2026-08-02,北海道,地方公共団体,0
三条地域水道用水供給企業団,38,,,0,,https://www2.njss.info/organizations/proc/7415,2026-08-02,新潟県,地方公共団体,1
［閉鎖］宇部・阿知須公共下水道組合,38,,,0,,https://www2.njss.info/organizations/proc/7494,2026-08-02,山口県,地方公共団体,1
ふじみ衛生組合,38,,,0,,https://www2.njss.info/organizations/proc/7914,2026-08-02,東京都,地方公共団体,1
柳井地区広域消防組合,38,,,0,,https://www2.njss.info/organizations/proc/8228,2026-08-02,山口県,地方公共団体,1
福井坂井地区広域市町村圏事務組合,38,,,0,,https://www2.njss.info/organizations/proc/8378,2026-08-02,福井県,地方公共団体,1
公立丹南病院組合,38,,,0,,https://www2.njss.info/organizations/proc/8434,2026-08-02,福井県,地方公共団体,1
長崎県庁 秘書・広報戦略部,38,,,0,,https://www2.njss.info/organizations/proc/9104,2026-08-02,長崎県,地方公共団体,0
鋸南地区環境衛生組合,38,,,0,,https://www2.njss.info/organizations/proc/9370,2026-08-02,千葉県,地方公共団体,1
北海道警察旭川方面本部 旭川東警察署,37,,,0,,https://www2.njss.info/organizations/proc/7013,2026-08-02,北海道,地方公共団体,0
防衛省(MOD) 海上自衛隊 新潟基地分遣隊,37,,,0,,https://www2.njss.info/organizations/proc/73,2026-08-02,新潟県,国・省庁,0
防衛省(MOD) 陸上自衛隊 中部方面隊 中部方面会計隊 金沢駐屯地 第336会計隊,37,,,0,,https://www2.njss.info/organizations/proc/4015,2026-08-02,石川県,国・省庁,0
日本放送協会(NHK) 富山放送局,37,,,0,,https://www2.njss.info/organizations/proc/4227,2026-08-02,富山県,国・省庁,0
国土交通省(MLIT) 中国地方整備局 中国技術事務所,37,,,0,,https://www2.njss.info/organizations/proc/5269,2026-08-02,広島県,国・省庁,0
県立北薩病院,37,,,0,,https://www2.njss.info/organizations/proc/5903,2026-08-02,鹿児島県,地方公共団体,1
茨城県道路公社,37,,,0,,https://www2.njss.info/organizations/proc/6047,2026-08-02,茨城県,地方公共団体,1
宮崎県道路公社,37,,,0,,https://www2.njss.info/organizations/proc/6106,2026-08-02,宮崎県,地方公共団体,1
島尻郡渡名喜村役場,37,,,0,,https://www2.njss.info/organizations/proc/6647,2026-08-02,沖縄県,地方公共団体,0
北海道警察釧路方面本部 根室警察署,37,,,0,,https://www2.njss.info/organizations/proc/7027,2026-08-02,北海道,地方公共団体,0
国土交通省(MLIT) 中部地方整備局 北勢国道事務所,37,,,0,,https://www2.njss.info/organizations/proc/7308,2026-08-02,三重県,国・省庁,0
鳥取県後期高齢者医療広域連合,37,,,0,,https://www2.njss.info/organizations/proc/8936,2026-08-02,鳥取県,地方公共団体,1
長崎県後期高齢者医療広域連合,37,,,0,,https://www2.njss.info/organizations/proc/8950,2026-08-02,長崎県,地方公共団体,1
恩賜財団 済生会 福岡県済生会 飯塚嘉穂病院,37,,,0,,https://www2.njss.info/organizations/proc/9094,2026-08-02,福岡県,地方公共団体,0
日本赤十字社 石川県支部,36,,,0,,https://www2.njss.info/organizations/proc/1126,2026-08-02,石川県,国・省庁,0
法務省(MOJ) 北海道地方更生保護委員会,36,,,0,,https://www2.njss.info/organizations/proc/4085,2026-08-02,北海道,国・省庁,0
広島市職員互助会,36,,,0,,https://www2.njss.info/organizations/proc/4359,2026-08-02,広島県,国・省庁,1
岡山県立大学,36,,,0,,https://www2.njss.info/organizations/proc/4481,2026-08-02,岡山県,国・省庁,0
市立青梅総合医療センター,36,,,0,,https://www2.njss.info/organizations/proc/5122,2026-08-02,東京都,地方公共団体,1
中頭郡読谷村役場,36,,,0,,https://www2.njss.info/organizations/proc/5892,2026-08-02,沖縄県,地方公共団体,0
河沼郡湯川村役場,36,,,0,,https://www2.njss.info/organizations/proc/6886,2026-08-02,福島県,地方公共団体,0
北都留郡丹波山村役場,36,,,0,,https://www2.njss.info/organizations/proc/6907,2026-08-02,山梨県,地方公共団体,0
北海道警察本部 【［閉鎖］美唄警察署】,36,,,0,,https://www2.njss.info/organizations/proc/6937,2026-08-02,北海道,地方公共団体,1
北海道警察函館方面本部 森警察署,36,,,0,,https://www2.njss.info/organizations/proc/6954,2026-08-02,北海道,地方公共団体,0
横浜市役所 国際局,36,,,0,,https://www2.njss.info/organizations/proc/7094,2026-08-02,神奈川県,地方公共団体,0
長崎県庁 福祉保健部 福祉事務所,36,,,0,,https://www2.njss.info/organizations/proc/7256,2026-08-02,長崎県,地方公共団体,0
国土交通省(MLIT) 中国地方整備局 山陰西部国道事務所,36,,,0,,https://www2.njss.info/organizations/proc/7835,2026-08-02,山口県,国・省庁,0
国土交通省(MLIT) 四国地方整備局 【［閉鎖］肱川緊急治水対策河川事務所】,36,,,0,,https://www2.njss.info/organizations/proc/7839,2026-08-02,愛媛県,国・省庁,1
庄内広域行政組合,36,,,0,,https://www2.njss.info/organizations/proc/8086,2026-08-02,山形県,地方公共団体,1
郡山地方広域消防組合,36,,,0,,https://www2.njss.info/organizations/proc/8096,2026-08-02,福島県,地方公共団体,1
稲敷地方広域市町村圏事務組合,36,,,0,,https://www2.njss.info/organizations/proc/8270,2026-08-02,茨城県,地方公共団体,1
農林水産省(MAFF) 林野庁(FA) 四国森林管理局 高知中部森林管理署,36,,,0,,https://www2.njss.info/organizations/proc/9156,2026-08-02,高知県,国・省庁,0
千葉県下水道公社,35,,,0,,https://www2.njss.info/organizations/proc/9827,2026-08-02,千葉県,地方公共団体,1
三重県下水道公社,35,,,0,,https://www2.njss.info/organizations/proc/9800,2026-08-02,三重県,地方公共団体,1
国土交通省(MLIT) 海難審判所,35,,,0,,https://www2.njss.info/organizations/proc/554,2026-08-02,東京都,国・省庁,0
農林水産省(MAFF) 植物防疫所 那覇植物防疫事務所,35,,,0,,https://www2.njss.info/organizations/proc/3916,2026-08-02,沖縄県,国・省庁,0
水資源機構 筑後川局 筑後川上流総合管理所 大山ダム管理所,35,,,0,,https://www2.njss.info/organizations/proc/492,2026-08-02,大分県,国・省庁,0
厚生労働省(MHLW) 【［閉鎖］岩手社会保険事務局】,35,,,0,,https://www2.njss.info/organizations/proc/631,2026-08-02,岩手県,国・省庁,1
労働者健康安全機構 釧路労災看護専門学校,35,,,0,,https://www2.njss.info/organizations/proc/1555,2026-08-02,北海道,国・省庁,0
防衛省(MOD) 陸上自衛隊 東部方面隊 東部方面会計隊 立川駐屯地 第431会計隊,35,,,0,,https://www2.njss.info/organizations/proc/4009,2026-08-02,東京都,国・省庁,0
法務省(MOJ) 中部地方更生保護委員会,35,,,0,,https://www2.njss.info/organizations/proc/4080,2026-08-02,愛知県,国・省庁,0
情報・システム研究機構 国立極地研究所,35,,,0,,https://www2.njss.info/organizations/proc/4447,2026-08-02,東京都,国・省庁,1
北九州市立大学,35,,,0,,https://www2.njss.info/organizations/proc/4469,2026-08-02,福岡県,国・省庁,0
香川県広域水道企業団 【［閉鎖］綾川事務所】,35,,,0,,https://www2.njss.info/organizations/proc/7507,2026-08-02,香川県,地方公共団体,1
鹿児島観光コンベンション協会,35,,,0,,https://www2.njss.info/organizations/proc/7618,2026-08-02,鹿児島県,国・省庁,1
埼玉県総合リハビリテーションセンター,35,,,0,,https://www2.njss.info/organizations/proc/7660,2026-08-02,埼玉県,地方公共団体,1
猪名川上流広域ごみ処理施設組合,35,,,0,,https://www2.njss.info/organizations/proc/7928,2026-08-02,兵庫県,地方公共団体,1
雲南市・飯南町事務組合,35,,,0,,https://www2.njss.info/organizations/proc/8706,2026-08-02,島根県,地方公共団体,1
恩賜財団 済生会 神奈川県済生会 横浜市東部病院,35,,,0,,https://www2.njss.info/organizations/proc/9052,2026-08-02,神奈川県,地方公共団体,0
恩賜財団 済生会 茨城県済生会 水戸済生会総合病院,35,,,0,,https://www2.njss.info/organizations/proc/9064,2026-08-02,茨城県,地方公共団体,0
恩賜財団 済生会 福岡県済生会 大牟田病院,35,,,0,,https://www2.njss.info/organizations/proc/9096,2026-08-02,福岡県,地方公共団体,0
市立岸和田市民病院,34,,,0,,https://www2.njss.info/organizations/proc/4383,2026-08-02,大阪府,地方公共団体,1
国土交通省(MLIT) 中部地方整備局 木曽川上流河川事務所,34,,,0,,https://www2.njss.info/organizations/proc/5220,2026-08-02,岐阜県,国・省庁,0
日本放送協会(NHK) 徳島放送局,34,,,0,,https://www2.njss.info/organizations/proc/4270,2026-08-02,徳島県,国・省庁,0
都市再生機構(UR) 東日本賃貸住宅本部 東日本公園事務所,34,,,0,,https://www2.njss.info/organizations/proc/4518,2026-08-02,東京都,国・省庁,0
都市再生機構(UR) 【［閉鎖］首都圏ニュータウン本部】 【［閉鎖］埼玉西部開発事務所】,34,,,0,,https://www2.njss.info/organizations/proc/4553,2026-08-02,埼玉県,国・省庁,1
岩手県立大学 宮古短期大学部,34,,,0,,https://www2.njss.info/organizations/proc/5448,2026-08-02,岩手県,国・省庁,0
兵庫県立ひょうごこころの医療センター,34,,,0,,https://www2.njss.info/organizations/proc/5636,2026-08-02,兵庫県,地方公共団体,1
西牟婁郡すさみ町役場,34,,,0,,https://www2.njss.info/organizations/proc/6583,2026-08-02,和歌山県,地方公共団体,0
北都留郡小菅村役場,34,,,0,,https://www2.njss.info/organizations/proc/6906,2026-08-02,山梨県,地方公共団体,0
土佐郡大川村役場,34,,,0,,https://www2.njss.info/organizations/proc/7083,2026-08-02,高知県,地方公共団体,0
北九州市住宅供給公社,34,,,0,,https://www2.njss.info/organizations/proc/7473,2026-08-02,福岡県,地方公共団体,1
最上広域市町村圏事務組合,34,,,0,,https://www2.njss.info/organizations/proc/8088,2026-08-02,山形県,地方公共団体,1
佐倉市、四街道市、酒々井町葬祭組合,34,,,0,,https://www2.njss.info/organizations/proc/8402,2026-08-02,千葉県,地方公共団体,1
多摩ニュータウン環境組合,33,,,0,,https://www2.njss.info/organizations/proc/7922,2026-08-02,東京都,地方公共団体,1
厚生労働省(MHLW) 【［閉鎖］青森社会保険事務局】,33,,,0,,https://www2.njss.info/organizations/proc/618,2026-08-02,青森県,国・省庁,1
日本赤十字社 茨城県赤十字血液センター,33,,,0,,https://www2.njss.info/organizations/proc/1160,2026-08-02,茨城県,国・省庁,0
日本赤十字社 長野県赤十字血液センター,33,,,0,,https://www2.njss.info/organizations/proc/1172,2026-08-02,長野県,国・省庁,0
日本赤十字社 大分県赤十字血液センター,33,,,0,,https://www2.njss.info/organizations/proc/1195,2026-08-02,大分県,国・省庁,0
農林水産省(MAFF) 林野庁(FA) 関東森林管理局 中越森林管理署,33,,,0,,https://www2.njss.info/organizations/proc/1412,2026-08-02,新潟県,国・省庁,0
日本放送協会(NHK) 宮崎放送局,33,,,0,,https://www2.njss.info/organizations/proc/4251,2026-08-02,宮崎県,国・省庁,0
都市再生機構(UR) 【［閉鎖］首都圏ニュータウン本部】 【［閉鎖］木更津開発事務所】,33,,,0,,https://www2.njss.info/organizations/proc/4549,2026-08-02,千葉県,国・省庁,1
船橋市立医療センター,33,,,0,,https://www2.njss.info/organizations/proc/5137,2026-08-02,千葉県,地方公共団体,1
岡崎市民病院,33,,,0,,https://www2.njss.info/organizations/proc/5158,2026-08-02,愛知県,地方公共団体,1
石川県立中央病院,33,,,0,,https://www2.njss.info/organizations/proc/5712,2026-08-02,石川県,地方公共団体,1
高齢・障害・求職者雇用支援機構 福島支部 福島職業能力開発促進センターいわき訓練センター,33,,,0,,https://www2.njss.info/organizations/proc/5797,2026-08-02,福島県,国・省庁,0
高齢・障害・求職者雇用支援機構 熊本支部 熊本職業能力開発促進センター荒尾訓練センター,33,,,0,,https://www2.njss.info/organizations/proc/5871,2026-08-02,熊本県,国・省庁,0
奥尻郡奥尻町役場,33,,,0,,https://www2.njss.info/organizations/proc/6777,2026-08-02,北海道,地方公共団体,0
北海道警察函館方面本部 寿都警察署,33,,,0,,https://www2.njss.info/organizations/proc/6960,2026-08-02,北海道,地方公共団体,0
金沢大学 金沢大学附属病院,33,,,0,,https://www2.njss.info/organizations/proc/7289,2026-08-02,石川県,国・省庁,0
君津富津広域下水道組合,33,,,0,,https://www2.njss.info/organizations/proc/7330,2026-08-02,千葉県,地方公共団体,1
アグリオープンイノベーション機構,33,,,0,,https://www2.njss.info/organizations/proc/7735,2026-08-02,静岡県,国・省庁,1
長野県庁 姫川砂防事務所,33,,,0,,https://www2.njss.info/organizations/proc/7770,2026-08-02,長野県,地方公共団体,0
やまと広域環境衛生事務組合,33,,,0,,https://www2.njss.info/organizations/proc/8720,2026-08-02,奈良県,地方公共団体,1
鹿児島県後期高齢者医療広域連合,33,,,0,,https://www2.njss.info/organizations/proc/8952,2026-08-02,鹿児島県,地方公共団体,1
日本国際協力システム,32,,,0,,https://www2.njss.info/organizations/proc/9793,2026-08-02,東京都,国・省庁,1
法務省(MOJ) 矯正局 矯正研修所,32,,,0,,https://www2.njss.info/organizations/proc/4073,2026-08-02,東京都,国・省庁,0
国土交通省(MLIT) 中部地方整備局 庄内川河川事務所,32,,,0,,https://www2.njss.info/organizations/proc/5234,2026-08-02,愛知県,国・省庁,0
公立甲賀病院組合 公立甲賀病院,32,,,0,,https://www2.njss.info/organizations/proc/7990,2026-08-02,滋賀県,地方公共団体,1
日本赤十字社 【［閉鎖］柏原赤十字病院】,32,,,0,,https://www2.njss.info/organizations/proc/1258,2026-08-02,兵庫県,国・省庁,1
労働者健康安全機構 大阪労災看護専門学校,32,,,0,,https://www2.njss.info/organizations/proc/1559,2026-08-02,大阪府,国・省庁,0
日本放送協会(NHK) 長崎放送局,32,,,0,,https://www2.njss.info/organizations/proc/4249,2026-08-02,長崎県,国・省庁,0
日本放送協会(NHK) 鹿児島放送局,32,,,0,,https://www2.njss.info/organizations/proc/4250,2026-08-02,鹿児島県,国・省庁,0
奈良県庁 委員会事務局,32,,,0,,https://www2.njss.info/organizations/proc/4809,2026-08-02,奈良県,地方公共団体,0
吉野郡東吉野村役場,32,,,0,,https://www2.njss.info/organizations/proc/6572,2026-08-02,奈良県,地方公共団体,0
日高郡印南町役場,32,,,0,,https://www2.njss.info/organizations/proc/6578,2026-08-02,和歌山県,地方公共団体,0
田川郡大任町役場,32,,,0,,https://www2.njss.info/organizations/proc/6596,2026-08-02,福岡県,地方公共団体,0
北海道警察本部 江別警察署,32,,,0,,https://www2.njss.info/organizations/proc/6933,2026-08-02,北海道,地方公共団体,0
北海道警察函館方面本部 八雲警察署,32,,,0,,https://www2.njss.info/organizations/proc/6955,2026-08-02,北海道,地方公共団体,0
旭川医科大学 旭川医科大学病院,32,,,0,,https://www2.njss.info/organizations/proc/7280,2026-08-02,北海道,国・省庁,0
十勝中部広域水道企業団,32,,,0,,https://www2.njss.info/organizations/proc/7400,2026-08-02,北海道,地方公共団体,1
筑後市立病院,32,,,0,,https://www2.njss.info/organizations/proc/8000,2026-08-02,福岡県,地方公共団体,1
北アルプス広域連合,32,,,0,,https://www2.njss.info/organizations/proc/8682,2026-08-02,長野県,地方公共団体,1
国立病院機構 北海道東北グループ 札幌南病院,31,,,0,,https://www2.njss.info/organizations/proc/763,2026-08-02,北海道,国・省庁,0
日本放送協会(NHK) 長野放送局,31,,,0,,https://www2.njss.info/organizations/proc/4204,2026-08-02,長野県,国・省庁,0
日本放送協会(NHK) 松江放送局,31,,,0,,https://www2.njss.info/organizations/proc/4243,2026-08-02,島根県,国・省庁,0
群馬県立県民健康科学大学,31,,,0,,https://www2.njss.info/organizations/proc/4462,2026-08-02,群馬県,国・省庁,0
都市再生機構(UR) 【［閉鎖］首都圏ニュータウン本部】 【［閉鎖］千葉東部開発事務所】,31,,,0,,https://www2.njss.info/organizations/proc/4548,2026-08-02,千葉県,国・省庁,1
都市再生機構(UR) 【［閉鎖］首都圏ニュータウン本部】 【［閉鎖］神奈川中部開発事務所】,31,,,0,,https://www2.njss.info/organizations/proc/4550,2026-08-02,神奈川県,国・省庁,1
国土交通省(MLIT) 北陸地方整備局 金沢営繕事務所,31,,,0,,https://www2.njss.info/organizations/proc/5209,2026-08-02,石川県,国・省庁,0
国土交通省(MLIT) 中部地方整備局 浜松河川国道事務所,31,,,0,,https://www2.njss.info/organizations/proc/5230,2026-08-02,静岡県,国・省庁,0
【［閉鎖］兵庫県立姫路循環器病センター】,31,,,0,,https://www2.njss.info/organizations/proc/5640,2026-08-02,兵庫県,地方公共団体,1
刈田郡七ヶ宿町役場,31,,,0,,https://www2.njss.info/organizations/proc/6839,2026-08-02,宮城県,地方公共団体,0
北海道警察本部 余市警察署,31,,,0,,https://www2.njss.info/organizations/proc/6943,2026-08-02,北海道,地方公共団体,0
西知多医療厚生組合,31,,,0,,https://www2.njss.info/organizations/proc/7924,2026-08-02,愛知県,地方公共団体,1
東近江行政組合,31,,,0,,https://www2.njss.info/organizations/proc/8588,2026-08-02,滋賀県,地方公共団体,1
国立高等専門学校機構 秋田工業高等専門学校,31,,,0,,https://www2.njss.info/organizations/proc/9239,2026-08-02,秋田県,国・省庁,0
西日本高速道路株式会社(NEXCO) 関西支社 大津工事事務所,30,,,0,,https://www2.njss.info/organizations/proc/2024,2026-08-02,滋賀県,国・省庁,0
前橋工科大学,30,,,0,,https://www2.njss.info/organizations/proc/4464,2026-08-02,群馬県,国・省庁,0
八重山郡与那国町役場,30,,,0,,https://www2.njss.info/organizations/proc/6638,2026-08-02,沖縄県,地方公共団体,0
北海道警察北見方面本部 紋別警察署,30,,,0,,https://www2.njss.info/organizations/proc/7039,2026-08-02,北海道,地方公共団体,0
安芸郡奈半利町役場,30,,,0,,https://www2.njss.info/organizations/proc/7076,2026-08-02,高知県,地方公共団体,0
青森県産業技術センター,30,,,0,,https://www2.njss.info/organizations/proc/7998,2026-08-02,青森県,地方公共団体,1
山梨県市町村総合事務組合,30,,,0,,https://www2.njss.info/organizations/proc/8514,2026-08-02,山梨県,地方公共団体,1
恩賜財団 済生会 愛媛県済生会 今治病院,30,,,0,,https://www2.njss.info/organizations/proc/9319,2026-08-02,愛媛県,地方公共団体,0
厚生労働省(MHLW) 【［閉鎖］福井社会保険事務局】,30,,,0,,https://www2.njss.info/organizations/proc/621,2026-08-02,福井県,国・省庁,1
日本赤十字社 京都府赤十字血液センター,30,,,0,,https://www2.njss.info/organizations/proc/1178,2026-08-02,京都府,国・省庁,0
日本赤十字社 宮崎県赤十字血液センター,30,,,0,,https://www2.njss.info/organizations/proc/1196,2026-08-02,宮崎県,国・省庁,0
西日本高速道路株式会社(NEXCO) 九州支社 久留米管理事務所,30,,,0,,https://www2.njss.info/organizations/proc/2058,2026-08-02,福岡県,国・省庁,0
防衛省(MOD) 春日駐屯地 自衛隊福岡病院,30,,,0,,https://www2.njss.info/organizations/proc/4028,2026-08-02,福岡県,国・省庁,0
日本放送協会(NHK) 大津放送局,30,,,0,,https://www2.njss.info/organizations/proc/4220,2026-08-02,滋賀県,国・省庁,0
日本放送協会(NHK) 金沢放送局,30,,,0,,https://www2.njss.info/organizations/proc/4223,2026-08-02,石川県,国・省庁,0
日本放送協会(NHK) 高松放送局,30,,,0,,https://www2.njss.info/organizations/proc/4271,2026-08-02,香川県,国・省庁,0
尼崎市役所 【［閉鎖］交通局】,30,,,0,,https://www2.njss.info/organizations/proc/4379,2026-08-02,兵庫県,地方公共団体,1
［閉鎖］奈良県道路公社,30,,,0,,https://www2.njss.info/organizations/proc/6057,2026-08-02,奈良県,地方公共団体,1
東牟婁郡太地町役場,30,,,0,,https://www2.njss.info/organizations/proc/6584,2026-08-02,和歌山県,地方公共団体,0
川上郡弟子屈町役場,30,,,0,,https://www2.njss.info/organizations/proc/6659,2026-08-02,北海道,地方公共団体,0
河東郡士幌町役場,30,,,0,,https://www2.njss.info/organizations/proc/6671,2026-08-02,北海道,地方公共団体,0
増毛郡増毛町役場,30,,,0,,https://www2.njss.info/organizations/proc/6735,2026-08-02,北海道,地方公共団体,0
北海道警察函館方面本部 せたな警察署,30,,,0,,https://www2.njss.info/organizations/proc/6959,2026-08-02,北海道,地方公共団体,0
長崎県庁 農林関係地方機関,30,,,0,,https://www2.njss.info/organizations/proc/7260,2026-08-02,長崎県,地方公共団体,0
国土交通省(MLIT) 中部地方整備局 木曽川下流河川事務所,30,,,0,,https://www2.njss.info/organizations/proc/7301,2026-08-02,三重県,国・省庁,0
宮崎県観光協会,30,,,0,,https://www2.njss.info/organizations/proc/7617,2026-08-02,宮崎県,国・省庁,1
東大阪都市清掃施設組合,30,,,0,,https://www2.njss.info/organizations/proc/7729,2026-08-02,大阪府,地方公共団体,1
山形県公立大学法人,30,,,0,,https://www2.njss.info/organizations/proc/7737,2026-08-02,山形県,国・省庁,1
臨海部広域斎場組合,30,,,0,,https://www2.njss.info/organizations/proc/8416,2026-08-02,東京都,地方公共団体,1
みよし広域連合,30,,,0,,https://www2.njss.info/organizations/proc/8684,2026-08-02,徳島県,地方公共団体,1
北海道エアポート株式会社,30,,,0,,https://www2.njss.info/organizations/proc/9291,2026-08-02,北海道,地方公共団体,1
東諸県郡国富町役場,29,,,0,,https://www2.njss.info/organizations/proc/6118,2026-08-02,宮崎県,地方公共団体,0
西日本高速道路株式会社(NEXCO) 九州支社 宮崎工事事務所,29,,,0,,https://www2.njss.info/organizations/proc/2063,2026-08-02,宮崎県,国・省庁,0
吉野郡川上村役場,29,,,0,,https://www2.njss.info/organizations/proc/6549,2026-08-02,奈良県,地方公共団体,0
枚方寝屋川消防組合,29,,,0,,https://www2.njss.info/organizations/proc/8604,2026-08-02,大阪府,地方公共団体,1
佐久広域連合,29,,,0,,https://www2.njss.info/organizations/proc/8974,2026-08-02,長野県,地方公共団体,1
西諸県郡高原町役場,29,,,0,,https://www2.njss.info/organizations/proc/6331,2026-08-02,宮崎県,地方公共団体,0
西伯郡日吉津村役場,29,,,0,,https://www2.njss.info/organizations/proc/7006,2026-08-02,鳥取県,地方公共団体,0
久留米観光コンベンション国際交流協会,29,,,0,,https://www2.njss.info/organizations/proc/7610,2026-08-02,福岡県,国・省庁,1
札幌国際プラザ,29,,,0,,https://www2.njss.info/organizations/proc/7622,2026-08-02,北海道,国・省庁,1
国立高等専門学校機構 【［閉鎖］詫間電波工業高等専門学校】,29,,,0,,https://www2.njss.info/organizations/proc/213,2026-08-02,香川県,国・省庁,1
日本赤十字社 岡山県支部,29,,,0,,https://www2.njss.info/organizations/proc/1142,2026-08-02,岡山県,国・省庁,0
日本赤十字社 佐賀県支部,29,,,0,,https://www2.njss.info/organizations/proc/1148,2026-08-02,佐賀県,国・省庁,0
日本赤十字社 徳島県赤十字血液センター,29,,,0,,https://www2.njss.info/organizations/proc/1187,2026-08-02,徳島県,国・省庁,0
労働者健康安全機構 関西労災看護専門学校,29,,,0,,https://www2.njss.info/organizations/proc/1560,2026-08-02,兵庫県,国・省庁,0
日本放送協会(NHK) 福井放送局,29,,,0,,https://www2.njss.info/organizations/proc/4226,2026-08-02,福井県,国・省庁,0
日本放送協会(NHK) 山口放送局,29,,,0,,https://www2.njss.info/organizations/proc/4245,2026-08-02,山口県,国・省庁,0
日本放送協会(NHK) 沖縄放送局,29,,,0,,https://www2.njss.info/organizations/proc/4254,2026-08-02,沖縄県,国・省庁,0
東牟婁郡北山村役場,29,,,0,,https://www2.njss.info/organizations/proc/6586,2026-08-02,和歌山県,地方公共団体,0
杵島郡江北町役場,29,,,0,,https://www2.njss.info/organizations/proc/6600,2026-08-02,佐賀県,地方公共団体,0
東筑摩郡生坂村役場,29,,,0,,https://www2.njss.info/organizations/proc/6989,2026-08-02,長野県,地方公共団体,0
防衛省(MOD) 自衛隊帯広地方協力本部,29,,,0,,https://www2.njss.info/organizations/proc/7347,2026-08-02,北海道,国・省庁,0
浅麓水道企業団,29,,,0,,https://www2.njss.info/organizations/proc/7417,2026-08-02,長野県,地方公共団体,1
伊勢志摩観光コンベンション機構,29,,,0,,https://www2.njss.info/organizations/proc/7609,2026-08-02,三重県,国・省庁,1
人間文化研究機構,29,,,0,,https://www2.njss.info/organizations/proc/7845,2026-08-02,東京都,国・省庁,0
北河内4市リサイクル施設組合,29,,,0,,https://www2.njss.info/organizations/proc/8220,2026-08-02,大阪府,地方公共団体,1
埼玉東部消防組合,29,,,0,,https://www2.njss.info/organizations/proc/8320,2026-08-02,埼玉県,地方公共団体,1
中央広域環境施設組合,29,,,0,,https://www2.njss.info/organizations/proc/8740,2026-08-02,徳島県,地方公共団体,1
上益城消防組合,29,,,0,,https://www2.njss.info/organizations/proc/8818,2026-08-02,熊本県,地方公共団体,1
大隅肝属地区消防組合,29,,,0,,https://www2.njss.info/organizations/proc/8880,2026-08-02,鹿児島県,地方公共団体,1
日高郡みなべ町役場,28,,,0,,https://www2.njss.info/organizations/proc/6267,2026-08-02,和歌山県,地方公共団体,0
秋田石油備蓄株式会社,28,,,0,,https://www2.njss.info/organizations/proc/9804,2026-08-02,東京都,地方公共団体,1
日本赤十字社 富山県支部,28,,,0,,https://www2.njss.info/organizations/proc/1125,2026-08-02,富山県,国・省庁,0
日本赤十字社 岩手県赤十字血液センター,28,,,0,,https://www2.njss.info/organizations/proc/1156,2026-08-02,岩手県,国・省庁,0
西日本高速道路株式会社(NEXCO) 四国支社 香川管理事務所,28,,,0,,https://www2.njss.info/organizations/proc/2046,2026-08-02,香川県,国・省庁,0
防衛省(MOD) 航空自衛隊 八雲分屯基地 第20高射隊,28,,,0,,https://www2.njss.info/organizations/proc/4041,2026-08-02,北海道,国・省庁,0
日本放送協会(NHK) 甲府放送局,28,,,0,,https://www2.njss.info/organizations/proc/4207,2026-08-02,山梨県,国・省庁,0
日本放送協会(NHK) 横浜放送局,28,,,0,,https://www2.njss.info/organizations/proc/4208,2026-08-02,神奈川県,国・省庁,0
日本放送協会(NHK) 鳥取放送局,28,,,0,,https://www2.njss.info/organizations/proc/4244,2026-08-02,鳥取県,国・省庁,0
日本放送協会(NHK) 大分放送局,28,,,0,,https://www2.njss.info/organizations/proc/4252,2026-08-02,大分県,国・省庁,0
日本放送協会(NHK) 佐賀放送局,28,,,0,,https://www2.njss.info/organizations/proc/4253,2026-08-02,佐賀県,国・省庁,0
都市再生機構(UR) 【［閉鎖］首都圏ニュータウン本部】 【［閉鎖］大宮西部開発事務所】,28,,,0,,https://www2.njss.info/organizations/proc/4556,2026-08-02,埼玉県,国・省庁,1
青森市民病院,28,,,0,,https://www2.njss.info/organizations/proc/5171,2026-08-02,青森県,地方公共団体,1
国土交通省(MLIT) 中部地方整備局 沼津河川国道事務所,28,,,0,,https://www2.njss.info/organizations/proc/5227,2026-08-02,静岡県,国・省庁,0
川口市立医療センター,28,,,0,,https://www2.njss.info/organizations/proc/5312,2026-08-02,埼玉県,地方公共団体,1
高齢・障害・求職者雇用支援機構 兵庫支部 兵庫職業能力開発促進センター加古川訓練センター,28,,,0,,https://www2.njss.info/organizations/proc/5853,2026-08-02,兵庫県,国・省庁,0
県立大島病院,28,,,0,,https://www2.njss.info/organizations/proc/5900,2026-08-02,鹿児島県,地方公共団体,1
福島県庁 企画調整部 避難地域復興局,28,,,0,,https://www2.njss.info/organizations/proc/6290,2026-08-02,福島県,地方公共団体,0
西空知広域水道企業団,28,,,0,,https://www2.njss.info/organizations/proc/7397,2026-08-02,北海道,地方公共団体,1
香川県広域水道企業団 【［閉鎖］土庄事務所】,28,,,0,,https://www2.njss.info/organizations/proc/7503,2026-08-02,香川県,地方公共団体,1
志摩広域行政組合,28,,,0,,https://www2.njss.info/organizations/proc/8584,2026-08-02,三重県,地方公共団体,1
佐賀県東部環境施設組合,28,,,0,,https://www2.njss.info/organizations/proc/8792,2026-08-02,佐賀県,地方公共団体,1
国土交通省(MLIT) 九州地方整備局 九州道路メンテナンスセンター,28,,,0,,https://www2.njss.info/organizations/proc/9012,2026-08-02,福岡県,国・省庁,0
恩賜財団 済生会 福島県済生会 福島総合病院,28,,,0,,https://www2.njss.info/organizations/proc/9050,2026-08-02,福島県,地方公共団体,0
志布志石油備蓄株式会社,27,,,0,,https://www2.njss.info/organizations/proc/9808,2026-08-02,東京都,地方公共団体,1
広島県水道広域連合企業団 安芸高田事務所,27,,,0,,https://www2.njss.info/organizations/proc/9110,2026-08-02,広島県,地方公共団体,1
鳥取県天神川流域下水道公社,27,,,0,,https://www2.njss.info/organizations/proc/9439,2026-08-02,鳥取県,地方公共団体,1
日野市立病院,27,,,0,,https://www2.njss.info/organizations/proc/5124,2026-08-02,東京都,地方公共団体,1
日本赤十字社 富山県赤十字血液センター,27,,,0,,https://www2.njss.info/organizations/proc/1168,2026-08-02,富山県,国・省庁,0
西日本高速道路株式会社(NEXCO) 中国支社 広島高速道路事務所,27,,,0,,https://www2.njss.info/organizations/proc/2030,2026-08-02,広島県,国・省庁,0
日本放送協会(NHK) 奈良放送局,27,,,0,,https://www2.njss.info/organizations/proc/4219,2026-08-02,奈良県,国・省庁,0
［閉鎖］岡崎市立愛知病院,27,,,0,,https://www2.njss.info/organizations/proc/5964,2026-08-02,愛知県,地方公共団体,1
福岡県道路公社,27,,,0,,https://www2.njss.info/organizations/proc/6102,2026-08-02,福岡県,地方公共団体,1
北海道警察釧路方面本部 中標津警察署,27,,,0,,https://www2.njss.info/organizations/proc/7028,2026-08-02,北海道,地方公共団体,0
桂沢水道企業団,27,,,0,,https://www2.njss.info/organizations/proc/7394,2026-08-02,北海道,地方公共団体,1
宮城東部衛生処理組合,27,,,0,,https://www2.njss.info/organizations/proc/8062,2026-08-02,宮城県,地方公共団体,1
東京都島嶼町村一部事務組合,27,,,0,,https://www2.njss.info/organizations/proc/8340,2026-08-02,東京都,地方公共団体,1
東京都後期高齢者医療広域連合,27,,,0,,https://www2.njss.info/organizations/proc/8470,2026-08-02,東京都,地方公共団体,1
千葉県総合救急災害医療センター,27,,,0,,https://www2.njss.info/organizations/proc/9198,2026-08-02,千葉県,地方公共団体,1
恩賜財団 済生会 大分県済生会 日田病院,27,,,0,,https://www2.njss.info/organizations/proc/9304,2026-08-02,大分県,地方公共団体,0
東三河広域連合,27,,,0,,https://www2.njss.info/organizations/proc/9532,2026-08-02,愛知県,地方公共団体,1
大阪産業技術研究所,26,,,0,,https://www2.njss.info/organizations/proc/9791,2026-08-02,大阪府,地方公共団体,1
西日本高速道路株式会社(NEXCO) 関西支社 福知山高速道路事務所,26,,,0,,https://www2.njss.info/organizations/proc/2012,2026-08-02,京都府,国・省庁,0
西日本高速道路株式会社(NEXCO) 九州支社 大分高速道路事務所,26,,,0,,https://www2.njss.info/organizations/proc/2055,2026-08-02,大分県,国・省庁,0
住宅金融支援機構(JHF) 四国支店,26,,,0,,https://www2.njss.info/organizations/proc/394,2026-08-02,香川県,国・省庁,0
農林水産省(MAFF) 林野庁(FA) 関東森林管理局 下越森林管理署 村上支署,26,,,0,,https://www2.njss.info/organizations/proc/1414,2026-08-02,新潟県,国・省庁,0
労働者健康安全機構 九州労災病院 治療就労両立支援センター,26,,,0,,https://www2.njss.info/organizations/proc/1547,2026-08-02,福岡県,国・省庁,0
労働者健康安全機構 千葉労災看護専門学校,26,,,0,,https://www2.njss.info/organizations/proc/1556,2026-08-02,千葉県,国・省庁,0
労働者健康安全機構 中部労災看護専門学校,26,,,0,,https://www2.njss.info/organizations/proc/1558,2026-08-02,愛知県,国・省庁,0
労働者健康安全機構 岡山労災看護専門学校,26,,,0,,https://www2.njss.info/organizations/proc/1561,2026-08-02,岡山県,国・省庁,0
東日本高速道路株式会社(NEXCO) 新潟支社 湯沢管理事務所,26,,,0,,https://www2.njss.info/organizations/proc/1955,2026-08-02,新潟県,国・省庁,0
防衛省(MOD) 陸上自衛隊 中部方面隊 中部方面会計隊 【［閉鎖］八尾駐屯地 第429会計隊】,26,,,0,,https://www2.njss.info/organizations/proc/4011,2026-08-02,大阪府,国・省庁,1
防衛省(MOD) 陸上自衛隊 中部方面隊 中部方面会計隊 春日井駐屯地 第426会計隊,26,,,0,,https://www2.njss.info/organizations/proc/4025,2026-08-02,愛知県,国・省庁,0
柏原市役所【［閉鎖］上下水道部】,26,,,0,,https://www2.njss.info/organizations/proc/4430,2026-08-02,大阪府,地方公共団体,1
高齢・障害・求職者雇用支援機構 北海道支部 北海道職業能力開発促進センター旭川訓練センター,26,,,0,,https://www2.njss.info/organizations/proc/5766,2026-08-02,北海道,国・省庁,0
島尻郡南大東村役場,26,,,0,,https://www2.njss.info/organizations/proc/6640,2026-08-02,沖縄県,地方公共団体,0
大島郡天城町役場,26,,,0,,https://www2.njss.info/organizations/proc/6720,2026-08-02,鹿児島県,地方公共団体,0
枝幸郡浜頓別町役場,26,,,0,,https://www2.njss.info/organizations/proc/6751,2026-08-02,北海道,地方公共団体,0
北海道警察函館方面本部 松前警察署,26,,,0,,https://www2.njss.info/organizations/proc/6957,2026-08-02,北海道,地方公共団体,0
南佐久郡南牧村役場,26,,,0,,https://www2.njss.info/organizations/proc/6983,2026-08-02,長野県,地方公共団体,0
富山大学 富山大学附属病院,26,,,0,,https://www2.njss.info/organizations/proc/7288,2026-08-02,富山県,国・省庁,0
香川県広域水道企業団 【［閉鎖］まんのう事務所】,26,,,0,,https://www2.njss.info/organizations/proc/7514,2026-08-02,香川県,地方公共団体,1
奈良県ビジターズビューロー,26,,,0,,https://www2.njss.info/organizations/proc/7600,2026-08-02,奈良県,国・省庁,1
防衛省(MOD) 海上自衛隊 第2術科学校,26,,,0,,https://www2.njss.info/organizations/proc/7632,2026-08-02,神奈川県,国・省庁,0
多摩観光推進協議会,26,,,0,,https://www2.njss.info/organizations/proc/7731,2026-08-02,東京都,地方公共団体,1
紀勢地区広域消防組合,26,,,0,,https://www2.njss.info/organizations/proc/8586,2026-08-02,三重県,地方公共団体,1
海南海草老人福祉施設事務組合,26,,,0,,https://www2.njss.info/organizations/proc/8634,2026-08-02,和歌山県,地方公共団体,1
恩賜財団 済生会 神奈川県済生会,26,,,0,,https://www2.njss.info/organizations/proc/9042,2026-08-02,神奈川県,地方公共団体,0
横浜市職員共済組合,26,,,0,,https://www2.njss.info/organizations/proc/9219,2026-08-02,神奈川県,地方公共団体,1
農林水産省(MAFF) 林野庁(FA) 関東森林管理局 山梨森林管理事務所,25,,,0,,https://www2.njss.info/organizations/proc/1411,2026-08-02,山梨県,国・省庁,0
西臼杵郡日之影町役場,25,,,0,,https://www2.njss.info/organizations/proc/6625,2026-08-02,宮崎県,地方公共団体,0
住宅金融支援機構(JHF) 南九州支店,25,,,0,,https://www2.njss.info/organizations/proc/397,2026-08-02,熊本県,国・省庁,0
法務省(MOJ) 矯正局 広島矯正管区 美祢社会復帰促進センター,25,,,0,,https://www2.njss.info/organizations/proc/4077,2026-08-02,山口県,国・省庁,0
長崎県病院企業団 長崎県対馬病院,25,,,0,,https://www2.njss.info/organizations/proc/5846,2026-08-02,長崎県,地方公共団体,1
空知郡奈井江町役場,25,,,0,,https://www2.njss.info/organizations/proc/6675,2026-08-02,北海道,地方公共団体,0
檜山郡厚沢部町役場,25,,,0,,https://www2.njss.info/organizations/proc/6746,2026-08-02,北海道,地方公共団体,0
北海道警察本部 門別警察署,25,,,0,,https://www2.njss.info/organizations/proc/6949,2026-08-02,北海道,地方公共団体,0
北海道警察函館方面本部 江差警察署,25,,,0,,https://www2.njss.info/organizations/proc/6958,2026-08-02,北海道,地方公共団体,0
日野郡江府町役場,25,,,0,,https://www2.njss.info/organizations/proc/7005,2026-08-02,鳥取県,地方公共団体,0
浜松医科大学 浜松医科大学医学部附属病院,25,,,0,,https://www2.njss.info/organizations/proc/7225,2026-08-02,静岡県,国・省庁,0
東京都庁 福祉局,25,,,0,,https://www2.njss.info/organizations/proc/7776,2026-08-02,東京都,地方公共団体,0
北見地区消防組合,25,,,0,,https://www2.njss.info/organizations/proc/7960,2026-08-02,北海道,地方公共団体,1
富士五湖広域行政事務組合,25,,,0,,https://www2.njss.info/organizations/proc/8212,2026-08-02,山梨県,地方公共団体,1
新潟県市町村総合事務組合,25,,,0,,https://www2.njss.info/organizations/proc/8354,2026-08-02,新潟県,地方公共団体,1
津山圏域消防組合,25,,,0,,https://www2.njss.info/organizations/proc/8730,2026-08-02,岡山県,地方公共団体,1
甘木・朝倉広域市町村圏事務組合,25,,,0,,https://www2.njss.info/organizations/proc/8854,2026-08-02,福岡県,地方公共団体,1
東牟婁郡串本町役場,24,,,0,,https://www2.njss.info/organizations/proc/6263,2026-08-02,和歌山県,地方公共団体,0
西日本高速道路株式会社(NEXCO) 中国支社 松江高速道路事務所,24,,,0,,https://www2.njss.info/organizations/proc/2032,2026-08-02,島根県,国・省庁,0
福井石油備蓄株式会社,24,,,0,,https://www2.njss.info/organizations/proc/9805,2026-08-02,東京都,地方公共団体,1
農林水産省(MAFF) 林野庁(FA) 関東森林管理局 千葉森林管理事務所,24,,,0,,https://www2.njss.info/organizations/proc/1410,2026-08-02,千葉県,国・省庁,0
岩内郡共和町役場,24,,,0,,https://www2.njss.info/organizations/proc/6672,2026-08-02,北海道,地方公共団体,0
二戸地区広域行政事務組合,24,,,0,,https://www2.njss.info/organizations/proc/7900,2026-08-02,岩手県,地方公共団体,1
恩賜財団 済生会 茨城県済生会 常陸大宮済生会病院,24,,,0,,https://www2.njss.info/organizations/proc/9072,2026-08-02,茨城県,地方公共団体,0
苫東石油備蓄株式会社,24,,,0,,https://www2.njss.info/organizations/proc/9801,2026-08-02,東京都,地方公共団体,1
日本赤十字社 福島県支部,24,,,0,,https://www2.njss.info/organizations/proc/1116,2026-08-02,福島県,国・省庁,0
日本赤十字社 鹿児島県支部,24,,,0,,https://www2.njss.info/organizations/proc/1153,2026-08-02,鹿児島県,国・省庁,0
日本赤十字社 沖縄県赤十字血液センター,24,,,0,,https://www2.njss.info/organizations/proc/1198,2026-08-02,沖縄県,国・省庁,0
防衛省(MOD) 陸上自衛隊 中部方面隊 中部方面会計隊 鯖江駐屯地 第417会計隊,24,,,0,,https://www2.njss.info/organizations/proc/4016,2026-08-02,福井県,国・省庁,0
日本放送協会(NHK) 宇都宮放送局,24,,,0,,https://www2.njss.info/organizations/proc/4212,2026-08-02,栃木県,国・省庁,0
日本放送協会(NHK) 岐阜放送局,24,,,0,,https://www2.njss.info/organizations/proc/4229,2026-08-02,岐阜県,国・省庁,0
都市再生機構(UR) 【［閉鎖］首都圏ニュータウン本部】 【［閉鎖］栃木開発事務所】,24,,,0,,https://www2.njss.info/organizations/proc/4555,2026-08-02,栃木県,国・省庁,1
奈良県庁 議会事務局,24,,,0,,https://www2.njss.info/organizations/proc/4810,2026-08-02,奈良県,地方公共団体,0
国立病院機構 中国四国グループ 岡山医療センター 岡山市立金川病院,24,,,0,,https://www2.njss.info/organizations/proc/5177,2026-08-02,岡山県,国・省庁,0
北茨城市民病院,24,,,0,,https://www2.njss.info/organizations/proc/5515,2026-08-02,茨城県,地方公共団体,1
［閉鎖］兵庫県立西宮病院,24,,,0,,https://www2.njss.info/organizations/proc/5633,2026-08-02,兵庫県,地方公共団体,1
長野県立阿南病院,24,,,0,,https://www2.njss.info/organizations/proc/5718,2026-08-02,長野県,地方公共団体,1
高齢・障害・求職者雇用支援機構 三重支部 三重職業能力開発促進センター伊勢訓練センター,24,,,0,,https://www2.njss.info/organizations/proc/5814,2026-08-02,三重県,国・省庁,0
大島郡宇検村役場,24,,,0,,https://www2.njss.info/organizations/proc/6724,2026-08-02,鹿児島県,地方公共団体,0
北海道警察本部 芦別警察署,24,,,0,,https://www2.njss.info/organizations/proc/6941,2026-08-02,北海道,地方公共団体,0
北海道警察釧路方面本部 厚岸警察署,24,,,0,,https://www2.njss.info/organizations/proc/7025,2026-08-02,北海道,地方公共団体,0
北海道警察釧路方面本部 広尾警察署,24,,,0,,https://www2.njss.info/organizations/proc/7033,2026-08-02,北海道,地方公共団体,0
仙台観光国際協会,24,,,0,,https://www2.njss.info/organizations/proc/7626,2026-08-02,宮城県,国・省庁,1
福山観光コンベンション協会,24,,,0,,https://www2.njss.info/organizations/proc/7648,2026-08-02,広島県,国・省庁,1
国際観光振興機構〈日本政府観光局〉(JNTO) バンコク事務所,24,,,0,,https://www2.njss.info/organizations/proc/7716,2026-08-02,東京都,国・省庁,0
横浜市役所 医療局病院経営本部,24,,,0,,https://www2.njss.info/organizations/proc/7718,2026-08-02,神奈川県,地方公共団体,0
福岡都市圏南部環境事業組合,24,,,0,,https://www2.njss.info/organizations/proc/7898,2026-08-02,福岡県,地方公共団体,1
十勝圏複合事務組合,24,,,0,,https://www2.njss.info/organizations/proc/7944,2026-08-02,北海道,地方公共団体,1
置賜広域行政事務組合,24,,,0,,https://www2.njss.info/organizations/proc/8090,2026-08-02,山形県,地方公共団体,1
志木地区衛生組合,24,,,0,,https://www2.njss.info/organizations/proc/8304,2026-08-02,埼玉県,地方公共団体,1
甲府地区広域行政事務組合,24,,,0,,https://www2.njss.info/organizations/proc/8438,2026-08-02,山梨県,地方公共団体,1
山梨西部広域環境組合,24,,,0,,https://www2.njss.info/organizations/proc/8518,2026-08-02,山梨県,地方公共団体,1
長野広域連合,24,,,0,,https://www2.njss.info/organizations/proc/8680,2026-08-02,長野県,地方公共団体,1
国立美術館 国立工芸館,24,,,0,,https://www2.njss.info/organizations/proc/9231,2026-08-02,石川県,国・省庁,0
西日本高速道路株式会社(NEXCO) 九州支社 佐賀高速道路事務所,23,,,0,,https://www2.njss.info/organizations/proc/2054,2026-08-02,佐賀県,国・省庁,0
弘前大学 弘前大学医学部附属病院,23,,,0,,https://www2.njss.info/organizations/proc/7281,2026-08-02,青森県,国・省庁,0
西日本高速道路株式会社(NEXCO) 中国支社 千代田管理事務所,23,,,0,,https://www2.njss.info/organizations/proc/2035,2026-08-02,広島県,国・省庁,0
富士市立中央病院,23,,,0,,https://www2.njss.info/organizations/proc/5331,2026-08-02,静岡県,地方公共団体,1
防衛省(MOD) 陸上自衛隊 東部方面隊 霞ヶ浦駐屯地 関東補給処 古河支処,23,,,0,,https://www2.njss.info/organizations/proc/13,2026-08-02,茨城県,国・省庁,0
日本赤十字社 長浜赤十字病院,23,,,0,,https://www2.njss.info/organizations/proc/1251,2026-08-02,滋賀県,国・省庁,0
西日本高速道路株式会社(NEXCO) 四国支社 徳島工事事務所,23,,,0,,https://www2.njss.info/organizations/proc/2047,2026-08-02,徳島県,国・省庁,0
防衛省(MOD) 陸上自衛隊 北部方面隊 北部方面会計隊 旭川駐屯地 第343会計隊,23,,,0,,https://www2.njss.info/organizations/proc/3985,2026-08-02,北海道,国・省庁,0
防衛省(MOD) 陸上自衛隊 中部方面隊 中部方面会計隊 松山駐屯地 第358会計隊,23,,,0,,https://www2.njss.info/organizations/proc/4026,2026-08-02,愛媛県,国・省庁,0
日本放送協会(NHK) 京都放送局,23,,,0,,https://www2.njss.info/organizations/proc/4215,2026-08-02,京都府,国・省庁,0
日本放送協会(NHK) 神戸放送局,23,,,0,,https://www2.njss.info/organizations/proc/4216,2026-08-02,兵庫県,国・省庁,0
日本放送協会(NHK) 秋田放送局,23,,,0,,https://www2.njss.info/organizations/proc/4256,2026-08-02,秋田県,国・省庁,0
国土交通省(MLIT) 中国地方整備局 鳥取河川国道事務所,23,,,0,,https://www2.njss.info/organizations/proc/5254,2026-08-02,鳥取県,国・省庁,0
国土交通省(MLIT) 中国地方整備局 倉吉河川国道事務所,23,,,0,,https://www2.njss.info/organizations/proc/5256,2026-08-02,鳥取県,国・省庁,0
高齢・障害・求職者雇用支援機構 長野支部 長野職業能力開発促進センター松本訓練センター,23,,,0,,https://www2.njss.info/organizations/proc/5811,2026-08-02,長野県,国・省庁,0
北海道警察函館方面本部 木古内警察署,23,,,0,,https://www2.njss.info/organizations/proc/6956,2026-08-02,北海道,地方公共団体,0
東筑摩郡筑北村役場,23,,,0,,https://www2.njss.info/organizations/proc/6977,2026-08-02,長野県,地方公共団体,0
北海道警察北見方面本部 北見警察署,23,,,0,,https://www2.njss.info/organizations/proc/7034,2026-08-02,北海道,地方公共団体,0
北海道警察北見方面本部 遠軽警察署,23,,,0,,https://www2.njss.info/organizations/proc/7035,2026-08-02,北海道,地方公共団体,0
安芸郡北川村役場,23,,,0,,https://www2.njss.info/organizations/proc/7081,2026-08-02,高知県,地方公共団体,0
青森県観光国際交流機構,23,,,0,,https://www2.njss.info/organizations/proc/7624,2026-08-02,青森県,国・省庁,1
亘理地区行政事務組合,23,,,0,,https://www2.njss.info/organizations/proc/8066,2026-08-02,宮城県,地方公共団体,1
東根市外二市一町共立衛生処理組合,23,,,0,,https://www2.njss.info/organizations/proc/8082,2026-08-02,山形県,地方公共団体,1
五領川公共下水道事務組合,23,,,0,,https://www2.njss.info/organizations/proc/8480,2026-08-02,福井県,地方公共団体,1
有明広域行政事務組合,23,,,0,,https://www2.njss.info/organizations/proc/8670,2026-08-02,熊本県,地方公共団体,1
人吉下球磨消防組合,23,,,0,,https://www2.njss.info/organizations/proc/8816,2026-08-02,熊本県,地方公共団体,1
広島県水道広域連合企業団 竹原事務所,22,,,0,,https://www2.njss.info/organizations/proc/9126,2026-08-02,広島県,地方公共団体,1
兵庫県立がんセンター,22,,,0,,https://www2.njss.info/organizations/proc/5639,2026-08-02,兵庫県,地方公共団体,1
東京都立病院機構 松沢病院,22,,,0,,https://www2.njss.info/organizations/proc/5918,2026-08-02,東京都,地方公共団体,0
虻田郡真狩村役場,22,,,0,,https://www2.njss.info/organizations/proc/6789,2026-08-02,北海道,地方公共団体,0
西いぶり広域連合,22,,,0,,https://www2.njss.info/organizations/proc/8966,2026-08-02,北海道,地方公共団体,1
国土交通省(MLIT) 関東地方整備局 国営昭和記念公園事務所 【［閉鎖］国営武蔵丘陵森林公園出張所】,22,,,0,,https://www2.njss.info/organizations/proc/1032,2026-08-02,埼玉県,国・省庁,1
日本赤十字社 山梨県支部,22,,,0,,https://www2.njss.info/organizations/proc/1128,2026-08-02,山梨県,国・省庁,0
日本放送協会(NHK) 新潟放送局,22,,,0,,https://www2.njss.info/organizations/proc/4206,2026-08-02,新潟県,国・省庁,0
日本放送協会(NHK) 千葉放送局,22,,,0,,https://www2.njss.info/organizations/proc/4211,2026-08-02,千葉県,国・省庁,0
日本放送協会(NHK) 岡山放送局,22,,,0,,https://www2.njss.info/organizations/proc/4242,2026-08-02,岡山県,国・省庁,0
日本放送協会(NHK) 北九州放送局,22,,,0,,https://www2.njss.info/organizations/proc/4247,2026-08-02,福岡県,国・省庁,0
日本放送協会(NHK) 熊本放送局,22,,,0,,https://www2.njss.info/organizations/proc/4248,2026-08-02,熊本県,国・省庁,0
いわき市医療センター,22,,,0,,https://www2.njss.info/organizations/proc/5174,2026-08-02,福島県,地方公共団体,1
茅ヶ崎市立病院,22,,,0,,https://www2.njss.info/organizations/proc/5321,2026-08-02,神奈川県,地方公共団体,1
北海道警察北見方面本部 網走警察署,22,,,0,,https://www2.njss.info/organizations/proc/7036,2026-08-02,北海道,地方公共団体,0
神戸大学 神戸大学医学部附属病院,22,,,0,,https://www2.njss.info/organizations/proc/7223,2026-08-02,兵庫県,国・省庁,0
新関西国際空港株式会社,22,,,0,,https://www2.njss.info/organizations/proc/7369,2026-08-02,大阪府,国・省庁,0
長野県庁 犀川砂防事務所,22,,,0,,https://www2.njss.info/organizations/proc/7768,2026-08-02,長野県,地方公共団体,0
霞台厚生施設組合,22,,,0,,https://www2.njss.info/organizations/proc/8268,2026-08-02,茨城県,地方公共団体,1
知多半島総合医療機構 知多半島りんくう病院,22,,,0,,https://www2.njss.info/organizations/proc/9779,2026-08-02,愛知県,地方公共団体,1
東日本高速道路株式会社(NEXCO) 関東支社 長野管理事務所,21,,,0,,https://www2.njss.info/organizations/proc/1946,2026-08-02,長野県,国・省庁,0
文部科学省共済組合,21,,,0,,https://www2.njss.info/organizations/proc/9224,2026-08-02,東京都,国・省庁,0
西日本高速道路株式会社(NEXCO) 関西支社 神戸管理事務所,21,,,0,,https://www2.njss.info/organizations/proc/2018,2026-08-02,兵庫県,国・省庁,0
大仙美郷介護福祉組合,21,,,0,,https://www2.njss.info/organizations/proc/8182,2026-08-02,秋田県,地方公共団体,1
白島石油備蓄株式会社,21,,,0,,https://www2.njss.info/organizations/proc/9806,2026-08-02,東京都,地方公共団体,1
防衛省(MOD) 防衛装備庁 航空装備研究所 新島支所,21,,,0,,https://www2.njss.info/organizations/proc/41,2026-08-02,東京都,国・省庁,0
日本赤十字社 島根県支部,21,,,0,,https://www2.njss.info/organizations/proc/1141,2026-08-02,島根県,国・省庁,0
日本赤十字社 大分県支部,21,,,0,,https://www2.njss.info/organizations/proc/1151,2026-08-02,大分県,国・省庁,0
農林水産省(MAFF) 林野庁(FA) 関東森林管理局 東京神奈川森林管理署,21,,,0,,https://www2.njss.info/organizations/proc/1408,2026-08-02,神奈川県,国・省庁,0
国土交通省(MLIT) 気象庁 気象大学校,21,,,0,,https://www2.njss.info/organizations/proc/1444,2026-08-02,千葉県,国・省庁,0
西日本高速道路株式会社(NEXCO) 中国支社 米子管理事務所,21,,,0,,https://www2.njss.info/organizations/proc/2038,2026-08-02,鳥取県,国・省庁,0
防衛省(MOD) 陸上自衛隊 中部方面隊 中部方面会計隊 富山駐屯地 第425会計隊,21,,,0,,https://www2.njss.info/organizations/proc/4017,2026-08-02,富山県,国・省庁,0
防衛省(MOD) 航空自衛隊 奥尻島分屯基地 第29警戒隊,21,,,0,,https://www2.njss.info/organizations/proc/4035,2026-08-02,北海道,国・省庁,0
都市再生機構(UR) 【［閉鎖］首都圏ニュータウン本部】 【［閉鎖］千葉中部開発事務所】,21,,,0,,https://www2.njss.info/organizations/proc/4547,2026-08-02,千葉県,国・省庁,1
川崎市立井田病院,21,,,0,,https://www2.njss.info/organizations/proc/5134,2026-08-02,神奈川県,地方公共団体,1
高齢・障害・求職者雇用支援機構 北海道支部 北海道職業能力開発促進センター函館訓練センター,21,,,0,,https://www2.njss.info/organizations/proc/5769,2026-08-02,北海道,国・省庁,0
高齢・障害・求職者雇用支援機構 福島支部 福島職業能力開発促進センター会津訓練センター,21,,,0,,https://www2.njss.info/organizations/proc/5798,2026-08-02,福島県,国・省庁,0
日本赤十字社 岡山赤十字玉野病院,21,,,0,,https://www2.njss.info/organizations/proc/6435,2026-08-02,岡山県,国・省庁,0
美馬郡つるぎ町役場,21,,,0,,https://www2.njss.info/organizations/proc/6521,2026-08-02,徳島県,地方公共団体,0
肝属郡東串良町役場,21,,,0,,https://www2.njss.info/organizations/proc/6719,2026-08-02,鹿児島県,地方公共団体,0
大沼郡昭和村役場,21,,,0,,https://www2.njss.info/organizations/proc/6891,2026-08-02,福島県,地方公共団体,0
北海道警察本部 静内警察署,21,,,0,,https://www2.njss.info/organizations/proc/6950,2026-08-02,北海道,地方公共団体,0
下高井郡野沢温泉村役場,21,,,0,,https://www2.njss.info/organizations/proc/6982,2026-08-02,長野県,地方公共団体,0
熊毛郡上関町役場,21,,,0,,https://www2.njss.info/organizations/proc/7050,2026-08-02,山口県,地方公共団体,0
高岡郡梼原町役場,21,,,0,,https://www2.njss.info/organizations/proc/7075,2026-08-02,高知県,地方公共団体,1
横浜市役所 選挙管理委員会事務局,21,,,0,,https://www2.njss.info/organizations/proc/7110,2026-08-02,神奈川県,地方公共団体,0
鳥取大学 鳥取大学医学部附属病院,21,,,0,,https://www2.njss.info/organizations/proc/7291,2026-08-02,鳥取県,国・省庁,0
日本理学療法士協会,21,,,0,,https://www2.njss.info/organizations/proc/7311,2026-08-02,東京都,国・省庁,1
福井県立すこやかシルバー病院,21,,,0,,https://www2.njss.info/organizations/proc/7481,2026-08-02,福井県,地方公共団体,1
茨城県西部医療機構,21,,,0,,https://www2.njss.info/organizations/proc/7982,2026-08-02,茨城県,地方公共団体,1
岩手県工業技術センター,21,,,0,,https://www2.njss.info/organizations/proc/7986,2026-08-02,岩手県,地方公共団体,1
内閣官房 内閣感染症危機管理統括庁,21,,,0,,https://www2.njss.info/organizations/proc/9196,2026-08-02,東京都,国・省庁,0
大阪湾広域臨海環境整備センター,21,,,0,,https://www2.njss.info/organizations/proc/9268,2026-08-02,大阪府,国・省庁,1
宮城県農業共済組合,21,,,0,,https://www2.njss.info/organizations/proc/9334,2026-08-02,宮城県,地方公共団体,1
彦根愛知犬上広域行政組合,21,,,0,,https://www2.njss.info/organizations/proc/9635,2026-08-02,滋賀県,地方公共団体,1
株式会社ゆりかもめ,20,,,0,,https://www2.njss.info/organizations/proc/9828,2026-08-02,東京都,地方公共団体,1
中部電力パワーグリッド株式会社,20,,,0,,https://www2.njss.info/organizations/proc/9293,2026-08-02,愛知県,地方公共団体,1
東筑摩郡山形村役場,20,,,0,,https://www2.njss.info/organizations/proc/6913,2026-08-02,長野県,地方公共団体,0
恩賜財団 済生会 大阪府済生会 泉尾病院,20,,,0,,https://www2.njss.info/organizations/proc/9210,2026-08-02,大阪府,地方公共団体,0
日本赤十字社 山形県支部,20,,,0,,https://www2.njss.info/organizations/proc/1115,2026-08-02,山形県,国・省庁,0
日本赤十字社 熊本県赤十字血液センター,20,,,0,,https://www2.njss.info/organizations/proc/1194,2026-08-02,熊本県,国・省庁,0
大阪市役所 選挙管理委員会 【［閉鎖］監査・人事制度事務総括局】,20,,,0,,https://www2.njss.info/organizations/proc/1839,2026-08-02,大阪府,地方公共団体,1
西日本高速道路株式会社(NEXCO) 関西支社 和歌山工事事務所,20,,,0,,https://www2.njss.info/organizations/proc/2025,2026-08-02,和歌山県,国・省庁,0
西日本高速道路株式会社(NEXCO) 九州支社 熊本高速道路事務所,20,,,0,,https://www2.njss.info/organizations/proc/2051,2026-08-02,熊本県,国・省庁,0
防衛省(MOD) 航空自衛隊 宮古島分屯基地 第53警戒隊,20,,,0,,https://www2.njss.info/organizations/proc/4052,2026-08-02,沖縄県,国・省庁,0
高崎経済大学,20,,,0,,https://www2.njss.info/organizations/proc/4463,2026-08-02,群馬県,国・省庁,0
国土交通省(MLIT) 中部地方整備局 静岡国道事務所,20,,,0,,https://www2.njss.info/organizations/proc/5229,2026-08-02,静岡県,国・省庁,0
山形県公立大学法人 山形県立米沢女子短期大学,20,,,0,,https://www2.njss.info/organizations/proc/5451,2026-08-02,山形県,国・省庁,1
岩手県立高田病院,20,,,0,,https://www2.njss.info/organizations/proc/5975,2026-08-02,岩手県,地方公共団体,1
岩手県立一戸病院,20,,,0,,https://www2.njss.info/organizations/proc/5981,2026-08-02,岩手県,地方公共団体,1
勇払郡占冠村役場,20,,,0,,https://www2.njss.info/organizations/proc/6797,2026-08-02,北海道,地方公共団体,0
北海道警察釧路方面本部 本別警察署,20,,,0,,https://www2.njss.info/organizations/proc/7030,2026-08-02,北海道,地方公共団体,0
幡多郡三原村役場,20,,,0,,https://www2.njss.info/organizations/proc/7080,2026-08-02,高知県,地方公共団体,0
横浜市役所 消防局,20,,,0,,https://www2.njss.info/organizations/proc/7107,2026-08-02,神奈川県,地方公共団体,0
釧路広域連合,20,,,0,,https://www2.njss.info/organizations/proc/7133,2026-08-02,北海道,地方公共団体,1
京都市役所 右京区役所,20,,,0,,https://www2.njss.info/organizations/proc/7799,2026-08-02,京都府,地方公共団体,0
宮古地区広域行政組合,20,,,0,,https://www2.njss.info/organizations/proc/7884,2026-08-02,岩手県,地方公共団体,1
弘前地区消防事務組合,20,,,0,,https://www2.njss.info/organizations/proc/8040,2026-08-02,青森県,地方公共団体,1
北部桧山衛生センター組合,20,,,0,,https://www2.njss.info/organizations/proc/8114,2026-08-02,北海道,地方公共団体,1
置賜広域病院企業団,20,,,0,,https://www2.njss.info/organizations/proc/8186,2026-08-02,山形県,地方公共団体,1
粕屋北部消防組合,20,,,0,,https://www2.njss.info/organizations/proc/8468,2026-08-02,福岡県,地方公共団体,1
南部広域市町村圏事務組合,20,,,0,,https://www2.njss.info/organizations/proc/9004,2026-08-02,沖縄県,地方公共団体,1
広島県水道広域連合企業団 江田島事務所,20,,,0,,https://www2.njss.info/organizations/proc/9112,2026-08-02,広島県,地方公共団体,1
国立高等専門学校機構 阿南工業高等専門学校,20,,,0,,https://www2.njss.info/organizations/proc/9237,2026-08-02,徳島県,国・省庁,0
湖北地域消防組合,20,,,0,,https://www2.njss.info/organizations/proc/9631,2026-08-02,滋賀県,地方公共団体,1
埼玉県下水道公社,19,,,0,,https://www2.njss.info/organizations/proc/9837,2026-08-02,埼玉県,地方公共団体,1
日本赤十字社 奈良県赤十字血液センター,19,,,0,,https://www2.njss.info/organizations/proc/1181,2026-08-02,奈良県,国・省庁,0
西日本高速道路株式会社(NEXCO) 九州支社 長崎高速道路事務所,19,,,0,,https://www2.njss.info/organizations/proc/2053,2026-08-02,長崎県,国・省庁,0
公立福生病院,19,,,0,,https://www2.njss.info/organizations/proc/5129,2026-08-02,東京都,地方公共団体,1
厚木市立病院,19,,,0,,https://www2.njss.info/organizations/proc/5320,2026-08-02,神奈川県,地方公共団体,1
山形県公立大学法人 山形県立米沢栄養大学,19,,,0,,https://www2.njss.info/organizations/proc/5465,2026-08-02,山形県,国・省庁,0
兵庫県立淡路医療センター,19,,,0,,https://www2.njss.info/organizations/proc/5635,2026-08-02,兵庫県,地方公共団体,1
長野県立こころの医療センター駒ヶ根,19,,,0,,https://www2.njss.info/organizations/proc/5719,2026-08-02,長野県,地方公共団体,1
岩手県立江刺病院,19,,,0,,https://www2.njss.info/organizations/proc/5977,2026-08-02,岩手県,地方公共団体,1
虻田郡留寿都村役場,19,,,0,,https://www2.njss.info/organizations/proc/6791,2026-08-02,北海道,地方公共団体,0
木曽郡王滝村役場,19,,,0,,https://www2.njss.info/organizations/proc/6993,2026-08-02,長野県,地方公共団体,0
北海道警察釧路方面本部 弟子屈警察署,19,,,0,,https://www2.njss.info/organizations/proc/7026,2026-08-02,北海道,地方公共団体,0
国土交通省(MLIT) 中部地方整備局 天竜川上流河川事務所,19,,,0,,https://www2.njss.info/organizations/proc/7302,2026-08-02,長野県,国・省庁,0
東京都庁 建設局,19,,,0,,https://www2.njss.info/organizations/proc/7774,2026-08-02,東京都,地方公共団体,0
伊予市松前町共立衛生組合,19,,,0,,https://www2.njss.info/organizations/proc/8490,2026-08-02,愛媛県,地方公共団体,1
島原地域広域市町村圏組合,19,,,0,,https://www2.njss.info/organizations/proc/8796,2026-08-02,長崎県,地方公共団体,1
隠岐広域連合,19,,,0,,https://www2.njss.info/organizations/proc/8990,2026-08-02,島根県,地方公共団体,1
恩賜財団 済生会 埼玉県済生会 加須病院,19,,,0,,https://www2.njss.info/organizations/proc/9244,2026-08-02,埼玉県,地方公共団体,0
恩賜財団 済生会 大阪府済生会 野江病院,19,,,0,,https://www2.njss.info/organizations/proc/9313,2026-08-02,大阪府,地方公共団体,0
宇部・山陽小野田消防組合,19,,,0,,https://www2.njss.info/organizations/proc/9333,2026-08-02,山口県,地方公共団体,1
十日町地域広域事務組合,19,,,0,,https://www2.njss.info/organizations/proc/9776,2026-08-02,新潟県,地方公共団体,1
東日本高速道路株式会社(NEXCO) 関東支社 京浜管理事務所,18,,,0,,https://www2.njss.info/organizations/proc/1945,2026-08-02,神奈川県,国・省庁,0
林野庁共済組合,18,,,0,,https://www2.njss.info/organizations/proc/9203,2026-08-02,東京都,国・省庁,0
総務省(MIC) 関東管区行政評価局 東京行政評価事務所,18,,,0,,https://www2.njss.info/organizations/proc/378,2026-08-02,東京都,国・省庁,0
住宅金融支援機構(JHF) 北陸支店,18,,,0,,https://www2.njss.info/organizations/proc/393,2026-08-02,石川県,国・省庁,0
国土交通省(MLIT) 九州地方整備局 武雄河川事務所 厳木ダム管理支所,18,,,0,,https://www2.njss.info/organizations/proc/1049,2026-08-02,佐賀県,国・省庁,0
日本赤十字社 香川県支部,18,,,0,,https://www2.njss.info/organizations/proc/1146,2026-08-02,香川県,国・省庁,0
労働者健康安全機構 大阪ろうさい病院 治療就労両立支援センター,18,,,0,,https://www2.njss.info/organizations/proc/1545,2026-08-02,大阪府,国・省庁,0
いわき学園,18,,,0,,https://www2.njss.info/organizations/proc/1881,2026-08-02,大阪府,地方公共団体,1
日本放送協会(NHK) さいたま放送局,18,,,0,,https://www2.njss.info/organizations/proc/4213,2026-08-02,埼玉県,国・省庁,0
日本放送協会(NHK) 和歌山放送局,18,,,0,,https://www2.njss.info/organizations/proc/4218,2026-08-02,和歌山県,国・省庁,0
国土交通省(MLIT) 中部地方整備局 豊橋河川事務所,18,,,0,,https://www2.njss.info/organizations/proc/5235,2026-08-02,愛知県,国・省庁,0
春日井市民病院,18,,,0,,https://www2.njss.info/organizations/proc/5332,2026-08-02,愛知県,地方公共団体,1
釧路公立大学,18,,,0,,https://www2.njss.info/organizations/proc/5373,2026-08-02,北海道,国・省庁,0
宮古郡多良間村役場,18,,,0,,https://www2.njss.info/organizations/proc/6642,2026-08-02,沖縄県,地方公共団体,0
農林水産省(MAFF) 林野庁(FA) 北海道森林管理局 知床森林生態系保全センター,18,,,0,,https://www2.njss.info/organizations/proc/6683,2026-08-02,北海道,国・省庁,0
久喜宮代衛生組合,18,,,0,,https://www2.njss.info/organizations/proc/8300,2026-08-02,埼玉県,地方公共団体,1
尾張北部環境組合,18,,,0,,https://www2.njss.info/organizations/proc/8704,2026-08-02,愛知県,地方公共団体,1
海部郡衛生処理事務組合,18,,,0,,https://www2.njss.info/organizations/proc/8728,2026-08-02,徳島県,地方公共団体,1
中・北空知廃棄物処理広域連合,18,,,0,,https://www2.njss.info/organizations/proc/8964,2026-08-02,北海道,地方公共団体,1
恩賜財団 済生会 滋賀県済生会 滋賀県病院,18,,,0,,https://www2.njss.info/organizations/proc/9227,2026-08-02,滋賀県,地方公共団体,0
国立高等専門学校機構 旭川工業高等専門学校,18,,,0,,https://www2.njss.info/organizations/proc/9238,2026-08-02,北海道,国・省庁,0
国立高等専門学校機構 沼津工業高等専門学校,18,,,0,,https://www2.njss.info/organizations/proc/9241,2026-08-02,静岡県,国・省庁,0
恩賜財団 済生会 栃木県済生会 宇都宮病院,18,,,0,,https://www2.njss.info/organizations/proc/9243,2026-08-02,栃木県,地方公共団体,0
秋田県農業共済組合,18,,,0,,https://www2.njss.info/organizations/proc/9361,2026-08-02,秋田県,地方公共団体,1
農林水産省(MAFF) 農林水産研修所,17,,,0,,https://www2.njss.info/organizations/proc/1353,2026-08-02,茨城県,国・省庁,0
西日本高速道路株式会社(NEXCO) 関西支社 南大阪高速道路事務所,17,,,0,,https://www2.njss.info/organizations/proc/2011,2026-08-02,大阪府,国・省庁,0
西日本高速道路株式会社(NEXCO) 四国支社 愛媛高速道路事務所,17,,,0,,https://www2.njss.info/organizations/proc/2043,2026-08-02,愛媛県,国・省庁,0
石狩北部地区消防事務組合,17,,,0,,https://www2.njss.info/organizations/proc/7948,2026-08-02,北海道,地方公共団体,1
つがる西北五広域連合,17,,,0,,https://www2.njss.info/organizations/proc/8970,2026-08-02,青森県,地方公共団体,1
恩賜財団 済生会 埼玉県済生会 鴻巣病院,17,,,0,,https://www2.njss.info/organizations/proc/9302,2026-08-02,埼玉県,地方公共団体,0
日本赤十字社 静岡県赤十字血液センター,17,,,0,,https://www2.njss.info/organizations/proc/1174,2026-08-02,静岡県,国・省庁,0
日本赤十字社 長崎県赤十字血液センター,17,,,0,,https://www2.njss.info/organizations/proc/1193,2026-08-02,長崎県,国・省庁,0
労働者健康安全機構 東京労災病院 治療就労両立支援センター,17,,,0,,https://www2.njss.info/organizations/proc/1542,2026-08-02,東京都,国・省庁,0
防衛省(MOD) 陸上自衛隊 中部方面隊 中部方面会計隊 久居駐屯地 第337会計隊,17,,,0,,https://www2.njss.info/organizations/proc/4014,2026-08-02,三重県,国・省庁,0
法務省(MOJ) 中国地方更生保護委員会,17,,,0,,https://www2.njss.info/organizations/proc/4081,2026-08-02,広島県,国・省庁,0
広島市農林水産振興センター,17,,,0,,https://www2.njss.info/organizations/proc/4364,2026-08-02,広島県,国・省庁,1
都市再生機構(UR) 東日本都市再生本部 勝田駅東口再開発事務所,17,,,0,,https://www2.njss.info/organizations/proc/4534,2026-08-02,茨城県,国・省庁,0
愛知県立芸術大学,17,,,0,,https://www2.njss.info/organizations/proc/5412,2026-08-02,愛知県,国・省庁,0
公立宍粟総合病院,17,,,0,,https://www2.njss.info/organizations/proc/5602,2026-08-02,兵庫県,地方公共団体,1
県民健康プラザ鹿屋医療センター,17,,,0,,https://www2.njss.info/organizations/proc/5899,2026-08-02,鹿児島県,地方公共団体,1
農林水産省(MAFF) 林野庁(FA) 北海道森林管理局 北海道森林技術・支援センター,17,,,0,,https://www2.njss.info/organizations/proc/6682,2026-08-02,北海道,国・省庁,0
枝幸郡中頓別町役場,17,,,0,,https://www2.njss.info/organizations/proc/6792,2026-08-02,北海道,地方公共団体,0
安全衛生技術試験協会,17,,,0,,https://www2.njss.info/organizations/proc/6817,2026-08-02,東京都,国・省庁,1
北海道警察北見方面本部 【［閉鎖］興部警察署】,17,,,0,,https://www2.njss.info/organizations/proc/7040,2026-08-02,北海道,地方公共団体,1
国土交通省(MLIT) 中部地方整備局 紀勢国道事務所,17,,,0,,https://www2.njss.info/organizations/proc/7307,2026-08-02,三重県,国・省庁,0
高知県住宅供給公社,17,,,0,,https://www2.njss.info/organizations/proc/7471,2026-08-02,高知県,地方公共団体,1
香川県広域水道企業団 【［閉鎖］多度津事務所】,17,,,0,,https://www2.njss.info/organizations/proc/7511,2026-08-02,香川県,地方公共団体,1
香川県広域水道企業団 【［閉鎖］府中事務所】,17,,,0,,https://www2.njss.info/organizations/proc/7517,2026-08-02,香川県,地方公共団体,1
広島観光コンベンションビューロー,17,,,0,,https://www2.njss.info/organizations/proc/7647,2026-08-02,広島県,国・省庁,1
大阪市博物館機構 大阪市立科学館,17,,,0,,https://www2.njss.info/organizations/proc/7736,2026-08-02,大阪府,地方公共団体,1
塩釜地区消防事務組合,17,,,0,,https://www2.njss.info/organizations/proc/8064,2026-08-02,宮城県,地方公共団体,1
富岡甘楽広域市町村圏振興整備組合,17,,,0,,https://www2.njss.info/organizations/proc/8298,2026-08-02,群馬県,地方公共団体,1
奈良県葛城地区清掃事務組合,17,,,0,,https://www2.njss.info/organizations/proc/8462,2026-08-02,奈良県,地方公共団体,1
仁淀消防組合,17,,,0,,https://www2.njss.info/organizations/proc/8758,2026-08-02,高知県,地方公共団体,1
松本広域連合,17,,,0,,https://www2.njss.info/organizations/proc/8888,2026-08-02,長野県,地方公共団体,1
久慈広域連合,17,,,0,,https://www2.njss.info/organizations/proc/8956,2026-08-02,岩手県,地方公共団体,1
印西地区衛生組合,17,,,0,,https://www2.njss.info/organizations/proc/9367,2026-08-02,千葉県,地方公共団体,1
中国電力株式会社,16,,,0,,https://www2.njss.info/organizations/proc/9493,2026-08-02,広島県,地方公共団体,1
西日本高速道路株式会社(NEXCO) 中国支社 山口高速道路事務所,16,,,0,,https://www2.njss.info/organizations/proc/2031,2026-08-02,山口県,国・省庁,0
日本赤十字社 福井県赤十字血液センター,16,,,0,,https://www2.njss.info/organizations/proc/1170,2026-08-02,福井県,国・省庁,0
労働者健康安全機構 北海道産業保健総合支援センター,16,,,0,,https://www2.njss.info/organizations/proc/1494,2026-08-02,北海道,国・省庁,0
青森公立大学,16,,,0,,https://www2.njss.info/organizations/proc/4439,2026-08-02,青森県,国・省庁,0
都市再生機構(UR) 東日本都市再生本部 武蔵浦和再開発事務所,16,,,0,,https://www2.njss.info/organizations/proc/4535,2026-08-02,埼玉県,国・省庁,0
横浜市立脳卒中・神経脊椎センター,16,,,0,,https://www2.njss.info/organizations/proc/5132,2026-08-02,神奈川県,地方公共団体,1
国土交通省(MLIT) 中国地方整備局 山口河川国道事務所,16,,,0,,https://www2.njss.info/organizations/proc/5279,2026-08-02,山口県,国・省庁,0
平塚市民病院,16,,,0,,https://www2.njss.info/organizations/proc/5319,2026-08-02,神奈川県,地方公共団体,1
高齢・障害・求職者雇用支援機構 北海道支部 北海道職業能力開発促進センター釧路訓練センター,16,,,0,,https://www2.njss.info/organizations/proc/5767,2026-08-02,北海道,国・省庁,0
利尻郡利尻町役場,16,,,0,,https://www2.njss.info/organizations/proc/6785,2026-08-02,北海道,地方公共団体,0
宮崎大学 宮崎大学医学部附属病院,16,,,0,,https://www2.njss.info/organizations/proc/7276,2026-08-02,宮崎県,国・省庁,0
鳥取県住宅供給公社,16,,,0,,https://www2.njss.info/organizations/proc/7467,2026-08-02,鳥取県,地方公共団体,1
香川県広域水道企業団 【［閉鎖］三木事務所】,16,,,0,,https://www2.njss.info/organizations/proc/7505,2026-08-02,香川県,地方公共団体,1
中空知衛生施設組合,16,,,0,,https://www2.njss.info/organizations/proc/7942,2026-08-02,北海道,地方公共団体,1
南多摩斎場組合,16,,,0,,https://www2.njss.info/organizations/proc/8344,2026-08-02,東京都,地方公共団体,1
公立小浜病院組合,16,,,0,,https://www2.njss.info/organizations/proc/8376,2026-08-02,福井県,地方公共団体,1
吉野川環境整備組合,16,,,0,,https://www2.njss.info/organizations/proc/8654,2026-08-02,徳島県,地方公共団体,1
海部消防組合,16,,,0,,https://www2.njss.info/organizations/proc/8742,2026-08-02,徳島県,地方公共団体,1
紀北広域連合,16,,,0,,https://www2.njss.info/organizations/proc/8894,2026-08-02,三重県,地方公共団体,1
山梨県後期高齢者医療広域連合,16,,,0,,https://www2.njss.info/organizations/proc/8922,2026-08-02,山梨県,地方公共団体,1
広島県水道広域連合企業団 熊野事務所,16,,,0,,https://www2.njss.info/organizations/proc/9118,2026-08-02,広島県,地方公共団体,1
北海道市町村職員共済組合,16,,,0,,https://www2.njss.info/organizations/proc/9250,2026-08-02,北海道,地方公共団体,1
稲城・府中墓苑組合,16,,,0,,https://www2.njss.info/organizations/proc/9378,2026-08-02,東京都,地方公共団体,1
刑務共済組合,15,,,0,,https://www2.njss.info/organizations/proc/9221,2026-08-02,東京都,地方公共団体,1
東京都立荏原病院,15,,,0,,https://www2.njss.info/organizations/proc/9275,2026-08-02,東京都,地方公共団体,1
江戸崎地方衛生土木組合,15,,,0,,https://www2.njss.info/organizations/proc/8260,2026-08-02,茨城県,地方公共団体,1
脱炭素成長型経済構造移行推進機構(GX推進機構),15,,,0,,https://www2.njss.info/organizations/proc/9831,2026-08-02,東京都,国・省庁,1
日本赤十字社 宮崎県支部,15,,,0,,https://www2.njss.info/organizations/proc/1152,2026-08-02,宮崎県,国・省庁,0
東日本高速道路株式会社(NEXCO) 関東支社 三郷管理事務所,15,,,0,,https://www2.njss.info/organizations/proc/1941,2026-08-02,埼玉県,国・省庁,0
防衛省(MOD) 陸上自衛隊 東北方面隊 東北方面会計隊 多賀城駐屯地 第381会計隊,15,,,0,,https://www2.njss.info/organizations/proc/3997,2026-08-02,宮城県,国・省庁,0
京都市役所 環境政策局 環境企画部 環境総務課,15,,,0,,https://www2.njss.info/organizations/proc/4189,2026-08-02,京都府,地方公共団体,0
都市再生機構(UR) 東日本都市再生本部 湊都市再生事務所,15,,,0,,https://www2.njss.info/organizations/proc/4537,2026-08-02,東京都,国・省庁,0
都市再生機構(UR) 東日本都市再生本部 晴海・勝どき都市再生事務所,15,,,0,,https://www2.njss.info/organizations/proc/4538,2026-08-02,東京都,国・省庁,0
名古屋市立大学 名古屋市立大学医学部附属東部医療センター,15,,,0,,https://www2.njss.info/organizations/proc/5155,2026-08-02,愛知県,地方公共団体,0
国土交通省(MLIT) 中部地方整備局 名古屋国道事務所,15,,,0,,https://www2.njss.info/organizations/proc/5237,2026-08-02,愛知県,国・省庁,0
国土交通省(MLIT) 中部地方整備局 名四国道事務所,15,,,0,,https://www2.njss.info/organizations/proc/5247,2026-08-02,愛知県,国・省庁,0
越谷市立病院,15,,,0,,https://www2.njss.info/organizations/proc/5314,2026-08-02,埼玉県,地方公共団体,1
新潟県立新発田病院,15,,,0,,https://www2.njss.info/organizations/proc/5672,2026-08-02,新潟県,地方公共団体,1
新潟県立坂町病院,15,,,0,,https://www2.njss.info/organizations/proc/5674,2026-08-02,新潟県,地方公共団体,1
岩手県立軽米病院,15,,,0,,https://www2.njss.info/organizations/proc/5982,2026-08-02,岩手県,地方公共団体,1
国頭郡金武町役場,15,,,0,,https://www2.njss.info/organizations/proc/6345,2026-08-02,沖縄県,地方公共団体,0
日高郡美浜町役場,15,,,0,,https://www2.njss.info/organizations/proc/6579,2026-08-02,和歌山県,地方公共団体,0
北海道警察北見方面本部 斜里警察署,15,,,0,,https://www2.njss.info/organizations/proc/7038,2026-08-02,北海道,地方公共団体,0
国土交通省(MLIT) 中部地方整備局 天竜川ダム統合管理事務所,15,,,0,,https://www2.njss.info/organizations/proc/7304,2026-08-02,長野県,国・省庁,0
岐阜県住宅供給公社,15,,,0,,https://www2.njss.info/organizations/proc/7461,2026-08-02,岐阜県,地方公共団体,1
四日市市文化まちづくり財団,15,,,0,,https://www2.njss.info/organizations/proc/7728,2026-08-02,三重県,国・省庁,1
道央廃棄物処理組合,15,,,0,,https://www2.njss.info/organizations/proc/7968,2026-08-02,北海道,地方公共団体,1
朝霞地区一部事務組合,15,,,0,,https://www2.njss.info/organizations/proc/8286,2026-08-02,埼玉県,地方公共団体,1
富山地区広域圏事務組合,15,,,0,,https://www2.njss.info/organizations/proc/8360,2026-08-02,富山県,地方公共団体,1
瑞穂斎場組合,15,,,0,,https://www2.njss.info/organizations/proc/8414,2026-08-02,東京都,地方公共団体,1
浅麓環境施設組合,15,,,0,,https://www2.njss.info/organizations/proc/8446,2026-08-02,長野県,地方公共団体,1
周南東部環境施設組合,15,,,0,,https://www2.njss.info/organizations/proc/8734,2026-08-02,山口県,地方公共団体,1
南国・香南・香美租税債権管理機構,15,,,0,,https://www2.njss.info/organizations/proc/8764,2026-08-02,高知県,地方公共団体,1
防衛省(MOD) 海上自衛隊 横須賀地方総監部 父島基地分遣隊,15,,,0,,https://www2.njss.info/organizations/proc/9078,2026-08-02,東京都,国・省庁,0
恩賜財団 済生会 富山県済生会 高岡病院,15,,,0,,https://www2.njss.info/organizations/proc/9211,2026-08-02,富山県,地方公共団体,0
国立美術館 国立映画アーカイブ,15,,,0,,https://www2.njss.info/organizations/proc/9280,2026-08-02,東京都,国・省庁,0
恩賜財団 済生会 三重県済生会 松阪総合病院,15,,,0,,https://www2.njss.info/organizations/proc/9311,2026-08-02,三重県,地方公共団体,0
遠賀・中間地域広域行政事務組合,15,,,0,,https://www2.njss.info/organizations/proc/9733,2026-08-02,福岡県,地方公共団体,1
戸田ボートレース企業団,14,,,0,,https://www2.njss.info/organizations/proc/9605,2026-08-02,埼玉県,地方公共団体,1
雨竜郡雨竜町役場,14,,,0,,https://www2.njss.info/organizations/proc/6776,2026-08-02,北海道,地方公共団体,0
愛知県競馬組合,14,,,0,,https://www2.njss.info/organizations/proc/9813,2026-08-02,愛知県,地方公共団体,1
西日本高速道路株式会社(NEXCO) 関西支社 栗東管理事務所,14,,,0,,https://www2.njss.info/organizations/proc/2014,2026-08-02,滋賀県,国・省庁,0
西日本高速道路株式会社(NEXCO) 中国支社 岡山高速道路事務所,14,,,0,,https://www2.njss.info/organizations/proc/2036,2026-08-02,岡山県,国・省庁,0
多野郡上野村役場,14,,,0,,https://www2.njss.info/organizations/proc/6496,2026-08-02,群馬県,地方公共団体,0
日本赤十字社 滋賀県赤十字血液センター,14,,,0,,https://www2.njss.info/organizations/proc/1177,2026-08-02,滋賀県,国・省庁,0
日本赤十字社 岡山県赤十字血液センター,14,,,0,,https://www2.njss.info/organizations/proc/1184,2026-08-02,岡山県,国・省庁,0
西日本高速道路株式会社(NEXCO) 中国支社 福山管理事務所,14,,,0,,https://www2.njss.info/organizations/proc/2037,2026-08-02,広島県,国・省庁,0
経済産業省(METI) 経済産業研修所,14,,,0,,https://www2.njss.info/organizations/proc/3923,2026-08-02,東京都,国・省庁,0
最高裁判所 東京高等裁判所 知的財産高等裁判所,14,,,0,,https://www2.njss.info/organizations/proc/3929,2026-08-02,東京都,国・省庁,0
小笠原村役場,14,,,0,,https://www2.njss.info/organizations/proc/4596,2026-08-02,東京都,地方公共団体,0
国土交通省(MLIT) 中部地方整備局 静岡河川事務所,14,,,0,,https://www2.njss.info/organizations/proc/5226,2026-08-02,静岡県,国・省庁,0
松本市立病院,14,,,0,,https://www2.njss.info/organizations/proc/5329,2026-08-02,長野県,地方公共団体,1
西脇市立西脇病院,14,,,0,,https://www2.njss.info/organizations/proc/5595,2026-08-02,兵庫県,地方公共団体,1
高齢・障害・求職者雇用支援機構 長崎支部 長崎職業能力開発促進センター佐世保訓練センター,14,,,0,,https://www2.njss.info/organizations/proc/5869,2026-08-02,長崎県,国・省庁,0
群馬県立精神医療センター,14,,,0,,https://www2.njss.info/organizations/proc/5959,2026-08-02,群馬県,地方公共団体,1
福島県道路公社,14,,,0,,https://www2.njss.info/organizations/proc/6145,2026-08-02,福島県,地方公共団体,1
石川郡浅川町役場,14,,,0,,https://www2.njss.info/organizations/proc/6874,2026-08-02,福島県,地方公共団体,0
北海道警察釧路方面本部 新得警察署,14,,,0,,https://www2.njss.info/organizations/proc/7032,2026-08-02,北海道,地方公共団体,0
盛岡地区広域消防組合,14,,,0,,https://www2.njss.info/organizations/proc/8056,2026-08-02,岩手県,地方公共団体,1
気仙沼・本吉地域広域行政事務組合,14,,,0,,https://www2.njss.info/organizations/proc/8068,2026-08-02,宮城県,地方公共団体,1
彩北広域清掃組合,14,,,0,,https://www2.njss.info/organizations/proc/8310,2026-08-02,埼玉県,地方公共団体,1
南越清掃組合,14,,,0,,https://www2.njss.info/organizations/proc/8430,2026-08-02,福井県,地方公共団体,1
長野県市町村自治振興組合,14,,,0,,https://www2.njss.info/organizations/proc/8524,2026-08-02,長野県,地方公共団体,1
名西消防組合,14,,,0,,https://www2.njss.info/organizations/proc/8656,2026-08-02,徳島県,地方公共団体,1
香芝・王寺環境施設組合,14,,,0,,https://www2.njss.info/organizations/proc/8718,2026-08-02,奈良県,地方公共団体,1
県央県南広域環境組合,14,,,0,,https://www2.njss.info/organizations/proc/8800,2026-08-02,長崎県,地方公共団体,1
八代広域行政事務組合,14,,,0,,https://www2.njss.info/organizations/proc/8822,2026-08-02,熊本県,地方公共団体,1
国土交通省(MLIT) 九州地方整備局 阿蘇砂防事務所,14,,,0,,https://www2.njss.info/organizations/proc/8850,2026-08-02,熊本県,国・省庁,0
香川県後期高齢者医療広域連合,14,,,0,,https://www2.njss.info/organizations/proc/8944,2026-08-02,香川県,地方公共団体,1
使用済燃料再処理・廃炉推進機構,14,,,0,,https://www2.njss.info/organizations/proc/9269,2026-08-02,青森県,国・省庁,0
恩賜財団 済生会 香川県済生会 香川県済生会病院,14,,,0,,https://www2.njss.info/organizations/proc/9295,2026-08-02,香川県,地方公共団体,0
新潟県下水道公社,14,,,0,,https://www2.njss.info/organizations/proc/9438,2026-08-02,新潟県,地方公共団体,1
総務省(MIC) 北海道管区行政評価局,14,,,0,,https://www2.njss.info/organizations/proc/9673,2026-08-02,北海道,国・省庁,0
防衛省(MOD) 防衛装備庁 【［閉鎖］電子装備研究所】 【［閉鎖］飯岡支所】,13,,,0,,https://www2.njss.info/organizations/proc/43,2026-08-02,千葉県,国・省庁,1
環境省(MOE) 中国四国地方環境事務所 四国事務所,13,,,0,,https://www2.njss.info/organizations/proc/747,2026-08-02,香川県,国・省庁,0
国土交通省(MLIT) 四国地方整備局 香川河川国道事務所 国営讃岐まんのう公園事務所,13,,,0,,https://www2.njss.info/organizations/proc/923,2026-08-02,香川県,国・省庁,0
農林水産省(MAFF) 林野庁(FA) 関東森林管理局 福島森林管理署,13,,,0,,https://www2.njss.info/organizations/proc/1396,2026-08-02,福島県,国・省庁,0
労働者健康安全機構 関西労災病院 治療就労両立支援センター,13,,,0,,https://www2.njss.info/organizations/proc/1546,2026-08-02,兵庫県,国・省庁,0
防衛省(MOD) 陸上自衛隊 東部方面隊 東部方面会計隊 霞ヶ浦駐屯地 第413会計隊,13,,,0,,https://www2.njss.info/organizations/proc/4005,2026-08-02,茨城県,国・省庁,0
神戸市看護大学,13,,,0,,https://www2.njss.info/organizations/proc/4479,2026-08-02,兵庫県,国・省庁,0
都市再生機構(UR) 東日本都市再生本部 三鷹再開発事務所,13,,,0,,https://www2.njss.info/organizations/proc/4541,2026-08-02,東京都,国・省庁,0
橋本周辺広域市町村圏組合,13,,,0,,https://www2.njss.info/organizations/proc/5008,2026-08-02,和歌山県,地方公共団体,1
川崎市立川崎病院,13,,,0,,https://www2.njss.info/organizations/proc/5133,2026-08-02,神奈川県,地方公共団体,1
広島市立病院機構 広島市立北部医療センター安佐市民病院,13,,,0,,https://www2.njss.info/organizations/proc/5182,2026-08-02,広島県,地方公共団体,1
長野県看護大学,13,,,0,,https://www2.njss.info/organizations/proc/5409,2026-08-02,長野県,国・省庁,0
県立薩南病院,13,,,0,,https://www2.njss.info/organizations/proc/5902,2026-08-02,鹿児島県,地方公共団体,1
千葉県立佐原病院,13,,,0,,https://www2.njss.info/organizations/proc/5931,2026-08-02,千葉県,地方公共団体,1
安八郡輪之内町役場,13,,,0,,https://www2.njss.info/organizations/proc/6276,2026-08-02,岐阜県,地方公共団体,0
加茂郡坂祝町役場,13,,,0,,https://www2.njss.info/organizations/proc/6587,2026-08-02,岐阜県,地方公共団体,0
北海道警察北見方面本部 美幌警察署,13,,,0,,https://www2.njss.info/organizations/proc/7037,2026-08-02,北海道,地方公共団体,0
山口大学 山口大学医学部附属病院,13,,,0,,https://www2.njss.info/organizations/proc/7295,2026-08-02,山口県,国・省庁,0
皆野・長瀞下水道組合,13,,,0,,https://www2.njss.info/organizations/proc/7318,2026-08-02,埼玉県,地方公共団体,1
島根県住宅供給公社,13,,,0,,https://www2.njss.info/organizations/proc/7468,2026-08-02,島根県,地方公共団体,1
鹿児島県住宅供給公社,13,,,0,,https://www2.njss.info/organizations/proc/7477,2026-08-02,鹿児島県,地方公共団体,1
京都市役所 北区役所,13,,,0,,https://www2.njss.info/organizations/proc/7783,2026-08-02,京都府,地方公共団体,0
京都市役所 左京区役所,13,,,0,,https://www2.njss.info/organizations/proc/7787,2026-08-02,京都府,地方公共団体,0
吾妻広域町村圏振興整備組合,13,,,0,,https://www2.njss.info/organizations/proc/8382,2026-08-02,群馬県,地方公共団体,1
東山梨行政事務組合,13,,,0,,https://www2.njss.info/organizations/proc/8436,2026-08-02,山梨県,地方公共団体,1
まほろば環境衛生組合,13,,,0,,https://www2.njss.info/organizations/proc/8626,2026-08-02,奈良県,地方公共団体,1
県央地域広域市町村圏組合,13,,,0,,https://www2.njss.info/organizations/proc/8794,2026-08-02,長崎県,地方公共団体,1
宇佐・高田・国東広域事務組合,13,,,0,,https://www2.njss.info/organizations/proc/8866,2026-08-02,大分県,地方公共団体,1
西諸広域行政事務組合,13,,,0,,https://www2.njss.info/organizations/proc/8872,2026-08-02,宮崎県,地方公共団体,1
広島県水道広域連合企業団 府中事務所,13,,,0,,https://www2.njss.info/organizations/proc/9132,2026-08-02,広島県,地方公共団体,1
恩賜財団 済生会 宮崎県済生会 日向病院,13,,,0,,https://www2.njss.info/organizations/proc/9205,2026-08-02,宮崎県,地方公共団体,0
恩賜財団 済生会 兵庫県済生会 兵庫県病院,13,,,0,,https://www2.njss.info/organizations/proc/9228,2026-08-02,兵庫県,地方公共団体,0
国立文化財機構(NICH) 皇居三の丸尚蔵館,13,,,0,,https://www2.njss.info/organizations/proc/9235,2026-08-02,東京都,国・省庁,0
名古屋市職員共済組合,13,,,0,,https://www2.njss.info/organizations/proc/9249,2026-08-02,愛知県,地方公共団体,1
国土交通省(MLIT) 国土交通政策研究所,13,,,0,,https://www2.njss.info/organizations/proc/9418,2026-08-02,東京都,国・省庁,0
多摩都市モノレール株式会社,12,,,0,,https://www2.njss.info/organizations/proc/9799,2026-08-02,東京都,地方公共団体,1
東日本高速道路株式会社(NEXCO) 北海道支社 室蘭管理事務所,12,,,0,,https://www2.njss.info/organizations/proc/1904,2026-08-02,北海道,国・省庁,0
横浜市役所 市会,12,,,0,,https://www2.njss.info/organizations/proc/7111,2026-08-02,神奈川県,地方公共団体,0
岩手中部広域行政組合,12,,,0,,https://www2.njss.info/organizations/proc/7902,2026-08-02,岩手県,地方公共団体,1
恩賜財団 済生会 山形県済生会 山形済生病院,12,,,0,,https://www2.njss.info/organizations/proc/9048,2026-08-02,山形県,地方公共団体,0
沖縄電力株式会社,12,,,0,,https://www2.njss.info/organizations/proc/9444,2026-08-02,沖縄県,地方公共団体,1
放送大学学園 放送大学 【［閉鎖］メディア教育開発センター(NIME)】,12,,,0,,https://www2.njss.info/organizations/proc/229,2026-08-02,千葉県,国・省庁,1
日本赤十字社 福井県支部,12,,,0,,https://www2.njss.info/organizations/proc/1127,2026-08-02,福井県,国・省庁,0
日本赤十字社 長崎県支部,12,,,0,,https://www2.njss.info/organizations/proc/1149,2026-08-02,長崎県,国・省庁,0
日本赤十字社 香川県赤十字血液センター,12,,,0,,https://www2.njss.info/organizations/proc/1188,2026-08-02,香川県,国・省庁,0
東日本高速道路株式会社(NEXCO) 関東支社 千葉管理事務所,12,,,0,,https://www2.njss.info/organizations/proc/1942,2026-08-02,千葉県,国・省庁,0
東日本高速道路株式会社(NEXCO) 関東支社 横浜工事事務所,12,,,0,,https://www2.njss.info/organizations/proc/1953,2026-08-02,神奈川県,国・省庁,0
東日本高速道路株式会社(NEXCO) 新潟支社 新潟管理事務所,12,,,0,,https://www2.njss.info/organizations/proc/1956,2026-08-02,新潟県,国・省庁,0
防衛省(MOD) 陸上自衛隊 北部方面隊 北部方面会計隊 丘珠駐屯地 第423会計隊,12,,,0,,https://www2.njss.info/organizations/proc/3990,2026-08-02,北海道,国・省庁,0
都市再生機構(UR) 東日本都市再生本部 静岡東部都市再生事務所,12,,,0,,https://www2.njss.info/organizations/proc/4544,2026-08-02,静岡県,国・省庁,0
名桜大学,12,,,0,,https://www2.njss.info/organizations/proc/5445,2026-08-02,沖縄県,国・省庁,0
南牟婁郡紀宝町役場,12,,,0,,https://www2.njss.info/organizations/proc/6286,2026-08-02,三重県,地方公共団体,0
広島原爆障害対策協議会,12,,,0,,https://www2.njss.info/organizations/proc/6677,2026-08-02,広島県,国・省庁,1
石狩郡新篠津村役場,12,,,0,,https://www2.njss.info/organizations/proc/6765,2026-08-02,北海道,地方公共団体,0
雨竜郡妹背牛町役場,12,,,0,,https://www2.njss.info/organizations/proc/6766,2026-08-02,北海道,地方公共団体,0
寿都郡黒松内町役場,12,,,0,,https://www2.njss.info/organizations/proc/6772,2026-08-02,北海道,地方公共団体,0
礼文郡礼文町役場,12,,,0,,https://www2.njss.info/organizations/proc/6775,2026-08-02,北海道,地方公共団体,0
雨竜郡北竜町役場,12,,,0,,https://www2.njss.info/organizations/proc/6790,2026-08-02,北海道,地方公共団体,0
警察共済組合 【［閉鎖］北海道支部事務局】,12,,,0,,https://www2.njss.info/organizations/proc/6961,2026-08-02,北海道,地方公共団体,1
国土交通省(MLIT) 九州地方整備局 【［閉鎖］熊本復興事務所】,12,,,0,,https://www2.njss.info/organizations/proc/7157,2026-08-02,熊本県,国・省庁,1
長崎県庁 議会事務局,12,,,0,,https://www2.njss.info/organizations/proc/7247,2026-08-02,長崎県,地方公共団体,0
防衛省(MOD) 航空自衛隊 高蔵寺分屯基地,12,,,0,,https://www2.njss.info/organizations/proc/7662,2026-08-02,愛知県,国・省庁,0
京都市役所 上京区役所,12,,,0,,https://www2.njss.info/organizations/proc/7785,2026-08-02,京都府,地方公共団体,0
京都市役所 東山区役所,12,,,0,,https://www2.njss.info/organizations/proc/7791,2026-08-02,京都府,地方公共団体,0
京都市役所 下京区役所,12,,,0,,https://www2.njss.info/organizations/proc/7795,2026-08-02,京都府,地方公共団体,0
京都市役所 南区役所,12,,,0,,https://www2.njss.info/organizations/proc/7797,2026-08-02,京都府,地方公共団体,0
京都市役所 伏見区役所,12,,,0,,https://www2.njss.info/organizations/proc/7803,2026-08-02,京都府,地方公共団体,0
本荘由利広域市町村圏組合,12,,,0,,https://www2.njss.info/organizations/proc/8074,2026-08-02,秋田県,地方公共団体,1
山辺・県北西部広域環境衛生組合,12,,,0,,https://www2.njss.info/organizations/proc/8110,2026-08-02,奈良県,地方公共団体,1
大牟田・荒尾清掃施設組合,12,,,0,,https://www2.njss.info/organizations/proc/8234,2026-08-02,福岡県,地方公共団体,1
朝霞和光資源循環組合,12,,,0,,https://www2.njss.info/organizations/proc/8394,2026-08-02,埼玉県,地方公共団体,1
有田周辺広域圏事務組合,12,,,0,,https://www2.njss.info/organizations/proc/8636,2026-08-02,和歌山県,地方公共団体,1
ふくおか県央環境広域施設組合,12,,,0,,https://www2.njss.info/organizations/proc/8784,2026-08-02,福岡県,地方公共団体,1
恩賜財団 済生会 岡山県済生会 岡山済生会総合病院,12,,,0,,https://www2.njss.info/organizations/proc/9242,2026-08-02,岡山県,地方公共団体,0
国土交通省(MLIT) 気象庁 高層気象台,12,,,0,,https://www2.njss.info/organizations/proc/9420,2026-08-02,茨城県,国・省庁,0
知北平和公園組合,12,,,0,,https://www2.njss.info/organizations/proc/9531,2026-08-02,愛知県,地方公共団体,1
利島村役場,11,,,0,,https://www2.njss.info/organizations/proc/4581,2026-08-02,東京都,地方公共団体,0
西日本高速道路株式会社(NEXCO) 中国支社 三次管理事務所,11,,,0,,https://www2.njss.info/organizations/proc/2034,2026-08-02,広島県,国・省庁,0
西日本高速道路株式会社(NEXCO) 関西支社 吹田管理事務所,11,,,0,,https://www2.njss.info/organizations/proc/2016,2026-08-02,大阪府,国・省庁,0
尾道市立大学,11,,,0,,https://www2.njss.info/organizations/proc/5424,2026-08-02,広島県,国・省庁,0
東牟婁郡古座川町役場,11,,,0,,https://www2.njss.info/organizations/proc/6585,2026-08-02,和歌山県,地方公共団体,0
耶麻郡磐梯町役場,11,,,0,,https://www2.njss.info/organizations/proc/6885,2026-08-02,福島県,地方公共団体,0
奄美群島広域事務組合,11,,,0,,https://www2.njss.info/organizations/proc/9637,2026-08-02,鹿児島県,地方公共団体,1
東日本高速道路株式会社(NEXCO) 関東支社 水戸管理事務所,11,,,0,,https://www2.njss.info/organizations/proc/1934,2026-08-02,茨城県,国・省庁,0
東日本高速道路株式会社(NEXCO) 関東支社 さいたま工事事務所,11,,,0,,https://www2.njss.info/organizations/proc/1950,2026-08-02,埼玉県,国・省庁,0
東日本高速道路株式会社(NEXCO) 新潟支社 長岡管理事務所,11,,,0,,https://www2.njss.info/organizations/proc/1957,2026-08-02,新潟県,国・省庁,0
防衛省(MOD) 陸上自衛隊 中部方面隊 中部方面会計隊 大津駐屯地 第409会計隊,11,,,0,,https://www2.njss.info/organizations/proc/4019,2026-08-02,滋賀県,国・省庁,0
法務省(MOJ) 四国地方更生保護委員会,11,,,0,,https://www2.njss.info/organizations/proc/4086,2026-08-02,香川県,国・省庁,0
国土交通省(MLIT) 中部地方整備局 多治見砂防国道事務所,11,,,0,,https://www2.njss.info/organizations/proc/5221,2026-08-02,岐阜県,国・省庁,0
新潟県立妙高病院,11,,,0,,https://www2.njss.info/organizations/proc/5662,2026-08-02,新潟県,地方公共団体,1
千葉県総合救急災害医療センター 【［閉鎖］千葉県救急医療センター】,11,,,0,,https://www2.njss.info/organizations/proc/5926,2026-08-02,千葉県,地方公共団体,1
岩手県立大東病院,11,,,0,,https://www2.njss.info/organizations/proc/5983,2026-08-02,岩手県,地方公共団体,1
東村山郡中山町役場,11,,,0,,https://www2.njss.info/organizations/proc/6419,2026-08-02,山形県,地方公共団体,0
愛甲郡清川村役場,11,,,0,,https://www2.njss.info/organizations/proc/6558,2026-08-02,神奈川県,地方公共団体,0
賀茂郡松崎町役場,11,,,0,,https://www2.njss.info/organizations/proc/6692,2026-08-02,静岡県,地方公共団体,0
島牧郡島牧村役場,11,,,0,,https://www2.njss.info/organizations/proc/6795,2026-08-02,北海道,地方公共団体,0
勝浦郡上勝町役場,11,,,0,,https://www2.njss.info/organizations/proc/7057,2026-08-02,徳島県,地方公共団体,0
釧路観光コンベンション協会,11,,,0,,https://www2.njss.info/organizations/proc/7621,2026-08-02,北海道,国・省庁,1
弘前地区環境整備事務組合,11,,,0,,https://www2.njss.info/organizations/proc/8030,2026-08-02,青森県,地方公共団体,1
大里広域市町村圏組合,11,,,0,,https://www2.njss.info/organizations/proc/8390,2026-08-02,埼玉県,地方公共団体,1
一部事務組合下田メディカルセンター,11,,,0,,https://www2.njss.info/organizations/proc/8552,2026-08-02,静岡県,地方公共団体,1
岐阜羽島衛生施設組合,11,,,0,,https://www2.njss.info/organizations/proc/8688,2026-08-02,岐阜県,地方公共団体,1
大川広域行政組合,11,,,0,,https://www2.njss.info/organizations/proc/8744,2026-08-02,香川県,地方公共団体,1
上球磨消防組合,11,,,0,,https://www2.njss.info/organizations/proc/8820,2026-08-02,熊本県,地方公共団体,1
岡山県市町村税整理組合,11,,,0,,https://www2.njss.info/organizations/proc/8902,2026-08-02,岡山県,地方公共団体,1
滋賀県後期高齢者医療広域連合,11,,,0,,https://www2.njss.info/organizations/proc/8930,2026-08-02,滋賀県,地方公共団体,1
防衛省(MOD) 陸上自衛隊,11,,,0,,https://www2.njss.info/organizations/proc/9018,2026-08-02,東京都,国・省庁,0
恩賜財団 済生会 神奈川県済生会 若草病院,11,,,0,,https://www2.njss.info/organizations/proc/9058,2026-08-02,神奈川県,地方公共団体,0
広島県水道広域連合企業団 北広島事務所,11,,,0,,https://www2.njss.info/organizations/proc/9116,2026-08-02,広島県,地方公共団体,1
恩賜財団 済生会 鳥取県済生会 鳥取県済生会境港総合病院,11,,,0,,https://www2.njss.info/organizations/proc/9229,2026-08-02,鳥取県,地方公共団体,0
香川県農業共済組合,11,,,0,,https://www2.njss.info/organizations/proc/9349,2026-08-02,香川県,地方公共団体,1
国立高等専門学校機構 東京工業高等専門学校,10,,,0,,https://www2.njss.info/organizations/proc/9797,2026-08-02,東京都,国・省庁,0
国立高等専門学校機構 松江工業高等専門学校,10,,,0,,https://www2.njss.info/organizations/proc/9240,2026-08-02,島根県,国・省庁,0
東日本高速道路株式会社(NEXCO) 北海道支社 札幌管理事務所,10,,,0,,https://www2.njss.info/organizations/proc/1906,2026-08-02,北海道,国・省庁,0
防衛省(MOD) 陸上自衛隊 東北方面隊 東北方面会計隊 船岡駐屯地 第416会計隊,10,,,0,,https://www2.njss.info/organizations/proc/3995,2026-08-02,宮城県,国・省庁,0
世羅中央病院企業団,10,,,0,,https://www2.njss.info/organizations/proc/8646,2026-08-02,広島県,地方公共団体,1
球磨郡公立多良木病院企業団,10,,,0,,https://www2.njss.info/organizations/proc/8808,2026-08-02,熊本県,地方公共団体,1
日本赤十字社 佐賀県赤十字血液センター,10,,,0,,https://www2.njss.info/organizations/proc/1192,2026-08-02,佐賀県,国・省庁,0
労働者健康安全機構 【［閉鎖］北海道中央労災病院】【［閉鎖］治療就労両立支援センター】,10,,,0,,https://www2.njss.info/organizations/proc/1540,2026-08-02,北海道,国・省庁,1
労働者健康安全機構 関東労災病院 治療就労両立支援センター,10,,,0,,https://www2.njss.info/organizations/proc/1543,2026-08-02,神奈川県,国・省庁,0
労働者健康安全機構 労災リハビリテーションセンター宮城作業所,10,,,0,,https://www2.njss.info/organizations/proc/1550,2026-08-02,宮城県,国・省庁,0
労働者健康安全機構 労災リハビリテーションセンター福井作業所,10,,,0,,https://www2.njss.info/organizations/proc/1552,2026-08-02,福井県,国・省庁,0
東日本高速道路株式会社(NEXCO) 関東支社 加須管理事務所,10,,,0,,https://www2.njss.info/organizations/proc/1939,2026-08-02,埼玉県,国・省庁,0
東日本高速道路株式会社(NEXCO) 関東支社 東京湾アクアライン管理事務所,10,,,0,,https://www2.njss.info/organizations/proc/1944,2026-08-02,千葉県,国・省庁,0
東日本高速道路株式会社(NEXCO) 新潟支社 上越管理事務所,10,,,0,,https://www2.njss.info/organizations/proc/1958,2026-08-02,新潟県,国・省庁,0
西日本高速道路株式会社(NEXCO) 関西支社 京都丹波道路管理事務所,10,,,0,,https://www2.njss.info/organizations/proc/2020,2026-08-02,京都府,国・省庁,0
西日本高速道路株式会社(NEXCO) 九州支社 沖縄管理事務所,10,,,0,,https://www2.njss.info/organizations/proc/2060,2026-08-02,沖縄県,国・省庁,0
防衛省(MOD) 陸上自衛隊 北部方面隊 北部方面会計隊 遠軽駐屯地 第376会計隊,10,,,0,,https://www2.njss.info/organizations/proc/3988,2026-08-02,北海道,国・省庁,0
日本放送協会(NHK) 旭川放送局,10,,,0,,https://www2.njss.info/organizations/proc/4263,2026-08-02,北海道,国・省庁,0
日本放送協会(NHK) 帯広放送局,10,,,0,,https://www2.njss.info/organizations/proc/4264,2026-08-02,北海道,国・省庁,0
名古屋市立大学 名古屋市立大学医学部附属西部医療センター,10,,,0,,https://www2.njss.info/organizations/proc/5156,2026-08-02,愛知県,地方公共団体,0
国土交通省(MLIT) 九州地方整備局 熊本営繕事務所,10,,,0,,https://www2.njss.info/organizations/proc/5298,2026-08-02,熊本県,国・省庁,0
山形市立病院済生館,10,,,0,,https://www2.njss.info/organizations/proc/5310,2026-08-02,山形県,地方公共団体,1
所沢市市民医療センター,10,,,0,,https://www2.njss.info/organizations/proc/5313,2026-08-02,埼玉県,地方公共団体,1
高齢・障害・求職者雇用支援機構 愛知支部 中部職業能力開発促進センター名古屋港湾労働分所,10,,,0,,https://www2.njss.info/organizations/proc/5813,2026-08-02,愛知県,国・省庁,0
千葉県こども病院,10,,,0,,https://www2.njss.info/organizations/proc/5928,2026-08-02,千葉県,地方公共団体,1
吉野郡野迫川村役場,10,,,0,,https://www2.njss.info/organizations/proc/6577,2026-08-02,奈良県,地方公共団体,0
爾志郡乙部町役場,10,,,0,,https://www2.njss.info/organizations/proc/6747,2026-08-02,北海道,地方公共団体,0
下閉伊郡普代村役場,10,,,0,,https://www2.njss.info/organizations/proc/6834,2026-08-02,岩手県,地方公共団体,0
北海道警察本部 【［閉鎖］砂川警察署】,10,,,0,,https://www2.njss.info/organizations/proc/6938,2026-08-02,北海道,地方公共団体,1
下伊那郡売木村役場,10,,,0,,https://www2.njss.info/organizations/proc/6971,2026-08-02,長野県,地方公共団体,0
三重大学 三重大学医学部附属病院,10,,,0,,https://www2.njss.info/organizations/proc/7227,2026-08-02,三重県,国・省庁,0
日本不動産鑑定士協会連合会,10,,,0,,https://www2.njss.info/organizations/proc/7273,2026-08-02,東京都,国・省庁,1
防衛省(MOD) 自衛隊福岡地方協力本部,10,,,0,,https://www2.njss.info/organizations/proc/7359,2026-08-02,福岡県,国・省庁,0
秋田観光コンベンション協会,10,,,0,,https://www2.njss.info/organizations/proc/7627,2026-08-02,秋田県,国・省庁,1
福井県観光連盟,10,,,0,,https://www2.njss.info/organizations/proc/7642,2026-08-02,福井県,国・省庁,1
高松観光コンベンション・ビューロー,10,,,0,,https://www2.njss.info/organizations/proc/7657,2026-08-02,香川県,国・省庁,1
公立岩瀬病院,10,,,0,,https://www2.njss.info/organizations/proc/7714,2026-08-02,福島県,国・省庁,1
石巻地区広域行政事務組合,10,,,0,,https://www2.njss.info/organizations/proc/7894,2026-08-02,宮城県,地方公共団体,1
鳥取県産業技術センター,10,,,0,,https://www2.njss.info/organizations/proc/8004,2026-08-02,鳥取県,地方公共団体,1
穂高広域施設組合,10,,,0,,https://www2.njss.info/organizations/proc/8214,2026-08-02,長野県,地方公共団体,1
鉾田・大洗広域事務組合,10,,,0,,https://www2.njss.info/organizations/proc/8274,2026-08-02,茨城県,地方公共団体,1
埼玉西部環境保全組合,10,,,0,,https://www2.njss.info/organizations/proc/8314,2026-08-02,埼玉県,地方公共団体,1
新川広域圏事務組合,10,,,0,,https://www2.njss.info/organizations/proc/8426,2026-08-02,富山県,地方公共団体,1
桑名広域清掃事業組合,10,,,0,,https://www2.njss.info/organizations/proc/8582,2026-08-02,三重県,地方公共団体,1
津山圏域資源循環施設組合,10,,,0,,https://www2.njss.info/organizations/proc/8644,2026-08-02,岡山県,地方公共団体,1
岡山県後期高齢者医療広域連合,10,,,0,,https://www2.njss.info/organizations/proc/8940,2026-08-02,岡山県,地方公共団体,1
徳島中央広域連合,10,,,0,,https://www2.njss.info/organizations/proc/8992,2026-08-02,徳島県,地方公共団体,1
恩賜財団 済生会 茨城県済生会 神栖済生会病院,10,,,0,,https://www2.njss.info/organizations/proc/9066,2026-08-02,茨城県,地方公共団体,0
岩手県競馬組合,10,,,0,,https://www2.njss.info/organizations/proc/9286,2026-08-02,岩手県,地方公共団体,1
湖北環境衛生組合,10,,,0,,https://www2.njss.info/organizations/proc/9330,2026-08-02,茨城県,地方公共団体,1
三条市立大学,10,,,0,,https://www2.njss.info/organizations/proc/9351,2026-08-02,新潟県,国・省庁,0
日高中部消防組合,10,,,0,,https://www2.njss.info/organizations/proc/9410,2026-08-02,北海道,地方公共団体,1
東京地下鉄株式会社,9,,,0,,https://www2.njss.info/organizations/proc/9809,2026-08-02,東京都,地方公共団体,1
東京港埠頭株式会社,9,,,0,,https://www2.njss.info/organizations/proc/9826,2026-08-02,東京都,地方公共団体,1
東日本高速道路株式会社(NEXCO) 東北支社 山形管理事務所,9,,,0,,https://www2.njss.info/organizations/proc/1923,2026-08-02,山形県,国・省庁,0
東日本高速道路株式会社(NEXCO) 関東支社 宇都宮管理事務所,9,,,0,,https://www2.njss.info/organizations/proc/1936,2026-08-02,栃木県,国・省庁,0
東日本高速道路株式会社(NEXCO) 関東支社 所沢管理事務所,9,,,0,,https://www2.njss.info/organizations/proc/1940,2026-08-02,埼玉県,国・省庁,0
公立阿伎留医療センター,9,,,0,,https://www2.njss.info/organizations/proc/5128,2026-08-02,東京都,地方公共団体,1
三重県後期高齢者医療広域連合,9,,,0,,https://www2.njss.info/organizations/proc/8928,2026-08-02,三重県,地方公共団体,1
広島県水道広域連合企業団 神石高原事務所,9,,,0,,https://www2.njss.info/organizations/proc/9122,2026-08-02,広島県,地方公共団体,1
恩賜財団 済生会 愛媛県済生会 今治第二病院,9,,,0,,https://www2.njss.info/organizations/proc/9320,2026-08-02,愛媛県,地方公共団体,0
鹿児島県農業共済組合,9,,,0,,https://www2.njss.info/organizations/proc/9355,2026-08-02,鹿児島県,地方公共団体,1
北陸電力株式会社,9,,,0,,https://www2.njss.info/organizations/proc/9520,2026-08-02,富山県,地方公共団体,1
日本赤十字社 熊本県支部,9,,,0,,https://www2.njss.info/organizations/proc/1150,2026-08-02,熊本県,国・省庁,0
日本赤十字社 三重県赤十字血液センター,9,,,0,,https://www2.njss.info/organizations/proc/1176,2026-08-02,三重県,国・省庁,0
東日本高速道路株式会社(NEXCO) 東北支社 青森管理事務所,9,,,0,,https://www2.njss.info/organizations/proc/1914,2026-08-02,青森県,国・省庁,0
東日本高速道路株式会社(NEXCO) 東北支社 盛岡管理事務所,9,,,0,,https://www2.njss.info/organizations/proc/1916,2026-08-02,岩手県,国・省庁,0
東日本高速道路株式会社(NEXCO) 関東支社 谷和原管理事務所,9,,,0,,https://www2.njss.info/organizations/proc/1935,2026-08-02,茨城県,国・省庁,0
東日本高速道路株式会社(NEXCO) 関東支社 高崎管理事務所,9,,,0,,https://www2.njss.info/organizations/proc/1938,2026-08-02,群馬県,国・省庁,0
西日本高速道路株式会社(NEXCO) 関西支社 和歌山管理事務所,9,,,0,,https://www2.njss.info/organizations/proc/2017,2026-08-02,和歌山県,国・省庁,0
農林水産省(MAFF) 九州農政局 北部九州土地改良調査管理事務所 環境調整課,9,,,0,,https://www2.njss.info/organizations/proc/3880,2026-08-02,長崎県,国・省庁,0
防衛省(MOD) 陸上自衛隊 北部方面隊 北部方面会計隊 上富良野駐屯地 第344会計隊,9,,,0,,https://www2.njss.info/organizations/proc/3986,2026-08-02,北海道,国・省庁,0
防衛省(MOD) 陸上自衛隊 中部方面隊 中部方面会計隊 千僧駐屯地 第352会計隊,9,,,0,,https://www2.njss.info/organizations/proc/4018,2026-08-02,兵庫県,国・省庁,0
日本放送協会(NHK) 釧路放送局,9,,,0,,https://www2.njss.info/organizations/proc/4265,2026-08-02,北海道,国・省庁,0
日本放送協会(NHK) 北見放送局,9,,,0,,https://www2.njss.info/organizations/proc/4266,2026-08-02,北海道,国・省庁,0
都市再生機構(UR) 東日本都市再生本部 墨田市街地整備事務所,9,,,0,,https://www2.njss.info/organizations/proc/4540,2026-08-02,東京都,国・省庁,0
都市再生機構(UR) 東日本都市再生本部 武蔵小金井駅南口再開発事務所,9,,,0,,https://www2.njss.info/organizations/proc/4542,2026-08-02,東京都,国・省庁,0
国土交通省(MLIT) 中国地方整備局 土師ダム管理所,9,,,0,,https://www2.njss.info/organizations/proc/5274,2026-08-02,広島県,国・省庁,0
新潟県立中央病院,9,,,0,,https://www2.njss.info/organizations/proc/5663,2026-08-02,新潟県,地方公共団体,1
山口県立病院機構,9,,,0,,https://www2.njss.info/organizations/proc/5778,2026-08-02,山口県,地方公共団体,1
県立姶良病院,9,,,0,,https://www2.njss.info/organizations/proc/5901,2026-08-02,鹿児島県,地方公共団体,1
岩手県立東和病院,9,,,0,,https://www2.njss.info/organizations/proc/5984,2026-08-02,岩手県,地方公共団体,1
常呂郡訓子府町役場,9,,,0,,https://www2.njss.info/organizations/proc/6705,2026-08-02,北海道,地方公共団体,0
筑波大学 筑波大学附属病院,9,,,0,,https://www2.njss.info/organizations/proc/7212,2026-08-02,茨城県,国・省庁,0
島根大学 島根大学医学部附属病院,9,,,0,,https://www2.njss.info/organizations/proc/7292,2026-08-02,島根県,国・省庁,0
国土交通省(MLIT) 中部地方整備局 蓮ダム管理所,9,,,0,,https://www2.njss.info/organizations/proc/7305,2026-08-02,三重県,国・省庁,0
国土交通省(MLIT) 中部地方整備局 飯田国道事務所,9,,,0,,https://www2.njss.info/organizations/proc/7309,2026-08-02,長野県,国・省庁,0
岩手県立大槌病院,9,,,0,,https://www2.njss.info/organizations/proc/7337,2026-08-02,岩手県,地方公共団体,1
上越地域消防事務組合,9,,,0,,https://www2.njss.info/organizations/proc/7574,2026-08-02,新潟県,地方公共団体,1
岐阜観光コンベンション協会,9,,,0,,https://www2.njss.info/organizations/proc/7601,2026-08-02,岐阜県,国・省庁,1
大曲仙北広域市町村圏組合,9,,,0,,https://www2.njss.info/organizations/proc/8078,2026-08-02,秋田県,地方公共団体,1
北村山公立病院組合,9,,,0,,https://www2.njss.info/organizations/proc/8084,2026-08-02,山形県,地方公共団体,1
［閉鎖］くすのき広域連合,9,,,0,,https://www2.njss.info/organizations/proc/8246,2026-08-02,大阪府,地方公共団体,1
掛川市・菊川市衛生施設組合,9,,,0,,https://www2.njss.info/organizations/proc/8554,2026-08-02,静岡県,地方公共団体,1
五条広域事務組合,9,,,0,,https://www2.njss.info/organizations/proc/8572,2026-08-02,愛知県,地方公共団体,1
宮津与謝環境組合,9,,,0,,https://www2.njss.info/organizations/proc/8602,2026-08-02,京都府,地方公共団体,1
有明生活環境施設組合,9,,,0,,https://www2.njss.info/organizations/proc/8778,2026-08-02,福岡県,地方公共団体,1
菊池広域連合 【［閉鎖］菊池環境保全組合】,9,,,0,,https://www2.njss.info/organizations/proc/8810,2026-08-02,熊本県,地方公共団体,1
鈴鹿亀山地区広域連合,9,,,0,,https://www2.njss.info/organizations/proc/8896,2026-08-02,三重県,地方公共団体,1
恩賜財団 済生会 宮城県済生会,9,,,0,,https://www2.njss.info/organizations/proc/9038,2026-08-02,宮城県,地方公共団体,0
恩賜財団 済生会 神奈川県済生会 神奈川県病院,9,,,0,,https://www2.njss.info/organizations/proc/9054,2026-08-02,神奈川県,地方公共団体,0
恩賜財団 済生会 大阪府済生会 富田林病院,9,,,0,,https://www2.njss.info/organizations/proc/9246,2026-08-02,大阪府,地方公共団体,0
公立西知多総合病院,9,,,0,,https://www2.njss.info/organizations/proc/9342,2026-08-02,愛知県,地方公共団体,1
北空知圏学校給食組合,9,,,0,,https://www2.njss.info/organizations/proc/9414,2026-08-02,北海道,地方公共団体,1
栃木県市町村職員共済組合,9,,,0,,https://www2.njss.info/organizations/proc/9422,2026-08-02,栃木県,地方公共団体,1
株式会社高速道路総合技術研究所〈NEXCO総研〉,9,,,0,,https://www2.njss.info/organizations/proc/9480,2026-08-02,東京都,地方公共団体,1
伊万里・有田消防組合,9,,,0,,https://www2.njss.info/organizations/proc/9598,2026-08-02,佐賀県,地方公共団体,1
恩賜財団 済生会 埼玉県済生会 川口総合病院,9,,,0,,https://www2.njss.info/organizations/proc/9785,2026-08-02,埼玉県,地方公共団体,0
横浜港埠頭株式会社,8,,,0,,https://www2.njss.info/organizations/proc/9796,2026-08-02,神奈川県,地方公共団体,1
山形県住宅供給公社,8,,,0,,https://www2.njss.info/organizations/proc/7449,2026-08-02,山形県,地方公共団体,1
東日本高速道路株式会社(NEXCO) 北海道支社 旭川管理事務所,8,,,0,,https://www2.njss.info/organizations/proc/1908,2026-08-02,北海道,国・省庁,0
東日本高速道路株式会社(NEXCO) 東北支社 いわき工事事務所,8,,,0,,https://www2.njss.info/organizations/proc/1931,2026-08-02,福島県,国・省庁,0
防衛省(MOD) 陸上自衛隊 東部方面隊 東部方面会計隊 滝ヶ原駐屯地 第433会計隊,8,,,0,,https://www2.njss.info/organizations/proc/3488,2026-08-02,静岡県,国・省庁,0
防衛省(MOD) 陸上自衛隊 北部方面隊 北部方面会計隊 名寄駐屯地 第342会計隊,8,,,0,,https://www2.njss.info/organizations/proc/3987,2026-08-02,北海道,国・省庁,0
防衛省(MOD) 陸上自衛隊 中部方面隊 中部方面会計隊 豊川駐屯地 第308会計隊,8,,,0,,https://www2.njss.info/organizations/proc/4012,2026-08-02,愛知県,国・省庁,0
日本放送協会(NHK) 函館放送局,8,,,0,,https://www2.njss.info/organizations/proc/4262,2026-08-02,北海道,国・省庁,0
情報科学芸術大学院大学,8,,,0,,https://www2.njss.info/organizations/proc/4477,2026-08-02,岐阜県,国・省庁,0
広島市立病院機構 広島市立リハビリテーション病院,8,,,0,,https://www2.njss.info/organizations/proc/5180,2026-08-02,広島県,地方公共団体,1
国土交通省(MLIT) 中国地方整備局 八田原ダム管理所,8,,,0,,https://www2.njss.info/organizations/proc/5276,2026-08-02,広島県,国・省庁,0
兵庫県立粒子線医療センター,8,,,0,,https://www2.njss.info/organizations/proc/5641,2026-08-02,兵庫県,地方公共団体,1
日本赤十字社 裾野赤十字病院,8,,,0,,https://www2.njss.info/organizations/proc/6433,2026-08-02,静岡県,国・省庁,0
北海道警察釧路方面本部 【［閉鎖］池田警察署】,8,,,0,,https://www2.njss.info/organizations/proc/7029,2026-08-02,北海道,地方公共団体,1
長崎県庁 県民生活環境部 【［閉鎖］県民生活部】,8,,,0,,https://www2.njss.info/organizations/proc/7237,2026-08-02,長崎県,地方公共団体,1
長崎県庁 出納局,8,,,0,,https://www2.njss.info/organizations/proc/7244,2026-08-02,長崎県,地方公共団体,0
長崎県庁 東京事務所,8,,,0,,https://www2.njss.info/organizations/proc/7262,2026-08-02,東京都,地方公共団体,0
宮城県住宅供給公社,8,,,0,,https://www2.njss.info/organizations/proc/7448,2026-08-02,宮城県,地方公共団体,1
広島県住宅供給公社,8,,,0,,https://www2.njss.info/organizations/proc/7469,2026-08-02,広島県,地方公共団体,1
北九州観光コンベンション協会,8,,,0,,https://www2.njss.info/organizations/proc/7611,2026-08-02,福岡県,国・省庁,1
佐世保観光コンベンション協会,8,,,0,,https://www2.njss.info/organizations/proc/7613,2026-08-02,長崎県,国・省庁,1
全国厚生農業協同組合連合会 山梨県厚生連健康管理センター,8,,,0,,https://www2.njss.info/organizations/proc/7690,2026-08-02,山梨県,国・省庁,1
美幌・津別広域事務組合,8,,,0,,https://www2.njss.info/organizations/proc/7956,2026-08-02,北海道,地方公共団体,1
奄美群島振興開発基金,8,,,0,,https://www2.njss.info/organizations/proc/7974,2026-08-02,鹿児島県,国・省庁,0
十和田地域広域事務組合,8,,,0,,https://www2.njss.info/organizations/proc/8046,2026-08-02,青森県,地方公共団体,1
恩賜財団 済生会 愛媛県済生会,8,,,0,,https://www2.njss.info/organizations/proc/8166,2026-08-02,愛媛県,地方公共団体,0
浅川清流環境組合,8,,,0,,https://www2.njss.info/organizations/proc/8418,2026-08-02,東京都,地方公共団体,1
相楽郡広域事務組合,8,,,0,,https://www2.njss.info/organizations/proc/8600,2026-08-02,京都府,地方公共団体,1
公立那賀病院経営事務組合,8,,,0,,https://www2.njss.info/organizations/proc/8628,2026-08-02,和歌山県,地方公共団体,1
知多南部衛生組合,8,,,0,,https://www2.njss.info/organizations/proc/8690,2026-08-02,愛知県,地方公共団体,1
伊予消防等事務組合,8,,,0,,https://www2.njss.info/organizations/proc/8748,2026-08-02,愛媛県,地方公共団体,1
長与・時津環境施設組合,8,,,0,,https://www2.njss.info/organizations/proc/8806,2026-08-02,長崎県,地方公共団体,1
山鹿植木広域行政事務組合,8,,,0,,https://www2.njss.info/organizations/proc/8814,2026-08-02,熊本県,地方公共団体,1
度会広域連合,8,,,0,,https://www2.njss.info/organizations/proc/8984,2026-08-02,三重県,地方公共団体,1
沖縄県後期高齢者医療広域連合,8,,,0,,https://www2.njss.info/organizations/proc/9006,2026-08-02,沖縄県,地方公共団体,1
恩賜財団 済生会 山形県済生会,8,,,0,,https://www2.njss.info/organizations/proc/9040,2026-08-02,山形県,地方公共団体,0
恩賜財団 済生会 三重県済生会 明和病院,8,,,0,,https://www2.njss.info/organizations/proc/9208,2026-08-02,三重県,地方公共団体,0
島根県市町村職員共済組合,8,,,0,,https://www2.njss.info/organizations/proc/9256,2026-08-02,島根県,地方公共団体,1
叡啓大学,8,,,0,,https://www2.njss.info/organizations/proc/9261,2026-08-02,広島県,国・省庁,0
東京都立東部地域病院,8,,,0,,https://www2.njss.info/organizations/proc/9277,2026-08-02,東京都,地方公共団体,1
恩賜財団 済生会 長野県済生会,8,,,0,,https://www2.njss.info/organizations/proc/9281,2026-08-02,長野県,地方公共団体,0
恩賜財団 済生会 京都府済生会 京都済生会病院,8,,,0,,https://www2.njss.info/organizations/proc/9294,2026-08-02,京都府,地方公共団体,0
恩賜財団 済生会 鹿児島県済生会 川内病院,8,,,0,,https://www2.njss.info/organizations/proc/9301,2026-08-02,鹿児島県,地方公共団体,0
国土交通省(MLIT) 気象庁 地磁気観測所,8,,,0,,https://www2.njss.info/organizations/proc/9421,2026-08-02,茨城県,国・省庁,0
愛媛地方税滞納整理機構,8,,,0,,https://www2.njss.info/organizations/proc/9534,2026-08-02,愛媛県,地方公共団体,1
知多半島総合医療機構 知多半島総合医療センター,8,,,0,,https://www2.njss.info/organizations/proc/9778,2026-08-02,愛知県,地方公共団体,1
上川郡愛別町役場,7,,,0,,https://www2.njss.info/organizations/proc/6771,2026-08-02,北海道,地方公共団体,0
西日本高速道路株式会社(NEXCO) 関西支社 姫路高速道路事務所,7,,,0,,https://www2.njss.info/organizations/proc/2013,2026-08-02,兵庫県,国・省庁,0
岩手県立千厩病院,7,,,0,,https://www2.njss.info/organizations/proc/5978,2026-08-02,岩手県,地方公共団体,1
須賀川地方広域消防組合,7,,,0,,https://www2.njss.info/organizations/proc/9388,2026-08-02,福島県,地方公共団体,1
経済産業省(METI) 関東東北産業保安監督部,7,,,0,,https://www2.njss.info/organizations/proc/734,2026-08-02,埼玉県,国・省庁,0
日本赤十字社 山口県支部,7,,,0,,https://www2.njss.info/organizations/proc/1144,2026-08-02,山口県,国・省庁,0
労働者健康安全機構 岡山産業保健総合支援センター,7,,,0,,https://www2.njss.info/organizations/proc/1525,2026-08-02,岡山県,国・省庁,0
労働者健康安全機構 労災リハビリテーションセンター長野作業所,7,,,0,,https://www2.njss.info/organizations/proc/1553,2026-08-02,長野県,国・省庁,0
西日本高速道路株式会社(NEXCO) 中国支社 津山高速道路事務所,7,,,0,,https://www2.njss.info/organizations/proc/2033,2026-08-02,岡山県,国・省庁,0
法務省(MOJ) 福岡保護観察所,7,,,0,,https://www2.njss.info/organizations/proc/4132,2026-08-02,福岡県,国・省庁,0
法務省(MOJ) 北九州自立更生促進センター,7,,,0,,https://www2.njss.info/organizations/proc/4134,2026-08-02,福岡県,国・省庁,0
日本放送協会(NHK) 室蘭放送局,7,,,0,,https://www2.njss.info/organizations/proc/4267,2026-08-02,北海道,国・省庁,0
都市再生機構(UR) 東日本都市再生本部 柏崎都市再生事務所,7,,,0,,https://www2.njss.info/organizations/proc/4543,2026-08-02,新潟県,国・省庁,0
神津島村役場,7,,,0,,https://www2.njss.info/organizations/proc/4583,2026-08-02,東京都,地方公共団体,0
稲城市立病院,7,,,0,,https://www2.njss.info/organizations/proc/5125,2026-08-02,東京都,地方公共団体,1
高松市立みんなの病院,7,,,0,,https://www2.njss.info/organizations/proc/5188,2026-08-02,香川県,地方公共団体,1
国土交通省(MLIT) 九州地方整備局 鹿児島営繕事務所,7,,,0,,https://www2.njss.info/organizations/proc/5308,2026-08-02,鹿児島県,国・省庁,0
新潟県立精神医療センター,7,,,0,,https://www2.njss.info/organizations/proc/5667,2026-08-02,新潟県,地方公共団体,1
新潟県立津川病院,7,,,0,,https://www2.njss.info/organizations/proc/5669,2026-08-02,新潟県,地方公共団体,1
高齢・障害・求職者雇用支援機構 福岡支部 福岡職業能力開発促進センター飯塚訓練センター,7,,,0,,https://www2.njss.info/organizations/proc/5867,2026-08-02,福岡県,国・省庁,0
空知郡上砂川町役場,7,,,0,,https://www2.njss.info/organizations/proc/6752,2026-08-02,北海道,地方公共団体,0
南佐久郡川上村役場,7,,,0,,https://www2.njss.info/organizations/proc/6978,2026-08-02,長野県,地方公共団体,0
下伊那郡大鹿村役場,7,,,0,,https://www2.njss.info/organizations/proc/6990,2026-08-02,長野県,地方公共団体,0
滋賀医科大学 滋賀医科大学医学部附属病院,7,,,0,,https://www2.njss.info/organizations/proc/7219,2026-08-02,滋賀県,国・省庁,0
長崎県庁 監査事務局,7,,,0,,https://www2.njss.info/organizations/proc/7245,2026-08-02,長崎県,地方公共団体,0
防衛省(MOD) 自衛隊宮崎地方協力本部,7,,,0,,https://www2.njss.info/organizations/proc/7364,2026-08-02,宮崎県,国・省庁,0
［閉鎖］宮崎県住宅供給公社,7,,,0,,https://www2.njss.info/organizations/proc/7476,2026-08-02,宮崎県,地方公共団体,1
宇都宮観光コンベンション協会,7,,,0,,https://www2.njss.info/organizations/proc/7591,2026-08-02,栃木県,国・省庁,1
京都文化交流コンベンションビューロー,7,,,0,,https://www2.njss.info/organizations/proc/7596,2026-08-02,京都府,国・省庁,1
北見市観光協会,7,,,0,,https://www2.njss.info/organizations/proc/7620,2026-08-02,北海道,国・省庁,1
松本観光コンベンション協会,7,,,0,,https://www2.njss.info/organizations/proc/7639,2026-08-02,長野県,国・省庁,1
西村山広域行政事務組合,7,,,0,,https://www2.njss.info/organizations/proc/8092,2026-08-02,山形県,地方公共団体,1
名寄地区衛生施設事務組合,7,,,0,,https://www2.njss.info/organizations/proc/8112,2026-08-02,北海道,地方公共団体,1
湖南衛生組合,7,,,0,,https://www2.njss.info/organizations/proc/8342,2026-08-02,東京都,地方公共団体,1
新川地域消防組合,7,,,0,,https://www2.njss.info/organizations/proc/8366,2026-08-02,富山県,地方公共団体,1
津山圏域衛生処理組合,7,,,0,,https://www2.njss.info/organizations/proc/8486,2026-08-02,岡山県,地方公共団体,1
中巨摩地区広域事務組合,7,,,0,,https://www2.njss.info/organizations/proc/8512,2026-08-02,山梨県,地方公共団体,1
北信保健衛生施設組合,7,,,0,,https://www2.njss.info/organizations/proc/8528,2026-08-02,長野県,地方公共団体,1
中播北部行政事務組合,7,,,0,,https://www2.njss.info/organizations/proc/8614,2026-08-02,兵庫県,地方公共団体,1
可茂消防事務組合,7,,,0,,https://www2.njss.info/organizations/proc/8700,2026-08-02,岐阜県,地方公共団体,1
紀南環境広域施設組合,7,,,0,,https://www2.njss.info/organizations/proc/8722,2026-08-02,和歌山県,地方公共団体,1
高知県市町村総合事務組合,7,,,0,,https://www2.njss.info/organizations/proc/8762,2026-08-02,高知県,地方公共団体,1
筑紫野・小郡・基山清掃施設組合,7,,,0,,https://www2.njss.info/organizations/proc/8774,2026-08-02,福岡県,地方公共団体,1
長野県地方税滞納整理機構,7,,,0,,https://www2.njss.info/organizations/proc/9008,2026-08-02,長野県,地方公共団体,1
神戸市職員共済組合,7,,,0,,https://www2.njss.info/organizations/proc/9222,2026-08-02,兵庫県,地方公共団体,1
千葉県市町村職員共済組合,7,,,0,,https://www2.njss.info/organizations/proc/9252,2026-08-02,千葉県,地方公共団体,1
公立千歳科学技術大学,7,,,0,,https://www2.njss.info/organizations/proc/9267,2026-08-02,北海道,国・省庁,0
恩賜財団 済生会 北海道済生会 小樽病院,7,,,0,,https://www2.njss.info/organizations/proc/9300,2026-08-02,北海道,地方公共団体,0
恩賜財団 済生会 広島県済生会 広島病院,7,,,0,,https://www2.njss.info/organizations/proc/9306,2026-08-02,広島県,地方公共団体,0
玉野医療センター,7,,,0,,https://www2.njss.info/organizations/proc/9335,2026-08-02,岡山県,地方公共団体,1
高砂市民病院,7,,,0,,https://www2.njss.info/organizations/proc/9350,2026-08-02,兵庫県,地方公共団体,1
徳島県後期高齢者医療広域連合,7,,,0,,https://www2.njss.info/organizations/proc/9710,2026-08-02,徳島県,地方公共団体,1
東京都公立大学法人 東京都立産業技術大学院大学 (AIIT),6,,,0,,https://www2.njss.info/organizations/proc/4431,2026-08-02,東京都,国・省庁,0
公立はこだて未来大学,6,,,0,,https://www2.njss.info/organizations/proc/5374,2026-08-02,北海道,国・省庁,0
日本赤十字社 鳥取県赤十字血液センター,6,,,0,,https://www2.njss.info/organizations/proc/1183,2026-08-02,鳥取県,国・省庁,0
日本赤十字社 引佐赤十字病院,6,,,0,,https://www2.njss.info/organizations/proc/1246,2026-08-02,静岡県,国・省庁,0
日本赤十字社 長崎原爆諫早病院,6,,,0,,https://www2.njss.info/organizations/proc/1279,2026-08-02,長崎県,国・省庁,0
農林水産省(MAFF) 九州農政局 南部九州土地改良調査管理事務所 鹿児島支所,6,,,0,,https://www2.njss.info/organizations/proc/3881,2026-08-02,鹿児島県,国・省庁,0
防衛省(MOD) 陸上自衛隊 東部方面隊 東部方面会計隊 北富士駐屯地 第415会計隊,6,,,0,,https://www2.njss.info/organizations/proc/4008,2026-08-02,山梨県,国・省庁,0
宮崎公立大学,6,,,0,,https://www2.njss.info/organizations/proc/4471,2026-08-02,宮崎県,国・省庁,0
岐阜薬科大学,6,,,0,,https://www2.njss.info/organizations/proc/4476,2026-08-02,岐阜県,国・省庁,0
石川県立大学,6,,,0,,https://www2.njss.info/organizations/proc/4489,2026-08-02,石川県,国・省庁,0
浜松医療センター,6,,,0,,https://www2.njss.info/organizations/proc/5164,2026-08-02,静岡県,地方公共団体,1
岡山市立総合医療センター 岡山市立せのお病院,6,,,0,,https://www2.njss.info/organizations/proc/5176,2026-08-02,岡山県,地方公共団体,1
国土交通省(MLIT) 中部地方整備局 越美山系砂防事務所,6,,,0,,https://www2.njss.info/organizations/proc/5223,2026-08-02,岐阜県,国・省庁,0
国土交通省(MLIT) 中部地方整備局 富士砂防事務所,6,,,0,,https://www2.njss.info/organizations/proc/5228,2026-08-02,静岡県,国・省庁,0
名寄市立大学,6,,,0,,https://www2.njss.info/organizations/proc/5396,2026-08-02,北海道,国・省庁,0
山形県立新庄病院,6,,,0,,https://www2.njss.info/organizations/proc/5646,2026-08-02,山形県,地方公共団体,1
新潟県立吉田病院,6,,,0,,https://www2.njss.info/organizations/proc/5670,2026-08-02,新潟県,地方公共団体,1
新潟県立リウマチセンター,6,,,0,,https://www2.njss.info/organizations/proc/5673,2026-08-02,新潟県,地方公共団体,1
石川県立こころの病院,6,,,0,,https://www2.njss.info/organizations/proc/5713,2026-08-02,石川県,地方公共団体,1
愛知県医療療育総合センター,6,,,0,,https://www2.njss.info/organizations/proc/5965,2026-08-02,愛知県,地方公共団体,1
日本貨物鉄道〈JR貨物〉,6,,,0,,https://www2.njss.info/organizations/proc/6402,2026-08-02,東京都,国・省庁,0
農林水産省(MAFF) 林野庁(FA) 北海道森林管理局 釧路湿原森林ふれあい推進センター,6,,,0,,https://www2.njss.info/organizations/proc/6686,2026-08-02,北海道,国・省庁,0
東筑摩郡麻績村役場,6,,,0,,https://www2.njss.info/organizations/proc/6987,2026-08-02,長野県,地方公共団体,0
京都大学 京都大学医学部附属病院,6,,,0,,https://www2.njss.info/organizations/proc/7220,2026-08-02,京都府,国・省庁,0
神戸市役所 東灘区役所,6,,,0,,https://www2.njss.info/organizations/proc/7264,2026-08-02,兵庫県,地方公共団体,0
神戸市役所 長田区役所,6,,,0,,https://www2.njss.info/organizations/proc/7271,2026-08-02,兵庫県,地方公共団体,0
徳島県住宅供給公社,6,,,0,,https://www2.njss.info/organizations/proc/7470,2026-08-02,徳島県,地方公共団体,1
［閉鎖］津島水道企業団,6,,,0,,https://www2.njss.info/organizations/proc/7497,2026-08-02,愛媛県,地方公共団体,1
香川県市町村職員共済組合,6,,,0,,https://www2.njss.info/organizations/proc/7733,2026-08-02,香川県,国・省庁,1
柳泉園組合,6,,,0,,https://www2.njss.info/organizations/proc/7916,2026-08-02,東京都,地方公共団体,1
常総衛生組合,6,,,0,,https://www2.njss.info/organizations/proc/8256,2026-08-02,茨城県,地方公共団体,1
西入間広域消防組合,6,,,0,,https://www2.njss.info/organizations/proc/8318,2026-08-02,埼玉県,地方公共団体,1
輪島市穴水町環境衛生施設組合,6,,,0,,https://www2.njss.info/organizations/proc/8368,2026-08-02,石川県,地方公共団体,1
奥能登クリーン組合,6,,,0,,https://www2.njss.info/organizations/proc/8374,2026-08-02,石川県,地方公共団体,1
須高行政事務組合,6,,,0,,https://www2.njss.info/organizations/proc/8456,2026-08-02,長野県,地方公共団体,1
若狭広域行政事務組合,6,,,0,,https://www2.njss.info/organizations/proc/8508,2026-08-02,福井県,地方公共団体,1
乙訓福祉施設事務組合,6,,,0,,https://www2.njss.info/organizations/proc/8598,2026-08-02,京都府,地方公共団体,1
枚方京田辺環境施設組合,6,,,0,,https://www2.njss.info/organizations/proc/8612,2026-08-02,大阪府,地方公共団体,1
奈良県市町村総合事務組合,6,,,0,,https://www2.njss.info/organizations/proc/8622,2026-08-02,奈良県,地方公共団体,1
伊佐湧水消防組合,6,,,0,,https://www2.njss.info/organizations/proc/8832,2026-08-02,鹿児島県,地方公共団体,1
栃木県後期高齢者医療広域連合,6,,,0,,https://www2.njss.info/organizations/proc/8914,2026-08-02,栃木県,地方公共団体,1
彩の国さいたま人づくり広域連合,6,,,0,,https://www2.njss.info/organizations/proc/8972,2026-08-02,埼玉県,地方公共団体,1
相楽東部広域連合,6,,,0,,https://www2.njss.info/organizations/proc/8986,2026-08-02,京都府,地方公共団体,1
広島県水道広域連合企業団 世羅事務所,6,,,0,,https://www2.njss.info/organizations/proc/9124,2026-08-02,広島県,地方公共団体,1
恩賜財団 済生会 奈良県済生会 奈良病院,6,,,0,,https://www2.njss.info/organizations/proc/9216,2026-08-02,奈良県,地方公共団体,0
愛知県農業共済組合,6,,,0,,https://www2.njss.info/organizations/proc/9326,2026-08-02,愛知県,地方公共団体,1
日本赤十字社 青森県支部 青森県赤十字血液センター,6,,,0,,https://www2.njss.info/organizations/proc/9382,2026-08-02,青森県,国・省庁,0
国土交通省(MLIT) 小笠原総合事務所,6,,,0,,https://www2.njss.info/organizations/proc/9419,2026-08-02,東京都,国・省庁,0
上五島石油備蓄株式会社,5,,,0,,https://www2.njss.info/organizations/proc/9807,2026-08-02,長崎県,地方公共団体,1
新潟県住宅供給公社,5,,,0,,https://www2.njss.info/organizations/proc/7452,2026-08-02,新潟県,地方公共団体,1
鹿角広域行政組合,5,,,0,,https://www2.njss.info/organizations/proc/8080,2026-08-02,秋田県,地方公共団体,1
沖縄県介護保険広域連合,5,,,0,,https://www2.njss.info/organizations/proc/9002,2026-08-02,沖縄県,地方公共団体,1
浜松ウォーターシンフォニー株式会社,5,,,0,,https://www2.njss.info/organizations/proc/9190,2026-08-02,静岡県,地方公共団体,1
京都市職員共済組合,5,,,0,,https://www2.njss.info/organizations/proc/9220,2026-08-02,京都府,地方公共団体,1
金融経済教育推進機構(J-FLEC),5,,,0,,https://www2.njss.info/organizations/proc/9832,2026-08-02,東京都,国・省庁,1
国立病院機構 関東信越グループ まつもと医療センター 【［閉鎖］松本病院・中信松本病院】,5,,,0,,https://www2.njss.info/organizations/proc/829,2026-08-02,長野県,国・省庁,1
日本赤十字社 沖縄県支部,5,,,0,,https://www2.njss.info/organizations/proc/1154,2026-08-02,沖縄県,国・省庁,0
日本赤十字社 山梨県赤十字血液センター,5,,,0,,https://www2.njss.info/organizations/proc/1171,2026-08-02,山梨県,国・省庁,0
労働者健康安全機構 茨城産業保健総合支援センター,5,,,0,,https://www2.njss.info/organizations/proc/1501,2026-08-02,茨城県,国・省庁,0
労働者健康安全機構 三重産業保健総合支援センター,5,,,0,,https://www2.njss.info/organizations/proc/1516,2026-08-02,三重県,国・省庁,0
労働者健康安全機構 鹿児島産業保健総合支援センター,5,,,0,,https://www2.njss.info/organizations/proc/1538,2026-08-02,鹿児島県,国・省庁,0
東日本高速道路株式会社(NEXCO) 東北支社 北上管理事務所,5,,,0,,https://www2.njss.info/organizations/proc/1917,2026-08-02,岩手県,国・省庁,0
東日本高速道路株式会社(NEXCO) 関東支社 市原管理事務所,5,,,0,,https://www2.njss.info/organizations/proc/1943,2026-08-02,千葉県,国・省庁,0
法務省(MOJ) 徳島保護観察所,5,,,0,,https://www2.njss.info/organizations/proc/4165,2026-08-02,徳島県,国・省庁,0
長野県庁 長野建設事務所 裾花ダム管理事務所 管理第一課,5,,,0,,https://www2.njss.info/organizations/proc/4320,2026-08-02,長野県,地方公共団体,0
石川県立看護大学,5,,,0,,https://www2.njss.info/organizations/proc/4490,2026-08-02,石川県,国・省庁,0
神奈川県立病院機構 神奈川県立がんセンター,5,,,0,,https://www2.njss.info/organizations/proc/4498,2026-08-02,神奈川県,地方公共団体,0
防衛省(MOD) 自衛隊山形地方協力本部,5,,,0,,https://www2.njss.info/organizations/proc/4504,2026-08-02,山形県,国・省庁,0
神戸市民病院機構 神戸市立医療センター西市民病院,5,,,0,,https://www2.njss.info/organizations/proc/5150,2026-08-02,兵庫県,地方公共団体,1
広島市立病院機構 広島市立広島市民病院,5,,,0,,https://www2.njss.info/organizations/proc/5179,2026-08-02,広島県,地方公共団体,1
福岡市立病院機構 福岡市民病院,5,,,0,,https://www2.njss.info/organizations/proc/5196,2026-08-02,福岡県,地方公共団体,1
国土交通省(MLIT) 中部地方整備局 高山国道事務所,5,,,0,,https://www2.njss.info/organizations/proc/5222,2026-08-02,岐阜県,国・省庁,0
国土交通省(MLIT) 中部地方整備局 長島ダム管理所,5,,,0,,https://www2.njss.info/organizations/proc/5231,2026-08-02,静岡県,国・省庁,0
国土交通省(MLIT) 中国地方整備局 弥栄ダム管理所,5,,,0,,https://www2.njss.info/organizations/proc/5275,2026-08-02,広島県,国・省庁,0
国土交通省(MLIT) 中国地方整備局 温井ダム管理所,5,,,0,,https://www2.njss.info/organizations/proc/5277,2026-08-02,広島県,国・省庁,0
市立ひらかた病院,5,,,0,,https://www2.njss.info/organizations/proc/5336,2026-08-02,大阪府,地方公共団体,1
青森県立保健大学,5,,,0,,https://www2.njss.info/organizations/proc/5398,2026-08-02,青森県,国・省庁,0
静岡県立静岡がんセンター,5,,,0,,https://www2.njss.info/organizations/proc/5654,2026-08-02,静岡県,地方公共団体,1
新潟県立十日町病院,5,,,0,,https://www2.njss.info/organizations/proc/5666,2026-08-02,新潟県,地方公共団体,1
長崎県病院企業団 長崎県上五島病院,5,,,0,,https://www2.njss.info/organizations/proc/5843,2026-08-02,長崎県,地方公共団体,1
千葉県がんセンター,5,,,0,,https://www2.njss.info/organizations/proc/5925,2026-08-02,千葉県,地方公共団体,1
東京都人権啓発センター,5,,,0,,https://www2.njss.info/organizations/proc/6198,2026-08-02,東京都,国・省庁,1
日本赤十字社 川西赤十字病院,5,,,0,,https://www2.njss.info/organizations/proc/6432,2026-08-02,長野県,国・省庁,0
日高郡由良町役場,5,,,0,,https://www2.njss.info/organizations/proc/6581,2026-08-02,和歌山県,地方公共団体,0
農林水産省(MAFF) 林野庁(FA) 北海道森林管理局 常呂川森林ふれあい推進センター,5,,,0,,https://www2.njss.info/organizations/proc/6685,2026-08-02,北海道,国・省庁,0
農林水産省(MAFF) 林野庁(FA) 北海道森林管理局 駒ヶ岳・大沼森林ふれあい推進センター,5,,,0,,https://www2.njss.info/organizations/proc/6687,2026-08-02,北海道,国・省庁,0
木曽郡木祖村役場,5,,,0,,https://www2.njss.info/organizations/proc/6985,2026-08-02,長野県,地方公共団体,0
東京大学 東京大学医学部附属病院,5,,,0,,https://www2.njss.info/organizations/proc/7215,2026-08-02,東京都,国・省庁,0
神戸市役所 灘区役所,5,,,0,,https://www2.njss.info/organizations/proc/7267,2026-08-02,兵庫県,地方公共団体,0
神戸市役所 西区役所,5,,,0,,https://www2.njss.info/organizations/proc/7272,2026-08-02,兵庫県,地方公共団体,0
北海道大学 北海道大学病院,5,,,0,,https://www2.njss.info/organizations/proc/7279,2026-08-02,北海道,国・省庁,0
浜松・浜名湖ツーリズムビューロー,5,,,0,,https://www2.njss.info/organizations/proc/7607,2026-08-02,静岡県,国・省庁,1
ふじえだICTコンソーシアム,5,,,0,,https://www2.njss.info/organizations/proc/7715,2026-08-02,静岡県,国・省庁,1
京都市役所 中京区役所,5,,,0,,https://www2.njss.info/organizations/proc/7789,2026-08-02,京都府,地方公共団体,0
遠軽地区広域組合,5,,,0,,https://www2.njss.info/organizations/proc/7954,2026-08-02,北海道,地方公共団体,1
芦屋中央病院,5,,,0,,https://www2.njss.info/organizations/proc/7980,2026-08-02,福岡県,地方公共団体,1
土浦・かすみがうら土地区画整理一部事務組合,5,,,0,,https://www2.njss.info/organizations/proc/8294,2026-08-02,茨城県,地方公共団体,1
蕨戸田衛生センター組合,5,,,0,,https://www2.njss.info/organizations/proc/8308,2026-08-02,埼玉県,地方公共団体,1
福井県丹南広域組合,5,,,0,,https://www2.njss.info/organizations/proc/8482,2026-08-02,福井県,地方公共団体,1
松塩地区広域施設組合,5,,,0,,https://www2.njss.info/organizations/proc/8530,2026-08-02,長野県,地方公共団体,1
雲仙・南島原保健組合,5,,,0,,https://www2.njss.info/organizations/proc/8798,2026-08-02,長崎県,地方公共団体,1
北しりべし廃棄物処理広域連合,5,,,0,,https://www2.njss.info/organizations/proc/8962,2026-08-02,北海道,地方公共団体,1
恩賜財団 済生会 神奈川県済生会 湘南平塚病院,5,,,0,,https://www2.njss.info/organizations/proc/9062,2026-08-02,神奈川県,地方公共団体,0
恩賜財団 済生会 新潟県済生会 三条病院,5,,,0,,https://www2.njss.info/organizations/proc/9213,2026-08-02,新潟県,地方公共団体,0
ひたちなか・東海広域事務組合,5,,,0,,https://www2.njss.info/organizations/proc/9327,2026-08-02,茨城県,地方公共団体,1
茨城県市町村総合事務組合,5,,,0,,https://www2.njss.info/organizations/proc/9328,2026-08-02,茨城県,地方公共団体,1
東北電力株式会社,5,,,0,,https://www2.njss.info/organizations/proc/9508,2026-08-02,宮城県,地方公共団体,1
埼玉県浦和競馬組合,4,,,0,,https://www2.njss.info/organizations/proc/9834,2026-08-02,埼玉県,地方公共団体,1
東日本高速道路株式会社(NEXCO) 東北支社 福島管理事務所,4,,,0,,https://www2.njss.info/organizations/proc/1924,2026-08-02,福島県,国・省庁,0
兵庫県立粒子線医療センター附属神戸陽子線センター,4,,,0,,https://www2.njss.info/organizations/proc/7486,2026-08-02,兵庫県,地方公共団体,1
恩賜財団 済生会 千葉県済生会,4,,,0,,https://www2.njss.info/organizations/proc/8128,2026-08-02,千葉県,地方公共団体,0
国土交通省(MLIT) 東北地方整備局 盛岡営繕事務所 【［閉鎖］青森営繕事務所】,4,,,0,,https://www2.njss.info/organizations/proc/1056,2026-08-02,青森県,国・省庁,1
日本赤十字社 鳥取県支部,4,,,0,,https://www2.njss.info/organizations/proc/1140,2026-08-02,鳥取県,国・省庁,0
日本赤十字社 和歌山県赤十字血液センター,4,,,0,,https://www2.njss.info/organizations/proc/1182,2026-08-02,和歌山県,国・省庁,0
日本赤十字社 山口県赤十字血液センター,4,,,0,,https://www2.njss.info/organizations/proc/1186,2026-08-02,山口県,国・省庁,0
日本赤十字社 熊本赤十字病院,4,,,0,,https://www2.njss.info/organizations/proc/1280,2026-08-02,熊本県,国・省庁,0
労働者健康安全機構 福井産業保健総合支援センター,4,,,0,,https://www2.njss.info/organizations/proc/1510,2026-08-02,福井県,国・省庁,0
労働者健康安全機構 奈良産業保健総合支援センター,4,,,0,,https://www2.njss.info/organizations/proc/1521,2026-08-02,奈良県,国・省庁,0
労働者健康安全機構 労災リハビリテーションセンター千葉作業所,4,,,0,,https://www2.njss.info/organizations/proc/1551,2026-08-02,千葉県,国・省庁,0
労働者健康安全機構 労災リハビリテーションセンター愛知作業所,4,,,0,,https://www2.njss.info/organizations/proc/1554,2026-08-02,愛知県,国・省庁,0
東日本高速道路株式会社(NEXCO) 東北支社 仙台管理事務所,4,,,0,,https://www2.njss.info/organizations/proc/1919,2026-08-02,宮城県,国・省庁,0
西日本高速道路株式会社(NEXCO) 関西支社 福崎管理事務所,4,,,0,,https://www2.njss.info/organizations/proc/2019,2026-08-02,兵庫県,国・省庁,0
西日本高速道路株式会社(NEXCO) 四国支社 徳島管理事務所,4,,,0,,https://www2.njss.info/organizations/proc/2045,2026-08-02,徳島県,国・省庁,0
防衛省(MOD) 陸上自衛隊 北部方面隊 北部方面会計隊 函館駐屯地 第332会計隊,4,,,0,,https://www2.njss.info/organizations/proc/3479,2026-08-02,北海道,国・省庁,0
防衛省(MOD) 陸上自衛隊 東北方面隊 東北方面会計隊 神町駐屯地 第401会計隊,4,,,0,,https://www2.njss.info/organizations/proc/3994,2026-08-02,山形県,国・省庁,0
防衛省(MOD) 陸上自衛隊 東北方面隊 東北方面会計隊 大和駐屯地 第390会計隊,4,,,0,,https://www2.njss.info/organizations/proc/3996,2026-08-02,宮城県,国・省庁,0
防衛省(MOD) 陸上自衛隊 東北方面隊 東北方面会計隊 霞目駐屯地 第399会計隊,4,,,0,,https://www2.njss.info/organizations/proc/3998,2026-08-02,宮城県,国・省庁,0
防衛省(MOD) 航空自衛隊 大湊分屯基地 第42警戒群,4,,,0,,https://www2.njss.info/organizations/proc/4039,2026-08-02,青森県,国・省庁,0
防衛省(MOD) 航空自衛隊 与座岳分屯基地,4,,,0,,https://www2.njss.info/organizations/proc/4053,2026-08-02,沖縄県,国・省庁,0
法務省(MOJ) 長崎保護観察所,4,,,0,,https://www2.njss.info/organizations/proc/4137,2026-08-02,長崎県,国・省庁,0
法務省(MOJ) 宮崎保護観察所,4,,,0,,https://www2.njss.info/organizations/proc/4144,2026-08-02,宮崎県,国・省庁,0
法務省(MOJ) 那覇保護観察所,4,,,0,,https://www2.njss.info/organizations/proc/4145,2026-08-02,沖縄県,国・省庁,0
自然科学研究機構 生理学研究所(NIPS),4,,,0,,https://www2.njss.info/organizations/proc/4445,2026-08-02,愛知県,国・省庁,1
自然科学研究機構 分子科学研究所(IMS),4,,,0,,https://www2.njss.info/organizations/proc/4446,2026-08-02,愛知県,国・省庁,1
都市再生機構(UR) 東日本都市再生本部 四谷駅前再開発事務所,4,,,0,,https://www2.njss.info/organizations/proc/4539,2026-08-02,東京都,国・省庁,0
奈良県庁 地域創造部 【［閉鎖］くらし創造部】,4,,,0,,https://www2.njss.info/organizations/proc/4800,2026-08-02,奈良県,地方公共団体,1
八尾市立病院,4,,,0,,https://www2.njss.info/organizations/proc/5337,2026-08-02,大阪府,地方公共団体,1
名寄市立大学 【［閉鎖］短期大学部】,4,,,0,,https://www2.njss.info/organizations/proc/5447,2026-08-02,北海道,国・省庁,1
敦賀市立看護大学,4,,,0,,https://www2.njss.info/organizations/proc/5466,2026-08-02,福井県,国・省庁,0
三重県立志摩病院,4,,,0,,https://www2.njss.info/organizations/proc/5723,2026-08-02,三重県,地方公共団体,1
県立安芸津病院,4,,,0,,https://www2.njss.info/organizations/proc/5777,2026-08-02,広島県,地方公共団体,1
群馬県立心臓血管センター,4,,,0,,https://www2.njss.info/organizations/proc/5957,2026-08-02,群馬県,地方公共団体,1
札幌恵友会,4,,,0,,https://www2.njss.info/organizations/proc/6201,2026-08-02,北海道,地方公共団体,1
埴科郡坂城町役場,4,,,0,,https://www2.njss.info/organizations/proc/6472,2026-08-02,長野県,地方公共団体,1
甘楽郡南牧村役場,4,,,0,,https://www2.njss.info/organizations/proc/6498,2026-08-02,群馬県,地方公共団体,0
東臼杵郡諸塚村役場,4,,,0,,https://www2.njss.info/organizations/proc/6628,2026-08-02,宮崎県,地方公共団体,0
農林水産省(MAFF) 林野庁(FA) 北海道森林管理局 石狩地域森林ふれあい推進センター,4,,,0,,https://www2.njss.info/organizations/proc/6684,2026-08-02,北海道,国・省庁,0
下伊那郡下條村役場,4,,,0,,https://www2.njss.info/organizations/proc/6981,2026-08-02,長野県,地方公共団体,0
下伊那郡根羽村役場,4,,,0,,https://www2.njss.info/organizations/proc/6991,2026-08-02,長野県,地方公共団体,0
南佐久郡南相木村役場,4,,,0,,https://www2.njss.info/organizations/proc/6992,2026-08-02,長野県,地方公共団体,0
千葉大学 千葉大学医学部附属病院,4,,,0,,https://www2.njss.info/organizations/proc/7214,2026-08-02,千葉県,国・省庁,0
東海国立大学機構 名古屋大学 名古屋大学医学部附属病院,4,,,0,,https://www2.njss.info/organizations/proc/7226,2026-08-02,愛知県,国立大学,0
長崎県庁 人事委員会事務局,4,,,0,,https://www2.njss.info/organizations/proc/7246,2026-08-02,長崎県,地方公共団体,0
神戸市役所 兵庫区役所,4,,,0,,https://www2.njss.info/organizations/proc/7265,2026-08-02,兵庫県,地方公共団体,0
神戸市役所 中央区役所,4,,,0,,https://www2.njss.info/organizations/proc/7270,2026-08-02,兵庫県,地方公共団体,0
鹿児島大学 鹿児島大学病院,4,,,0,,https://www2.njss.info/organizations/proc/7277,2026-08-02,鹿児島県,国・省庁,0
兵庫県立リハビリテーション中央病院,4,,,0,,https://www2.njss.info/organizations/proc/7340,2026-08-02,兵庫県,地方公共団体,1
茨城県立こども病院,4,,,0,,https://www2.njss.info/organizations/proc/7479,2026-08-02,茨城県,地方公共団体,1
富山県リハビリテーション病院・こども支援センター,4,,,0,,https://www2.njss.info/organizations/proc/7480,2026-08-02,富山県,地方公共団体,1
さいたま観光国際協会,4,,,0,,https://www2.njss.info/organizations/proc/7593,2026-08-02,埼玉県,国・省庁,1
ちば国際コンベンションビューロー,4,,,0,,https://www2.njss.info/organizations/proc/7594,2026-08-02,千葉県,国・省庁,1
熊本国際観光コンベンション協会,4,,,0,,https://www2.njss.info/organizations/proc/7615,2026-08-02,熊本県,国・省庁,1
やまなし観光推進機構,4,,,0,,https://www2.njss.info/organizations/proc/7636,2026-08-02,山梨県,国・省庁,1
八王子市まちづくり公社,4,,,0,,https://www2.njss.info/organizations/proc/7724,2026-08-02,東京都,国・省庁,1
京都市役所 山科区役所,4,,,0,,https://www2.njss.info/organizations/proc/7793,2026-08-02,京都府,地方公共団体,0
木津川市精華町環境施設組合,4,,,0,,https://www2.njss.info/organizations/proc/7934,2026-08-02,京都府,地方公共団体,1
士別地方消防事務組合,4,,,0,,https://www2.njss.info/organizations/proc/7964,2026-08-02,北海道,地方公共団体,1
西北五環境整備事務組合,4,,,0,,https://www2.njss.info/organizations/proc/8032,2026-08-02,青森県,地方公共団体,1
五所川原地区消防事務組合,4,,,0,,https://www2.njss.info/organizations/proc/8038,2026-08-02,青森県,地方公共団体,1
恩賜財団 済生会 東京都済生会,4,,,0,,https://www2.njss.info/organizations/proc/8130,2026-08-02,東京都,地方公共団体,0
秋田県後期高齢者医療広域連合,4,,,0,,https://www2.njss.info/organizations/proc/8240,2026-08-02,秋田県,地方公共団体,1
柏・白井・鎌ケ谷環境衛生組合,4,,,0,,https://www2.njss.info/organizations/proc/8400,2026-08-02,千葉県,地方公共団体,1
東濃西部広域行政事務組合,4,,,0,,https://www2.njss.info/organizations/proc/8540,2026-08-02,岐阜県,地方公共団体,1
吉田町牧之原市広域施設組合,4,,,0,,https://www2.njss.info/organizations/proc/8548,2026-08-02,静岡県,地方公共団体,1
萩・長門清掃一部事務組合,4,,,0,,https://www2.njss.info/organizations/proc/8652,2026-08-02,山口県,地方公共団体,1
北播磨総合医療センター企業団,4,,,0,,https://www2.njss.info/organizations/proc/8698,2026-08-02,兵庫県,地方公共団体,1
防衛省(MOD) 海上自衛隊,4,,,0,,https://www2.njss.info/organizations/proc/9020,2026-08-02,東京都,国・省庁,0
恩賜財団 済生会 奈良県済生会 中和病院,4,,,0,,https://www2.njss.info/organizations/proc/9207,2026-08-02,奈良県,地方公共団体,0
芸術文化観光専門職大学,4,,,0,,https://www2.njss.info/organizations/proc/9263,2026-08-02,兵庫県,国・省庁,0
公立小松大学,4,,,0,,https://www2.njss.info/organizations/proc/9265,2026-08-02,石川県,国・省庁,0
東京都立多摩南部地域病院,4,,,0,,https://www2.njss.info/organizations/proc/9278,2026-08-02,東京都,地方公共団体,1
三浦下水道コンセッション株式会社,4,,,0,,https://www2.njss.info/organizations/proc/9288,2026-08-02,神奈川県,地方公共団体,1
恩賜財団 済生会 埼玉県済生会 済生会内牧クリニック,4,,,0,,https://www2.njss.info/organizations/proc/9310,2026-08-02,埼玉県,地方公共団体,0
恩賜財団 済生会 広島県済生会 呉病院,4,,,0,,https://www2.njss.info/organizations/proc/9317,2026-08-02,広島県,地方公共団体,0
四市複合事務組合,4,,,0,,https://www2.njss.info/organizations/proc/9372,2026-08-02,千葉県,地方公共団体,1
兵庫県立はりま姫路総合医療センター,4,,,0,,https://www2.njss.info/organizations/proc/9393,2026-08-02,兵庫県,地方公共団体,1
福岡県下水道管理センター,4,,,0,,https://www2.njss.info/organizations/proc/9512,2026-08-02,福岡県,地方公共団体,1
宮崎県後期高齢者医療広域連合,4,,,0,,https://www2.njss.info/organizations/proc/9566,2026-08-02,宮崎県,地方公共団体,1
法務省(MOJ) 検察庁 東京高等検察庁,4,,,0,,https://www2.njss.info/organizations/proc/9760,2026-08-02,東京都,国・省庁,0
長浜市立湖北病院,4,,,0,,https://www2.njss.info/organizations/proc/9820,2026-08-02,滋賀県,地方公共団体,1
恩賜財団 済生会 山口県済生会 済生会山口地域ケアセンター,4,,,0,,https://www2.njss.info/organizations/proc/9823,2026-08-02,山口県,地方公共団体,0
恩賜財団 済生会 岩手県済生会 北上済生会病院,3,,,0,,https://www2.njss.info/organizations/proc/9307,2026-08-02,岩手県,地方公共団体,0
公立紀南病院組合,3,,,0,,https://www2.njss.info/organizations/proc/9769,2026-08-02,和歌山県,地方公共団体,1
下伊那郡泰阜村役場,3,,,0,,https://www2.njss.info/organizations/proc/6969,2026-08-02,長野県,地方公共団体,0
倉敷観光コンベンションビューロー,3,,,0,,https://www2.njss.info/organizations/proc/7646,2026-08-02,岡山県,国・省庁,1
杵築速見消防組合,3,,,0,,https://www2.njss.info/organizations/proc/8862,2026-08-02,大分県,地方公共団体,1
広島県水道広域連合企業団 大崎上島事務所,3,,,0,,https://www2.njss.info/organizations/proc/9114,2026-08-02,広島県,地方公共団体,1
北海道電力株式会社,3,,,0,,https://www2.njss.info/organizations/proc/9517,2026-08-02,北海道,地方公共団体,1
住宅金融支援機構(JHF) 首都圏支店,3,,,0,,https://www2.njss.info/organizations/proc/390,2026-08-02,東京都,国・省庁,0
日本赤十字社 愛媛県赤十字血液センター,3,,,0,,https://www2.njss.info/organizations/proc/1189,2026-08-02,愛媛県,国・省庁,0
日本赤十字社 高知県赤十字血液センター,3,,,0,,https://www2.njss.info/organizations/proc/1190,2026-08-02,高知県,国・省庁,0
労働者健康安全機構 秋田産業保健総合支援センター,3,,,0,,https://www2.njss.info/organizations/proc/1498,2026-08-02,秋田県,国・省庁,0
労働者健康安全機構 栃木産業保健総合支援センター,3,,,0,,https://www2.njss.info/organizations/proc/1502,2026-08-02,栃木県,国・省庁,0
労働者健康安全機構 千葉産業保健総合支援センター,3,,,0,,https://www2.njss.info/organizations/proc/1505,2026-08-02,千葉県,国・省庁,0
労働者健康安全機構 石川産業保健総合支援センター,3,,,0,,https://www2.njss.info/organizations/proc/1509,2026-08-02,石川県,国・省庁,0
労働者健康安全機構 山梨産業保健総合支援センター,3,,,0,,https://www2.njss.info/organizations/proc/1511,2026-08-02,山梨県,国・省庁,0
労働者健康安全機構 静岡産業保健総合支援センター,3,,,0,,https://www2.njss.info/organizations/proc/1514,2026-08-02,静岡県,国・省庁,0
労働者健康安全機構 滋賀産業保健総合支援センター,3,,,0,,https://www2.njss.info/organizations/proc/1517,2026-08-02,滋賀県,国・省庁,0
労働者健康安全機構 鳥取産業保健総合支援センター,3,,,0,,https://www2.njss.info/organizations/proc/1523,2026-08-02,鳥取県,国・省庁,0
労働者健康安全機構 徳島産業保健総合支援センター,3,,,0,,https://www2.njss.info/organizations/proc/1528,2026-08-02,徳島県,国・省庁,0
労働者健康安全機構 愛媛産業保健推進連絡事務所,3,,,0,,https://www2.njss.info/organizations/proc/1530,2026-08-02,愛媛県,国・省庁,0
労働者健康安全機構 大分産業保健総合支援センター,3,,,0,,https://www2.njss.info/organizations/proc/1536,2026-08-02,大分県,国・省庁,0
労働者健康安全機構 宮崎産業保健総合支援センター,3,,,0,,https://www2.njss.info/organizations/proc/1537,2026-08-02,宮崎県,国・省庁,0
東日本高速道路株式会社(NEXCO) 東北支社 秋田管理事務所,3,,,0,,https://www2.njss.info/organizations/proc/1922,2026-08-02,秋田県,国・省庁,0
東日本高速道路株式会社(NEXCO) 東北支社 郡山管理事務所,3,,,0,,https://www2.njss.info/organizations/proc/1925,2026-08-02,福島県,国・省庁,0
東日本高速道路株式会社(NEXCO) 東北支社 会津若松管理事務所,3,,,0,,https://www2.njss.info/organizations/proc/1927,2026-08-02,福島県,国・省庁,0
中日本高速道路株式会社(NEXCO) 名古屋支社 名古屋保全・サービスセンター,3,,,0,,https://www2.njss.info/organizations/proc/1984,2026-08-02,愛知県,国・省庁,0
防衛省(MOD) 陸上自衛隊 北部方面隊 北部方面会計隊 南恵庭駐屯地 第326会計隊,3,,,0,,https://www2.njss.info/organizations/proc/3475,2026-08-02,北海道,国・省庁,0
防衛省(MOD) 陸上自衛隊 北部方面隊 北部方面会計隊 美幌駐屯地 第375会計隊,3,,,0,,https://www2.njss.info/organizations/proc/3480,2026-08-02,北海道,国・省庁,0
最高裁判所 大阪高等裁判所,3,,,0,,https://www2.njss.info/organizations/proc/3940,2026-08-02,大阪府,国・省庁,0
防衛省(MOD) 陸上自衛隊 北部方面隊 北部方面会計隊 留萌駐屯地 第346会計隊,3,,,0,,https://www2.njss.info/organizations/proc/3989,2026-08-02,北海道,国・省庁,0
防衛省(MOD) 陸上自衛隊 北部方面隊 北部方面会計隊 滝川駐屯地 第345会計隊,3,,,0,,https://www2.njss.info/organizations/proc/3991,2026-08-02,北海道,国・省庁,0
防衛省(MOD) 陸上自衛隊 北部方面隊 北部方面会計隊 倶知安駐屯地 第333会計隊,3,,,0,,https://www2.njss.info/organizations/proc/3992,2026-08-02,北海道,国・省庁,0
防衛省(MOD) 陸上自衛隊 東北方面隊 東北方面会計隊 福島駐屯地 第387会計隊,3,,,0,,https://www2.njss.info/organizations/proc/3999,2026-08-02,福島県,国・省庁,0
防衛省(MOD) 陸上自衛隊 中部方面隊 中部方面会計隊 守山駐屯地 第408会計隊,3,,,0,,https://www2.njss.info/organizations/proc/4013,2026-08-02,愛知県,国・省庁,0
防衛省(MOD) 陸上自衛隊 西部方面隊 西部方面会計隊 湯布院駐屯地 第394会計隊,3,,,0,,https://www2.njss.info/organizations/proc/4029,2026-08-02,大分県,国・省庁,0
法務省(MOJ) 福岡保護観察所 北九州支部,3,,,0,,https://www2.njss.info/organizations/proc/4133,2026-08-02,福岡県,国・省庁,0
法務省(MOJ) 飯塚駐在官事務所,3,,,0,,https://www2.njss.info/organizations/proc/4135,2026-08-02,福岡県,国・省庁,0
法務省(MOJ) 佐賀保護観察所,3,,,0,,https://www2.njss.info/organizations/proc/4136,2026-08-02,佐賀県,国・省庁,0
法務省(MOJ) 大分保護観察所,3,,,0,,https://www2.njss.info/organizations/proc/4139,2026-08-02,大分県,国・省庁,0
法務省(MOJ) 熊本保護観察所,3,,,0,,https://www2.njss.info/organizations/proc/4140,2026-08-02,熊本県,国・省庁,0
法務省(MOJ) 鹿児島保護観察所,3,,,0,,https://www2.njss.info/organizations/proc/4142,2026-08-02,鹿児島県,国・省庁,0
法務省(MOJ) 旭川保護観察所,3,,,0,,https://www2.njss.info/organizations/proc/4158,2026-08-02,北海道,国・省庁,0
長野県庁 飯田建設事務所 松川ダム管理事務所,3,,,0,,https://www2.njss.info/organizations/proc/4315,2026-08-02,長野県,地方公共団体,0
都市再生機構(UR) 東日本都市再生本部 狭山再開発事務所,3,,,0,,https://www2.njss.info/organizations/proc/4536,2026-08-02,埼玉県,国・省庁,0
青ヶ島村役場,3,,,0,,https://www2.njss.info/organizations/proc/4595,2026-08-02,東京都,地方公共団体,0
大阪市立十三市民病院,3,,,0,,https://www2.njss.info/organizations/proc/5142,2026-08-02,大阪府,地方公共団体,1
広島市立病院機構 広島市立舟入病院,3,,,0,,https://www2.njss.info/organizations/proc/5181,2026-08-02,広島県,地方公共団体,1
北九州市立病院機構 北九州市立八幡病院,3,,,0,,https://www2.njss.info/organizations/proc/5194,2026-08-02,福岡県,地方公共団体,1
国土交通省(MLIT) 中部地方整備局 新丸山ダム工事事務所,3,,,0,,https://www2.njss.info/organizations/proc/5224,2026-08-02,岐阜県,国・省庁,0
国土交通省(MLIT) 中部地方整備局 設楽ダム工事事務所,3,,,0,,https://www2.njss.info/organizations/proc/5236,2026-08-02,愛知県,国・省庁,0
国土交通省(MLIT) 中部地方整備局 矢作ダム管理所,3,,,0,,https://www2.njss.info/organizations/proc/5248,2026-08-02,愛知県,国・省庁,0
倉敷市立短期大学,3,,,0,,https://www2.njss.info/organizations/proc/5458,2026-08-02,岡山県,国・省庁,1
新潟県立松代病院,3,,,0,,https://www2.njss.info/organizations/proc/5664,2026-08-02,新潟県,地方公共団体,1
新潟県立がんセンター新潟病院,3,,,0,,https://www2.njss.info/organizations/proc/5671,2026-08-02,新潟県,地方公共団体,1
神奈川県総合リハビリテーションセンター 神奈川リハビリテーション病院,3,,,0,,https://www2.njss.info/organizations/proc/5923,2026-08-02,神奈川県,地方公共団体,1
千葉県循環器病センター,3,,,0,,https://www2.njss.info/organizations/proc/5929,2026-08-02,千葉県,地方公共団体,1
群馬県立小児医療センター,3,,,0,,https://www2.njss.info/organizations/proc/5958,2026-08-02,群馬県,地方公共団体,1
群馬県立がんセンター,3,,,0,,https://www2.njss.info/organizations/proc/5960,2026-08-02,群馬県,地方公共団体,1
岩手県立南光病院,3,,,0,,https://www2.njss.info/organizations/proc/5985,2026-08-02,岩手県,地方公共団体,1
［閉鎖］三重県道路公社,3,,,0,,https://www2.njss.info/organizations/proc/6061,2026-08-02,三重県,地方公共団体,1
西日本旅客鉄道〈JR西日本〉,3,,,0,,https://www2.njss.info/organizations/proc/6349,2026-08-02,大阪府,国・省庁,0
下伊那郡天龍村役場,3,,,0,,https://www2.njss.info/organizations/proc/6970,2026-08-02,長野県,地方公共団体,0
国土交通省(MLIT) 中部地方整備局 三峰川総合開発工事事務所,3,,,0,,https://www2.njss.info/organizations/proc/7303,2026-08-02,長野県,国・省庁,0
山梨県住宅供給公社,3,,,0,,https://www2.njss.info/organizations/proc/7460,2026-08-02,山梨県,地方公共団体,1
大分県住宅供給公社,3,,,0,,https://www2.njss.info/organizations/proc/7475,2026-08-02,大分県,地方公共団体,1
香川県広域水道企業団 【［閉鎖］宇多津事務所】,3,,,0,,https://www2.njss.info/organizations/proc/7509,2026-08-02,香川県,地方公共団体,1
全国厚生農業協同組合連合会 岐阜県厚生農業協同組合連合会,3,,,0,,https://www2.njss.info/organizations/proc/7547,2026-08-02,岐阜県,国・省庁,1
飛騨・高山観光コンベンション協会,3,,,0,,https://www2.njss.info/organizations/proc/7604,2026-08-02,岐阜県,国・省庁,1
長岡観光コンベンション協会,3,,,0,,https://www2.njss.info/organizations/proc/7634,2026-08-02,新潟県,国・省庁,1
松山観光コンベンション協会,3,,,0,,https://www2.njss.info/organizations/proc/7658,2026-08-02,愛媛県,国・省庁,1
国土交通省(MLIT) 中国地方整備局 広島西部山系砂防事務所,3,,,0,,https://www2.njss.info/organizations/proc/7833,2026-08-02,広島県,国・省庁,0
東紀州環境施設組合,3,,,0,,https://www2.njss.info/organizations/proc/8216,2026-08-02,三重県,地方公共団体,1
吉川松伏消防組合,3,,,0,,https://www2.njss.info/organizations/proc/8312,2026-08-02,埼玉県,地方公共団体,1
砺波地域消防組合,3,,,0,,https://www2.njss.info/organizations/proc/8362,2026-08-02,富山県,地方公共団体,1
富山県東部消防組合,3,,,0,,https://www2.njss.info/organizations/proc/8364,2026-08-02,富山県,地方公共団体,1
佐久市・北佐久郡環境施設組合,3,,,0,,https://www2.njss.info/organizations/proc/8520,2026-08-02,長野県,地方公共団体,1
佐久環境衛生組合,3,,,0,,https://www2.njss.info/organizations/proc/8522,2026-08-02,長野県,地方公共団体,1
中濃地域広域行政事務組合,3,,,0,,https://www2.njss.info/organizations/proc/8536,2026-08-02,岐阜県,地方公共団体,1
知多南部広域環境組合,3,,,0,,https://www2.njss.info/organizations/proc/8574,2026-08-02,愛知県,地方公共団体,1
安芸広域市町村圏事務組合,3,,,0,,https://www2.njss.info/organizations/proc/8760,2026-08-02,高知県,地方公共団体,1
島尻消防組合,3,,,0,,https://www2.njss.info/organizations/proc/8836,2026-08-02,沖縄県,地方公共団体,1
佐賀県西部広域環境組合,3,,,0,,https://www2.njss.info/organizations/proc/8858,2026-08-02,佐賀県,地方公共団体,1
別杵速見地域広域市町村圏事務組合,3,,,0,,https://www2.njss.info/organizations/proc/8860,2026-08-02,大分県,地方公共団体,1
南薩地区衛生管理組合,3,,,0,,https://www2.njss.info/organizations/proc/8876,2026-08-02,鹿児島県,地方公共団体,1
熊毛地区消防組合,3,,,0,,https://www2.njss.info/organizations/proc/8882,2026-08-02,鹿児島県,地方公共団体,1
公立大学法人大阪 大阪公立大学,3,,,0,,https://www2.njss.info/organizations/proc/9036,2026-08-02,大阪府,国・省庁,0
労働者健康安全機構 アスベスト疾患研究・研修センター,3,,,0,,https://www2.njss.info/organizations/proc/9138,2026-08-02,岡山県,国・省庁,0
恩賜財団 済生会 東京都済生会 向島病院,3,,,0,,https://www2.njss.info/organizations/proc/9212,2026-08-02,東京都,地方公共団体,0
宮城県市町村職員共済組合,3,,,0,,https://www2.njss.info/organizations/proc/9251,2026-08-02,宮城県,地方公共団体,1
長野大学,3,,,0,,https://www2.njss.info/organizations/proc/9264,2026-08-02,長野県,国・省庁,0
消防団員等公務災害補償等共済基金,3,,,0,,https://www2.njss.info/organizations/proc/9272,2026-08-02,東京都,国・省庁,1
恩賜財団 済生会 熊本県済生会 済生会熊本病院,3,,,0,,https://www2.njss.info/organizations/proc/9297,2026-08-02,熊本県,地方公共団体,0
恩賜財団 済生会 山口県済生会 豊浦病院,3,,,0,,https://www2.njss.info/organizations/proc/9303,2026-08-02,山口県,地方公共団体,0
広島市職員共済組合,3,,,0,,https://www2.njss.info/organizations/proc/9343,2026-08-02,広島県,地方公共団体,1
日本鉄道共済組合,3,,,0,,https://www2.njss.info/organizations/proc/9383,2026-08-02,神奈川県,地方公共団体,1
富山県農業共済組合,3,,,0,,https://www2.njss.info/organizations/proc/9385,2026-08-02,富山県,地方公共団体,1
岩手県下水道公社,3,,,0,,https://www2.njss.info/organizations/proc/9436,2026-08-02,岩手県,地方公共団体,1
小平・村山・大和衛生組合,3,,,0,,https://www2.njss.info/organizations/proc/9446,2026-08-02,東京都,地方公共団体,1
白河地方広域市町村圏整備組合,3,,,0,,https://www2.njss.info/organizations/proc/9456,2026-08-02,福島県,地方公共団体,1
海部東部消防組合,3,,,0,,https://www2.njss.info/organizations/proc/9525,2026-08-02,愛知県,地方公共団体,1
春日井小牧看護専門学校管理組合,3,,,0,,https://www2.njss.info/organizations/proc/9528,2026-08-02,愛知県,地方公共団体,1
岡山県西部環境整備施設組合,3,,,0,,https://www2.njss.info/organizations/proc/9540,2026-08-02,岡山県,地方公共団体,1
三郡衛生組合,3,,,0,,https://www2.njss.info/organizations/proc/9627,2026-08-02,山梨県,地方公共団体,1
公立豊岡病院組合,3,,,0,,https://www2.njss.info/organizations/proc/9750,2026-08-02,兵庫県,地方公共団体,1
地球環境戦略研究機関,3,,,0,,https://www2.njss.info/organizations/proc/9789,2026-08-02,神奈川県,地方公共団体,1
防衛省(MOD) 陸上自衛隊 西部方面隊 西部方面会計隊 相浦駐屯地 第395会計隊,2,,,0,,https://www2.njss.info/organizations/proc/3530,2026-08-02,長崎県,国・省庁,0
長野市民病院,2,,,0,,https://www2.njss.info/organizations/proc/8002,2026-08-02,長野県,地方公共団体,1
恩賜財団 済生会 大阪府済生会 千里病院,2,,,0,,https://www2.njss.info/organizations/proc/9312,2026-08-02,大阪府,地方公共団体,0
仲多度南部消防組合,2,,,0,,https://www2.njss.info/organizations/proc/9348,2026-08-02,香川県,地方公共団体,1
双葉地方広域市町村圏組合,2,,,0,,https://www2.njss.info/organizations/proc/9451,2026-08-02,福島県,地方公共団体,1
労働者健康安全機構 東北労災看護専門学校,2,,,0,,https://www2.njss.info/organizations/proc/9586,2026-08-02,宮城県,国・省庁,0
山形広域環境事務組合,2,,,0,,https://www2.njss.info/organizations/proc/9623,2026-08-02,山形県,地方公共団体,1
国土交通省(MLIT) 関東地方整備局 【［閉鎖］利根川水系総合調査事務所】,2,,,0,,https://www2.njss.info/organizations/proc/1006,2026-08-02,群馬県,国・省庁,1
日本赤十字社 愛知医療センター 名古屋第一病院,2,,,0,,https://www2.njss.info/organizations/proc/1247,2026-08-02,愛知県,国・省庁,0
労働者健康安全機構 山形産業保健総合支援センター,2,,,0,,https://www2.njss.info/organizations/proc/1499,2026-08-02,山形県,国・省庁,0
労働者健康安全機構 長野産業保健総合支援センター,2,,,0,,https://www2.njss.info/organizations/proc/1512,2026-08-02,長野県,国・省庁,0
労働者健康安全機構 京都産業保健総合支援センター,2,,,0,,https://www2.njss.info/organizations/proc/1518,2026-08-02,京都府,国・省庁,0
労働者健康安全機構 兵庫産業保健総合支援センター,2,,,0,,https://www2.njss.info/organizations/proc/1520,2026-08-02,兵庫県,国・省庁,0
労働者健康安全機構 高知産業保健総合支援センター,2,,,0,,https://www2.njss.info/organizations/proc/1531,2026-08-02,高知県,国・省庁,0
森林研究・整備機構 【［閉鎖］森林総合研究所 森林農地整備センター 安房南部建設事業所】,2,,,0,,https://www2.njss.info/organizations/proc/1685,2026-08-02,千葉県,国・省庁,1
東日本高速道路株式会社(NEXCO) 東北支社 八戸管理事務所,2,,,0,,https://www2.njss.info/organizations/proc/1915,2026-08-02,青森県,国・省庁,0
東日本高速道路株式会社(NEXCO) 東北支社 仙台工事事務所,2,,,0,,https://www2.njss.info/organizations/proc/1928,2026-08-02,宮城県,国・省庁,0
中日本高速道路株式会社(NEXCO) 名古屋支社 豊田保全・サービスセンター,2,,,0,,https://www2.njss.info/organizations/proc/1983,2026-08-02,愛知県,国・省庁,0
航空大学校 帯広分校,2,,,0,,https://www2.njss.info/organizations/proc/2081,2026-08-02,北海道,国・省庁,0
防衛省(MOD) 陸上自衛隊 北部方面隊 北部方面会計隊 東千歳駐屯地 第324会計隊,2,,,0,,https://www2.njss.info/organizations/proc/3469,2026-08-02,北海道,国・省庁,0
防衛省(MOD) 陸上自衛隊 北部方面隊 北部方面会計隊 幌別駐屯地 第331会計隊,2,,,0,,https://www2.njss.info/organizations/proc/3476,2026-08-02,北海道,国・省庁,0
防衛省(MOD) 陸上自衛隊 東部方面隊 東部方面会計隊 東立川駐屯地 第307会計隊,2,,,0,,https://www2.njss.info/organizations/proc/3499,2026-08-02,東京都,国・省庁,0
防衛省(MOD) 陸上自衛隊 西部方面隊 西部方面会計隊 対馬駐屯地 第436会計隊,2,,,0,,https://www2.njss.info/organizations/proc/3525,2026-08-02,長崎県,国・省庁,0
防衛省(MOD) 陸上自衛隊 中部方面隊 中部方面会計隊 信太山駐屯地 第398会計隊,2,,,0,,https://www2.njss.info/organizations/proc/4022,2026-08-02,大阪府,国・省庁,0
防衛省(MOD) 航空自衛隊 網走分屯基地 第28警戒隊,2,,,0,,https://www2.njss.info/organizations/proc/4034,2026-08-02,北海道,国・省庁,0
防衛省(MOD) 航空自衛隊 知念分屯基地 第18高射隊,2,,,0,,https://www2.njss.info/organizations/proc/4054,2026-08-02,沖縄県,国・省庁,0
法務省(MOJ) 東京保護観察所,2,,,0,,https://www2.njss.info/organizations/proc/4087,2026-08-02,東京都,国・省庁,0
法務省(MOJ) 横浜保護観察所,2,,,0,,https://www2.njss.info/organizations/proc/4089,2026-08-02,神奈川県,国・省庁,0
法務省(MOJ) 水戸保護観察所,2,,,0,,https://www2.njss.info/organizations/proc/4093,2026-08-02,茨城県,国・省庁,0
法務省(MOJ) 長野保護観察所,2,,,0,,https://www2.njss.info/organizations/proc/4101,2026-08-02,長野県,国・省庁,0
法務省(MOJ) 八代駐在官事務所,2,,,0,,https://www2.njss.info/organizations/proc/4141,2026-08-02,熊本県,国・省庁,0
法務省(MOJ) 函館保護観察所,2,,,0,,https://www2.njss.info/organizations/proc/4157,2026-08-02,北海道,国・省庁,0
法務省(MOJ) 沼田駐在官事務所,2,,,0,,https://www2.njss.info/organizations/proc/4160,2026-08-02,北海道,国・省庁,0
神奈川県立病院機構 神奈川県立足柄上病院,2,,,0,,https://www2.njss.info/organizations/proc/4495,2026-08-02,神奈川県,地方公共団体,0
都市再生機構(UR) 東日本賃貸住宅本部 武蔵野団地再生業務事務所,2,,,0,,https://www2.njss.info/organizations/proc/4528,2026-08-02,東京都,国・省庁,0
神戸市民病院機構 神戸市立医療センター中央市民病院,2,,,0,,https://www2.njss.info/organizations/proc/5149,2026-08-02,兵庫県,地方公共団体,1
高松市民病院塩江分院,2,,,0,,https://www2.njss.info/organizations/proc/5189,2026-08-02,香川県,地方公共団体,1
国土交通省(MLIT) 中部地方整備局 中部技術事務所,2,,,0,,https://www2.njss.info/organizations/proc/5249,2026-08-02,愛知県,国・省庁,0
国土交通省(MLIT) 中国地方整備局 岡山営繕事務所,2,,,0,,https://www2.njss.info/organizations/proc/5264,2026-08-02,岡山県,国・省庁,0
春日部市立医療センター,2,,,0,,https://www2.njss.info/organizations/proc/5316,2026-08-02,埼玉県,地方公共団体,1
山形県立こころの医療センター,2,,,0,,https://www2.njss.info/organizations/proc/5648,2026-08-02,山形県,地方公共団体,1
千葉県総合救急災害医療センター 【［閉鎖］千葉県精神科医療センター】,2,,,0,,https://www2.njss.info/organizations/proc/5927,2026-08-02,千葉県,地方公共団体,1
富山県道路公社,2,,,0,,https://www2.njss.info/organizations/proc/6146,2026-08-02,富山県,地方公共団体,1
四国旅客鉄道〈JR四国〉,2,,,0,,https://www2.njss.info/organizations/proc/6400,2026-08-02,香川県,国・省庁,0
日高郡日高町役場,2,,,0,,https://www2.njss.info/organizations/proc/6580,2026-08-02,和歌山県,地方公共団体,0
上川郡剣淵町役場,2,,,0,,https://www2.njss.info/organizations/proc/6764,2026-08-02,北海道,地方公共団体,1
寿都郡寿都町役場,2,,,0,,https://www2.njss.info/organizations/proc/6767,2026-08-02,北海道,地方公共団体,0
小県郡青木村役場,2,,,0,,https://www2.njss.info/organizations/proc/6980,2026-08-02,長野県,地方公共団体,0
南佐久郡北相木村役場,2,,,0,,https://www2.njss.info/organizations/proc/6994,2026-08-02,長野県,地方公共団体,0
隠岐郡知夫村役場,2,,,0,,https://www2.njss.info/organizations/proc/7011,2026-08-02,島根県,地方公共団体,0
北海道警察旭川方面本部 【［閉鎖］美深警察署】,2,,,0,,https://www2.njss.info/organizations/proc/7016,2026-08-02,北海道,地方公共団体,1
横浜市役所 人事委員会事務局,2,,,0,,https://www2.njss.info/organizations/proc/7112,2026-08-02,神奈川県,地方公共団体,0
大阪大学 大阪大学医学部附属病院,2,,,0,,https://www2.njss.info/organizations/proc/7221,2026-08-02,大阪府,国・省庁,0
熊本大学 熊本大学病院,2,,,0,,https://www2.njss.info/organizations/proc/7231,2026-08-02,熊本県,国・省庁,0
神戸市役所 須磨区役所,2,,,0,,https://www2.njss.info/organizations/proc/7266,2026-08-02,兵庫県,地方公共団体,0
神戸市役所 北区役所,2,,,0,,https://www2.njss.info/organizations/proc/7268,2026-08-02,兵庫県,地方公共団体,0
高知大学 高知大学医学部附属病院,2,,,0,,https://www2.njss.info/organizations/proc/7299,2026-08-02,高知県,国・省庁,0
高萩・北茨城広域事務組合,2,,,0,,https://www2.njss.info/organizations/proc/7316,2026-08-02,茨城県,地方公共団体,1
石狩川流域下水道組合,2,,,0,,https://www2.njss.info/organizations/proc/7402,2026-08-02,北海道,地方公共団体,1
栃木県住宅供給公社,2,,,0,,https://www2.njss.info/organizations/proc/7450,2026-08-02,栃木県,地方公共団体,1
滋賀県立精神医療センター,2,,,0,,https://www2.njss.info/organizations/proc/7483,2026-08-02,滋賀県,地方公共団体,1
香川県広域水道企業団 【［閉鎖］琴平事務所】,2,,,0,,https://www2.njss.info/organizations/proc/7513,2026-08-02,香川県,地方公共団体,1
山形コンベンションビューロー,2,,,0,,https://www2.njss.info/organizations/proc/7630,2026-08-02,山形県,国・省庁,1
ながの観光コンベンションビューロー,2,,,0,,https://www2.njss.info/organizations/proc/7638,2026-08-02,長野県,国・省庁,1
全国厚生農業協同組合連合会 富山県厚生農業協同組合連合会 滑川病院,2,,,0,,https://www2.njss.info/organizations/proc/7683,2026-08-02,富山県,国・省庁,1
横浜市役所 脱炭素・GREEN×EXPO推進局,2,,,0,,https://www2.njss.info/organizations/proc/7719,2026-08-02,神奈川県,地方公共団体,0
国土交通省(MLIT) 中国地方整備局 高梁川・小田川緊急治水対策河川事務所,2,,,0,,https://www2.njss.info/organizations/proc/7831,2026-08-02,岡山県,国・省庁,0
とかち広域消防事務組合,2,,,0,,https://www2.njss.info/organizations/proc/7936,2026-08-02,北海道,地方公共団体,1
羊蹄山麓環境衛生組合,2,,,0,,https://www2.njss.info/organizations/proc/7940,2026-08-02,北海道,地方公共団体,1
上川北部消防事務組合,2,,,0,,https://www2.njss.info/organizations/proc/7952,2026-08-02,北海道,地方公共団体,1
久吉ダム水道企業団,2,,,0,,https://www2.njss.info/organizations/proc/8048,2026-08-02,青森県,地方公共団体,1
滝沢・雫石環境組合,2,,,0,,https://www2.njss.info/organizations/proc/8060,2026-08-02,岩手県,地方公共団体,1
みやぎ県南中核病院企業団,2,,,0,,https://www2.njss.info/organizations/proc/8070,2026-08-02,宮城県,地方公共団体,1
多野藤岡医療事務市町村組合,2,,,0,,https://www2.njss.info/organizations/proc/8278,2026-08-02,群馬県,地方公共団体,1
厚木愛甲環境施設組合,2,,,0,,https://www2.njss.info/organizations/proc/8350,2026-08-02,神奈川県,地方公共団体,1
君津郡市広域市町村圏事務組合,2,,,0,,https://www2.njss.info/organizations/proc/8404,2026-08-02,千葉県,地方公共団体,1
伊南行政組合,2,,,0,,https://www2.njss.info/organizations/proc/8452,2026-08-02,長野県,地方公共団体,1
河口湖南中学校組合,2,,,0,,https://www2.njss.info/organizations/proc/8510,2026-08-02,山梨県,地方公共団体,1
北部衛生施設組合,2,,,0,,https://www2.njss.info/organizations/proc/8686,2026-08-02,長野県,地方公共団体,1
中部知多衛生組合,2,,,0,,https://www2.njss.info/organizations/proc/8708,2026-08-02,愛知県,地方公共団体,1
北名古屋衛生組合,2,,,0,,https://www2.njss.info/organizations/proc/8712,2026-08-02,愛知県,地方公共団体,1
江津邑智消防組合,2,,,0,,https://www2.njss.info/organizations/proc/8724,2026-08-02,島根県,地方公共団体,1
美馬環境整備組合,2,,,0,,https://www2.njss.info/organizations/proc/8736,2026-08-02,徳島県,地方公共団体,1
香南香美老人ホーム組合,2,,,0,,https://www2.njss.info/organizations/proc/8752,2026-08-02,高知県,地方公共団体,1
両筑衛生施設組合,2,,,0,,https://www2.njss.info/organizations/proc/8768,2026-08-02,福岡県,地方公共団体,1
中城北中城消防組合,2,,,0,,https://www2.njss.info/organizations/proc/8838,2026-08-02,沖縄県,地方公共団体,1
西臼杵広域行政事務組合,2,,,0,,https://www2.njss.info/organizations/proc/8868,2026-08-02,宮崎県,地方公共団体,1
日田玖珠広域消防組合,2,,,0,,https://www2.njss.info/organizations/proc/8904,2026-08-02,大分県,地方公共団体,1
国土交通省(MLIT) 中部地方整備局 木曽川水系ダム統合管理事務所,2,,,0,,https://www2.njss.info/organizations/proc/9010,2026-08-02,岐阜県,国・省庁,0
恩賜財団 済生会 神奈川県済生会 東神奈川リハビリテーション病院,2,,,0,,https://www2.njss.info/organizations/proc/9060,2026-08-02,神奈川県,地方公共団体,0
恩賜財団 済生会 石川県済生会 石川県済生会金沢病院,2,,,0,,https://www2.njss.info/organizations/proc/9209,2026-08-02,石川県,地方公共団体,0
恩賜財団 済生会 愛知県済生会 愛知県済生会リハビリテーション病院,2,,,0,,https://www2.njss.info/organizations/proc/9214,2026-08-02,愛知県,地方公共団体,0
東京臨海高速鉄道株式会社,2,,,0,,https://www2.njss.info/organizations/proc/9234,2026-08-02,東京都,地方公共団体,1
福岡県市町村職員共済組合,2,,,0,,https://www2.njss.info/organizations/proc/9258,2026-08-02,福岡県,地方公共団体,1
公立諏訪東京理科大学,2,,,0,,https://www2.njss.info/organizations/proc/9266,2026-08-02,長野県,国・省庁,0
恩賜財団 済生会 佐賀県済生会 唐津病院,2,,,0,,https://www2.njss.info/organizations/proc/9321,2026-08-02,佐賀県,地方公共団体,0
下妻地方広域事務組合,2,,,0,,https://www2.njss.info/organizations/proc/9329,2026-08-02,茨城県,地方公共団体,1
熊本県市町村総合事務組合,2,,,0,,https://www2.njss.info/organizations/proc/9336,2026-08-02,熊本県,地方公共団体,1
公立羽咋病院,2,,,0,,https://www2.njss.info/organizations/proc/9341,2026-08-02,石川県,地方公共団体,1
山口県市町総合事務組合,2,,,0,,https://www2.njss.info/organizations/proc/9352,2026-08-02,山口県,地方公共団体,1
周南地区衛生施設組合,2,,,0,,https://www2.njss.info/organizations/proc/9356,2026-08-02,山口県,地方公共団体,1
匝瑳市ほか二町環境衛生組合,2,,,0,,https://www2.njss.info/organizations/proc/9374,2026-08-02,千葉県,地方公共団体,1
銀行等保有株式取得機構,2,,,0,,https://www2.njss.info/organizations/proc/9431,2026-08-02,東京都,国・省庁,1
株式会社民間資金等活用事業推進機構,2,,,0,,https://www2.njss.info/organizations/proc/9432,2026-08-02,東京都,国・省庁,1
林業・木材製造業労働災害防止協会,2,,,0,,https://www2.njss.info/organizations/proc/9435,2026-08-02,東京都,国・省庁,1
刈谷知立環境組合,2,,,0,,https://www2.njss.info/organizations/proc/9526,2026-08-02,愛知県,地方公共団体,1
岡山県西部衛生施設組合,2,,,0,,https://www2.njss.info/organizations/proc/9539,2026-08-02,岡山県,地方公共団体,1
公立八鹿病院組合,2,,,0,,https://www2.njss.info/organizations/proc/9749,2026-08-02,兵庫県,地方公共団体,1
和歌山県下水道公社,2,,,0,,https://www2.njss.info/organizations/proc/9798,2026-08-02,和歌山県,地方公共団体,1
市立芦屋病院,2,,,0,,https://www2.njss.info/organizations/proc/9817,2026-08-02,兵庫県,地方公共団体,1
防衛省(MOD) 陸上自衛隊 西部方面隊 西部方面会計隊 玖珠駐屯地 第400会計隊,1,,,0,,https://www2.njss.info/organizations/proc/3527,2026-08-02,大分県,国・省庁,0
大阪府市町村職員共済組合,1,,,0,,https://www2.njss.info/organizations/proc/9427,2026-08-02,大阪府,地方公共団体,1
三重県市町総合事務組合,1,,,0,,https://www2.njss.info/organizations/proc/9620,2026-08-02,三重県,地方公共団体,1
福知山公立大学,1,,,0,,https://www2.njss.info/organizations/proc/9830,2026-08-02,京都府,国・省庁,0
静岡社会健康医学大学院大学,1,,,0,,https://www2.njss.info/organizations/proc/9833,2026-08-02,静岡県,国・省庁,0
名古屋競輪組合,1,,,0,,https://www2.njss.info/organizations/proc/9840,2026-08-02,愛知県,地方公共団体,1
大阪市役所 大阪都市計画局,1,,,0,,https://www2.njss.info/organizations/proc/9841,2026-08-02,大阪府,地方公共団体,1
国土交通省(MLIT) 東北地方整備局 盛岡営繕事務所 【［閉鎖］秋田営繕事務所】,1,,,0,,https://www2.njss.info/organizations/proc/1065,2026-08-02,秋田県,国・省庁,1
労働者健康安全機構 岩手産業保健総合支援センター,1,,,0,,https://www2.njss.info/organizations/proc/1496,2026-08-02,岩手県,国・省庁,0
労働者健康安全機構 福島産業保健総合支援センター,1,,,0,,https://www2.njss.info/organizations/proc/1500,2026-08-02,福島県,国・省庁,0
労働者健康安全機構 群馬産業保健総合支援センター,1,,,0,,https://www2.njss.info/organizations/proc/1503,2026-08-02,群馬県,国・省庁,0
労働者健康安全機構 富山産業保健総合支援センター,1,,,0,,https://www2.njss.info/organizations/proc/1508,2026-08-02,富山県,国・省庁,0
労働者健康安全機構 和歌山産業保健総合支援センター,1,,,0,,https://www2.njss.info/organizations/proc/1522,2026-08-02,和歌山県,国・省庁,0
労働者健康安全機構 長崎産業保健総合支援センター,1,,,0,,https://www2.njss.info/organizations/proc/1534,2026-08-02,長崎県,国・省庁,0
労働者健康安全機構 沖縄産業保健総合支援センター,1,,,0,,https://www2.njss.info/organizations/proc/1539,2026-08-02,沖縄県,国・省庁,0
労働者健康安全機構 【［閉鎖］労災リハビリテーションセンター工学センター】,1,,,0,,https://www2.njss.info/organizations/proc/1548,2026-08-02,愛知県,国・省庁,1
労働者健康安全機構 【［閉鎖］海外勤務健康管理センター(JOHAC)】,1,,,0,,https://www2.njss.info/organizations/proc/1549,2026-08-02,神奈川県,国・省庁,1
東日本高速道路株式会社(NEXCO) 東北支社 いわき管理事務所,1,,,0,,https://www2.njss.info/organizations/proc/1926,2026-08-02,福島県,国・省庁,0
中日本高速道路株式会社(NEXCO) 東京支社 横浜保全・サービスセンター,1,,,0,,https://www2.njss.info/organizations/proc/1999,2026-08-02,神奈川県,国・省庁,0
中日本高速道路株式会社(NEXCO) 東京支社 御殿場保全・サービスセンター,1,,,0,,https://www2.njss.info/organizations/proc/2001,2026-08-02,静岡県,国・省庁,0
西日本高速道路株式会社(NEXCO) 四国支社 高知高速道路事務所,1,,,0,,https://www2.njss.info/organizations/proc/2044,2026-08-02,高知県,国・省庁,0
本州四国連絡高速道路株式会社 岡山管理センター,1,,,0,,https://www2.njss.info/organizations/proc/2076,2026-08-02,岡山県,国・省庁,0
航空大学校 仙台分校,1,,,0,,https://www2.njss.info/organizations/proc/2082,2026-08-02,宮城県,国・省庁,0
防衛省(MOD) 陸上自衛隊 北部方面隊 北部方面会計隊 真駒内駐屯地 第325会計隊,1,,,0,,https://www2.njss.info/organizations/proc/3470,2026-08-02,北海道,国・省庁,0
防衛省(MOD) 陸上自衛隊 北部方面隊 北部方面会計隊 釧路駐屯地 第377会計隊,1,,,0,,https://www2.njss.info/organizations/proc/3472,2026-08-02,北海道,国・省庁,0
防衛省(MOD) 陸上自衛隊 北部方面隊 北部方面会計隊 北千歳駐屯地 第323会計隊,1,,,0,,https://www2.njss.info/organizations/proc/3474,2026-08-02,北海道,国・省庁,0
防衛省(MOD) 陸上自衛隊 北部方面隊 北部方面会計隊 静内駐屯地 第432会計隊,1,,,0,,https://www2.njss.info/organizations/proc/3477,2026-08-02,北海道,国・省庁,0
防衛省(MOD) 陸上自衛隊 東部方面隊 東部方面会計隊 木更津駐屯地 第428会計隊,1,,,0,,https://www2.njss.info/organizations/proc/3489,2026-08-02,千葉県,国・省庁,0
防衛省(MOD) 陸上自衛隊 東部方面隊 東部方面会計隊 武山駐屯地 第407会計隊,1,,,0,,https://www2.njss.info/organizations/proc/3491,2026-08-02,神奈川県,国・省庁,0
防衛省(MOD) 陸上自衛隊 西部方面隊 西部方面会計隊 小倉駐屯地 第393会計隊,1,,,0,,https://www2.njss.info/organizations/proc/3513,2026-08-02,福岡県,国・省庁,0
防衛省(MOD) 陸上自衛隊 西部方面隊 西部方面会計隊 福岡駐屯地 第366会計隊,1,,,0,,https://www2.njss.info/organizations/proc/3523,2026-08-02,福岡県,国・省庁,0
経済産業省(METI) 経済産業政策局,1,,,0,,https://www2.njss.info/organizations/proc/3918,2026-08-02,東京都,国・省庁,0
経済産業省(METI) 製造産業局,1,,,0,,https://www2.njss.info/organizations/proc/3921,2026-08-02,東京都,国・省庁,0
最高裁判所 東京高等裁判所 東京家庭裁判所,1,,,0,,https://www2.njss.info/organizations/proc/3927,2026-08-02,東京都,国・省庁,0
防衛省(MOD) 陸上自衛隊 東部方面隊 東部方面会計隊 駒門駐屯地 第410会計隊,1,,,0,,https://www2.njss.info/organizations/proc/4007,2026-08-02,静岡県,国・省庁,0
防衛省(MOD) 航空自衛隊 稚内分屯基地 第18警戒隊,1,,,0,,https://www2.njss.info/organizations/proc/4032,2026-08-02,北海道,国・省庁,0
防衛省(MOD) 航空自衛隊 加茂分屯基地 第33警戒隊,1,,,0,,https://www2.njss.info/organizations/proc/4036,2026-08-02,秋田県,国・省庁,0
防衛省(MOD) 航空自衛隊 山田分屯基地 第37警戒隊,1,,,0,,https://www2.njss.info/organizations/proc/4038,2026-08-02,岩手県,国・省庁,0
法務省(MOJ) 東京保護観察所 立川支部,1,,,0,,https://www2.njss.info/organizations/proc/4088,2026-08-02,東京都,国・省庁,0
法務省(MOJ) さいたま保護観察所,1,,,0,,https://www2.njss.info/organizations/proc/4091,2026-08-02,埼玉県,国・省庁,0
法務省(MOJ) 宇都宮保護観察所,1,,,0,,https://www2.njss.info/organizations/proc/4095,2026-08-02,栃木県,国・省庁,0
法務省(MOJ) 前橋保護観察所,1,,,0,,https://www2.njss.info/organizations/proc/4096,2026-08-02,群馬県,国・省庁,0
法務省(MOJ) 神戸保護観察所,1,,,0,,https://www2.njss.info/organizations/proc/4108,2026-08-02,兵庫県,国・省庁,0
法務省(MOJ) 佐世保駐在官事務所,1,,,0,,https://www2.njss.info/organizations/proc/4138,2026-08-02,長崎県,国・省庁,0
法務省(MOJ) 奄美駐在官事務所,1,,,0,,https://www2.njss.info/organizations/proc/4143,2026-08-02,鹿児島県,国・省庁,0
法務省(MOJ) 宮古島駐在官事務所,1,,,0,,https://www2.njss.info/organizations/proc/4146,2026-08-02,沖縄県,国・省庁,0
法務省(MOJ) 石垣駐在官事務所,1,,,0,,https://www2.njss.info/organizations/proc/4147,2026-08-02,沖縄県,国・省庁,0
法務省(MOJ) 仙台保護観察所,1,,,0,,https://www2.njss.info/organizations/proc/4148,2026-08-02,宮城県,国・省庁,0
法務省(MOJ) 札幌保護観察所,1,,,0,,https://www2.njss.info/organizations/proc/4155,2026-08-02,北海道,国・省庁,0
法務省(MOJ) 室蘭駐在官事務所,1,,,0,,https://www2.njss.info/organizations/proc/4156,2026-08-02,北海道,国・省庁,0
法務省(MOJ) 松山保護観察所,1,,,0,,https://www2.njss.info/organizations/proc/4167,2026-08-02,愛媛県,国・省庁,0
法務省(MOJ) 高知保護観察所,1,,,0,,https://www2.njss.info/organizations/proc/4169,2026-08-02,高知県,国・省庁,0
自然科学研究機構 基礎生物学研究所(NIBB),1,,,0,,https://www2.njss.info/organizations/proc/4444,2026-08-02,愛知県,国・省庁,1
神奈川県立病院機構 神奈川県立循環器呼吸器病センター,1,,,0,,https://www2.njss.info/organizations/proc/4499,2026-08-02,神奈川県,地方公共団体,0
御蔵島村役場,1,,,0,,https://www2.njss.info/organizations/proc/4593,2026-08-02,東京都,地方公共団体,0
川崎市立多摩病院,1,,,0,,https://www2.njss.info/organizations/proc/5135,2026-08-02,神奈川県,地方公共団体,1
京都市立病院機構 京都市立京北病院,1,,,0,,https://www2.njss.info/organizations/proc/5148,2026-08-02,京都府,地方公共団体,1
青森市立浪岡病院,1,,,0,,https://www2.njss.info/organizations/proc/5170,2026-08-02,青森県,地方公共団体,1
下関市立豊田中央病院,1,,,0,,https://www2.njss.info/organizations/proc/5186,2026-08-02,山口県,地方公共団体,1
高松市立みんなの病院 【［閉鎖］高松市民病院附属香川診療所】,1,,,0,,https://www2.njss.info/organizations/proc/5190,2026-08-02,香川県,地方公共団体,1
北九州市立病院機構 北九州市立医療センター,1,,,0,,https://www2.njss.info/organizations/proc/5193,2026-08-02,福岡県,地方公共団体,1
福岡市立病院機構 福岡市立こども病院,1,,,0,,https://www2.njss.info/organizations/proc/5197,2026-08-02,福岡県,地方公共団体,1
宮崎市立田野病院,1,,,0,,https://www2.njss.info/organizations/proc/5204,2026-08-02,宮崎県,地方公共団体,1
国土交通省(MLIT) 中部地方整備局 愛知国道事務所,1,,,0,,https://www2.njss.info/organizations/proc/5246,2026-08-02,愛知県,国・省庁,0
九州大学 芸術工学部,1,,,0,,https://www2.njss.info/organizations/proc/5387,2026-08-02,福岡県,国・省庁,0
新見公立大学,1,,,0,,https://www2.njss.info/organizations/proc/5423,2026-08-02,岡山県,国・省庁,0
愛知県公立大学法人 愛知県立大学,1,,,0,,https://www2.njss.info/organizations/proc/5464,2026-08-02,愛知県,国・省庁,0
山形県立中央病院,1,,,0,,https://www2.njss.info/organizations/proc/5645,2026-08-02,山形県,地方公共団体,1
県立広島病院,1,,,0,,https://www2.njss.info/organizations/proc/5776,2026-08-02,広島県,地方公共団体,1
香川県立丸亀病院,1,,,0,,https://www2.njss.info/organizations/proc/5786,2026-08-02,香川県,地方公共団体,1
長崎県病院企業団 長崎県上対馬病院,1,,,0,,https://www2.njss.info/organizations/proc/5847,2026-08-02,長崎県,地方公共団体,1
高齢・障害・求職者雇用支援機構 大阪支部 関西職業能力開発促進センター大阪港湾労働分所,1,,,0,,https://www2.njss.info/organizations/proc/5851,2026-08-02,大阪府,国・省庁,0
東京都立府中療育センター,1,,,0,,https://www2.njss.info/organizations/proc/5920,2026-08-02,東京都,地方公共団体,1
青森県立つくしが丘病院,1,,,0,,https://www2.njss.info/organizations/proc/5995,2026-08-02,青森県,地方公共団体,1
春風と太陽,1,,,0,,https://www2.njss.info/organizations/proc/6202,2026-08-02,茨城県,地方公共団体,1
安芸郡馬路村役場,1,,,0,,https://www2.njss.info/organizations/proc/7082,2026-08-02,高知県,地方公共団体,0
地域医療機能推進機構(JCHO) 近畿四国地区事務所,1,,,0,,https://www2.njss.info/organizations/proc/7139,2026-08-02,大阪府,国・省庁,0
九州大学 九州大学病院,1,,,0,,https://www2.njss.info/organizations/proc/7228,2026-08-02,福岡県,国・省庁,0
秋田大学 秋田大学医学部附属病院,1,,,0,,https://www2.njss.info/organizations/proc/7283,2026-08-02,秋田県,国・省庁,0
山梨大学 山梨大学医学部附属病院,1,,,0,,https://www2.njss.info/organizations/proc/7286,2026-08-02,山梨県,国・省庁,0
岡山大学 岡山大学病院,1,,,0,,https://www2.njss.info/organizations/proc/7293,2026-08-02,岡山県,国・省庁,0
青梅、羽村地区工業用水道企業団,1,,,0,,https://www2.njss.info/organizations/proc/7335,2026-08-02,東京都,地方公共団体,1
滋賀県立小児保健医療センター,1,,,0,,https://www2.njss.info/organizations/proc/7482,2026-08-02,滋賀県,地方公共団体,1
全国厚生農業協同組合連合会 愛知県厚生農業協同組合連合会,1,,,0,,https://www2.njss.info/organizations/proc/7525,2026-08-02,愛知県,国・省庁,1
全国厚生農業協同組合連合会 愛知県厚生農業協同組合連合会 渥美病院,1,,,0,,https://www2.njss.info/organizations/proc/7527,2026-08-02,愛知県,国・省庁,1
全国厚生農業協同組合連合会 神奈川県厚生農業協同組合連合会 相模原協同病院,1,,,0,,https://www2.njss.info/organizations/proc/7545,2026-08-02,神奈川県,国・省庁,1
全国厚生農業協同組合連合会 岐阜県厚生農業協同組合連合会 西美濃厚生病院,1,,,0,,https://www2.njss.info/organizations/proc/7553,2026-08-02,岐阜県,国・省庁,1
静岡県東部地域コンベンションビューロー,1,,,0,,https://www2.njss.info/organizations/proc/7606,2026-08-02,静岡県,地方公共団体,1
旭川観光コンベンション協会,1,,,0,,https://www2.njss.info/organizations/proc/7619,2026-08-02,北海道,国・省庁,1
福島市観光コンベンション協会,1,,,0,,https://www2.njss.info/organizations/proc/7631,2026-08-02,福島県,国・省庁,1
上越観光コンベンション協会,1,,,0,,https://www2.njss.info/organizations/proc/7633,2026-08-02,新潟県,国・省庁,1
宇部観光コンベンション協会,1,,,0,,https://www2.njss.info/organizations/proc/7649,2026-08-02,山口県,国・省庁,1
全国厚生農業協同組合連合会 福島県厚生農業協同組合連合会,1,,,0,,https://www2.njss.info/organizations/proc/7675,2026-08-02,福島県,国・省庁,1
全国厚生農業協同組合連合会 広島県厚生連 広島総合病院,1,,,0,,https://www2.njss.info/organizations/proc/7687,2026-08-02,広島県,国・省庁,1
全国厚生農業協同組合連合会 新潟県厚生農業協同組合連合会,1,,,0,,https://www2.njss.info/organizations/proc/7691,2026-08-02,新潟県,国・省庁,1
全国厚生農業協同組合連合会 新潟県厚生農業協同組合連合会 糸魚川総合病院,1,,,0,,https://www2.njss.info/organizations/proc/7692,2026-08-02,新潟県,国・省庁,1
全国厚生農業協同組合連合会 新潟県厚生農業協同組合連合会 上越総合病院,1,,,0,,https://www2.njss.info/organizations/proc/7694,2026-08-02,新潟県,国・省庁,1
全国厚生農業協同組合連合会 新潟県厚生農業協同組合連合会 柏崎総合医療センター,1,,,0,,https://www2.njss.info/organizations/proc/7695,2026-08-02,新潟県,国・省庁,1
全国厚生農業協同組合連合会 新潟県厚生農業協同組合連合会 小千谷総合病院,1,,,0,,https://www2.njss.info/organizations/proc/7697,2026-08-02,新潟県,国・省庁,1
全国厚生農業協同組合連合会 新潟県厚生農業協同組合連合会 長岡中央綜合病院,1,,,0,,https://www2.njss.info/organizations/proc/7698,2026-08-02,新潟県,国・省庁,1
全国厚生農業協同組合連合会 新潟県厚生農業協同組合連合会 【［閉鎖］三条総合病院】,1,,,0,,https://www2.njss.info/organizations/proc/7699,2026-08-02,新潟県,国・省庁,1
全国厚生農業協同組合連合会 新潟県厚生農業協同組合連合会 新潟医療センター,1,,,0,,https://www2.njss.info/organizations/proc/7700,2026-08-02,新潟県,国・省庁,1
全国厚生農業協同組合連合会 新潟県厚生農業協同組合連合会 豊栄病院,1,,,0,,https://www2.njss.info/organizations/proc/7701,2026-08-02,新潟県,国・省庁,1
全国厚生農業協同組合連合会 新潟県厚生農業協同組合連合会 村上総合病院,1,,,0,,https://www2.njss.info/organizations/proc/7702,2026-08-02,新潟県,国・省庁,1
日本エアロビック連盟,1,,,0,,https://www2.njss.info/organizations/proc/7722,2026-08-02,東京都,国・省庁,1
亘理名取共立衛生処理組合,1,,,0,,https://www2.njss.info/organizations/proc/7892,2026-08-02,宮城県,地方公共団体,1
北松中央病院,1,,,0,,https://www2.njss.info/organizations/proc/8008,2026-08-02,長崎県,地方公共団体,1
西紋別地区環境衛生施設組合,1,,,0,,https://www2.njss.info/organizations/proc/8022,2026-08-02,北海道,地方公共団体,1
大船渡地区消防組合,1,,,0,,https://www2.njss.info/organizations/proc/8050,2026-08-02,岩手県,地方公共団体,1
恩賜財団 済生会 埼玉県済生会,1,,,0,,https://www2.njss.info/organizations/proc/8126,2026-08-02,埼玉県,地方公共団体,0
大船渡地区環境衛生組合,1,,,0,,https://www2.njss.info/organizations/proc/8180,2026-08-02,岩手県,地方公共団体,1
甲府・峡東地域ごみ処理施設事務組合,1,,,0,,https://www2.njss.info/organizations/proc/8442,2026-08-02,山梨県,地方公共団体,1
川西保健衛生施設組合,1,,,0,,https://www2.njss.info/organizations/proc/8444,2026-08-02,長野県,地方公共団体,1
古川国府給食センター利用組合,1,,,0,,https://www2.njss.info/organizations/proc/8542,2026-08-02,岐阜県,地方公共団体,1
東部知多衛生組合,1,,,0,,https://www2.njss.info/organizations/proc/8560,2026-08-02,愛知県,地方公共団体,1
海部南部消防組合,1,,,0,,https://www2.njss.info/organizations/proc/8564,2026-08-02,愛知県,地方公共団体,1
吉野広域行政組合,1,,,0,,https://www2.njss.info/organizations/proc/8624,2026-08-02,奈良県,地方公共団体,1
御坊日高老人福祉施設事務組合,1,,,0,,https://www2.njss.info/organizations/proc/8630,2026-08-02,和歌山県,地方公共団体,1
田辺市周辺衛生施設組合,1,,,0,,https://www2.njss.info/organizations/proc/8638,2026-08-02,和歌山県,地方公共団体,1
高吾北広域町村事務組合,1,,,0,,https://www2.njss.info/organizations/proc/8750,2026-08-02,高知県,地方公共団体,1
香南清掃組合,1,,,0,,https://www2.njss.info/organizations/proc/8756,2026-08-02,高知県,地方公共団体,1
天山地区共同環境組合,1,,,0,,https://www2.njss.info/organizations/proc/8790,2026-08-02,佐賀県,地方公共団体,1
人吉球磨広域行政組合,1,,,0,,https://www2.njss.info/organizations/proc/8828,2026-08-02,熊本県,地方公共団体,1
大島地区衛生組合,1,,,0,,https://www2.njss.info/organizations/proc/8830,2026-08-02,鹿児島県,地方公共団体,1
大野城太宰府環境施設組合,1,,,0,,https://www2.njss.info/organizations/proc/8856,2026-08-02,福岡県,地方公共団体,1
宮崎県東児湯消防組合,1,,,0,,https://www2.njss.info/organizations/proc/8870,2026-08-02,宮崎県,地方公共団体,1
長野県後期高齢者医療広域連合,1,,,0,,https://www2.njss.info/organizations/proc/8886,2026-08-02,長野県,地方公共団体,1
桜井宇陀広域連合,1,,,0,,https://www2.njss.info/organizations/proc/8898,2026-08-02,奈良県,地方公共団体,1
岩手県後期高齢者医療広域連合,1,,,0,,https://www2.njss.info/organizations/proc/8910,2026-08-02,岩手県,地方公共団体,1
岐阜県後期高齢者医療広域連合,1,,,0,,https://www2.njss.info/organizations/proc/8924,2026-08-02,岐阜県,地方公共団体,1
木曽広域連合,1,,,0,,https://www2.njss.info/organizations/proc/8976,2026-08-02,長野県,地方公共団体,1
もとす広域連合,1,,,0,,https://www2.njss.info/organizations/proc/8980,2026-08-02,岐阜県,地方公共団体,1
中芸広域連合,1,,,0,,https://www2.njss.info/organizations/proc/8994,2026-08-02,高知県,地方公共団体,1
福岡県介護保険広域連合,1,,,0,,https://www2.njss.info/organizations/proc/8996,2026-08-02,福岡県,地方公共団体,1
国立文化財機構(NICH) アジア太平洋無形文化遺産研究センター,1,,,0,,https://www2.njss.info/organizations/proc/9194,2026-08-02,大阪府,国・省庁,0
防衛省(MOD) 海上幕僚監部,1,,,0,,https://www2.njss.info/organizations/proc/9200,2026-08-02,東京都,国・省庁,0
恩賜財団 済生会 奈良県済生会 御所病院,1,,,0,,https://www2.njss.info/organizations/proc/9206,2026-08-02,奈良県,地方公共団体,0
恩賜財団 済生会 和歌山県済生会 済生会有田病院,1,,,0,,https://www2.njss.info/organizations/proc/9217,2026-08-02,和歌山県,地方公共団体,0
長崎県市町村職員共済組合,1,,,0,,https://www2.njss.info/organizations/proc/9223,2026-08-02,長崎県,地方公共団体,1
奈良県市町村職員共済組合,1,,,0,,https://www2.njss.info/organizations/proc/9255,2026-08-02,奈良県,地方公共団体,1
恩賜財団 済生会 福島県済生会 川俣病院,1,,,0,,https://www2.njss.info/organizations/proc/9309,2026-08-02,福島県,地方公共団体,0
恩賜財団 済生会 和歌山県済生会 和歌山病院,1,,,0,,https://www2.njss.info/organizations/proc/9315,2026-08-02,和歌山県,地方公共団体,0
恩賜財団 済生会 新潟県済生会 済生会新潟県央基幹病院,1,,,0,,https://www2.njss.info/organizations/proc/9323,2026-08-02,新潟県,地方公共団体,0
大宮地方環境整備組合,1,,,0,,https://www2.njss.info/organizations/proc/9331,2026-08-02,茨城県,地方公共団体,1
上益城広域連合,1,,,0,,https://www2.njss.info/organizations/proc/9339,2026-08-02,熊本県,地方公共団体,1
三豊総合病院企業団,1,,,0,,https://www2.njss.info/organizations/proc/9346,2026-08-02,香川県,地方公共団体,1
小豆島中央病院企業団,1,,,0,,https://www2.njss.info/organizations/proc/9347,2026-08-02,香川県,地方公共団体,1
周南地区福祉施設組合,1,,,0,,https://www2.njss.info/organizations/proc/9357,2026-08-02,山口県,地方公共団体,1
東京市町村総合事務組合,1,,,0,,https://www2.njss.info/organizations/proc/9380,2026-08-02,東京都,地方公共団体,1
府中市病院機構,1,,,0,,https://www2.njss.info/organizations/proc/9386,2026-08-02,広島県,地方公共団体,1
羊蹄山ろく消防組合,1,,,0,,https://www2.njss.info/organizations/proc/9415,2026-08-02,北海道,地方公共団体,1
多摩六都科学館組合,1,,,0,,https://www2.njss.info/organizations/proc/9447,2026-08-02,東京都,地方公共団体,1
相馬地方広域市町村圏組合,1,,,0,,https://www2.njss.info/organizations/proc/9452,2026-08-02,福島県,地方公共団体,1
南会津地方広域市町村圏組合,1,,,0,,https://www2.njss.info/organizations/proc/9455,2026-08-02,福島県,地方公共団体,1
岩内・寿都地方消防組合,1,,,0,,https://www2.njss.info/organizations/proc/9457,2026-08-02,北海道,地方公共団体,1
関西国際空港土地保有株式会社,1,,,0,,https://www2.njss.info/organizations/proc/9470,2026-08-02,大阪府,地方公共団体,1
カーボンフロンティア機構,1,,,0,,https://www2.njss.info/organizations/proc/9490,2026-08-02,東京都,地方公共団体,1
知多南部消防組合,1,,,0,,https://www2.njss.info/organizations/proc/9530,2026-08-02,愛知県,地方公共団体,1
尾張東部衛生組合,1,,,0,,https://www2.njss.info/organizations/proc/9533,2026-08-02,愛知県,地方公共団体,1
八幡浜地区施設事務組合,1,,,0,,https://www2.njss.info/organizations/proc/9536,2026-08-02,愛媛県,地方公共団体,1
井原地区消防組合,1,,,0,,https://www2.njss.info/organizations/proc/9537,2026-08-02,岡山県,地方公共団体,1
盛岡地区衛生処理組合,1,,,0,,https://www2.njss.info/organizations/proc/9553,2026-08-02,岩手県,地方公共団体,1
富山県後期高齢者医療広域連合,1,,,0,,https://www2.njss.info/organizations/proc/9725,2026-08-02,富山県,地方公共団体,1
直方・鞍手広域市町村圏事務組合,1,,,0,,https://www2.njss.info/organizations/proc/9740,2026-08-02,福岡県,地方公共団体,1
八女地区消防組合,1,,,0,,https://www2.njss.info/organizations/proc/9744,2026-08-02,福岡県,地方公共団体,1
岩手県市町村職員健康福利機構,1,,,0,,https://www2.njss.info/organizations/proc/9814,2026-08-02,岩手県,地方公共団体,1
田川地区広域環境衛生施設組合,1,,,0,,https://www2.njss.info/organizations/proc/9822,2026-08-02,福岡県,地方公共団体,1
防衛省(MOD) 海上自衛隊 松前警備所,0,,,0,,https://www2.njss.info/organizations/proc/63,2026-08-02,北海道,国・省庁,0
国立病院機構 関東信越グループ 【［閉鎖］南横浜病院】,0,,,0,,https://www2.njss.info/organizations/proc/880,2026-08-02,神奈川県,国・省庁,1
国土交通省(MLIT) 近畿地方整備局 【［閉鎖］猪名川総合開発工事事務所】,0,,,0,,https://www2.njss.info/organizations/proc/965,2026-08-02,大阪府,国・省庁,1
国土交通省(MLIT) 近畿地方整備局 【［閉鎖］近畿幹線道路調査事務所】,0,,,0,,https://www2.njss.info/organizations/proc/967,2026-08-02,大阪府,国・省庁,1
国土交通省(MLIT) 近畿地方整備局 【［閉鎖］淀川水系総合調査事務所】,0,,,0,,https://www2.njss.info/organizations/proc/981,2026-08-02,大阪府,国・省庁,1
国土交通省(MLIT) 近畿地方整備局 【［閉鎖］神戸営繕事務所】,0,,,0,,https://www2.njss.info/organizations/proc/991,2026-08-02,兵庫県,国・省庁,1
国土交通省(MLIT) 関東地方整備局【［閉鎖］東京湾岸道路調査事務所】,0,,,0,,https://www2.njss.info/organizations/proc/1024,2026-08-02,千葉県,国・省庁,1
国土交通省(MLIT) 東北地方整備局 【［閉鎖］東北幹線道路調査事務所】,0,,,0,,https://www2.njss.info/organizations/proc/1080,2026-08-02,宮城県,国・省庁,1
労働者健康安全機構 青森産業保健総合支援センター,0,,,0,,https://www2.njss.info/organizations/proc/1495,2026-08-02,青森県,国・省庁,0
労働者健康安全機構 埼玉産業保健総合支援センター,0,,,0,,https://www2.njss.info/organizations/proc/1504,2026-08-02,埼玉県,国・省庁,0
労働者健康安全機構 神奈川産業保健総合支援センター,0,,,0,,https://www2.njss.info/organizations/proc/1507,2026-08-02,神奈川県,国・省庁,0
労働者健康安全機構 岐阜産業保健総合支援センター,0,,,0,,https://www2.njss.info/organizations/proc/1513,2026-08-02,岐阜県,国・省庁,0
労働者健康安全機構 島根産業保健総合支援センター,0,,,0,,https://www2.njss.info/organizations/proc/1524,2026-08-02,島根県,国・省庁,0
労働者健康安全機構 佐賀産業保健総合支援センター,0,,,0,,https://www2.njss.info/organizations/proc/1533,2026-08-02,佐賀県,国・省庁,0
労働者健康安全機構 熊本産業保健総合支援センター,0,,,0,,https://www2.njss.info/organizations/proc/1535,2026-08-02,熊本県,国・省庁,0
労働者健康安全機構 労災リハビリテーション福岡作業所,0,,,0,,https://www2.njss.info/organizations/proc/1883,2026-08-02,福岡県,国・省庁,0
日本赤十字社 大津赤十字志賀病院,0,,,0,,https://www2.njss.info/organizations/proc/1884,2026-08-02,滋賀県,国・省庁,0
日本赤十字社 神戸赤十字病院附属須磨診療所,0,,,0,,https://www2.njss.info/organizations/proc/1885,2026-08-02,兵庫県,国・省庁,0
沖縄振興開発金融公庫 東京本部,0,,,0,,https://www2.njss.info/organizations/proc/1886,2026-08-02,東京都,国・省庁,0
沖縄振興開発金融公庫 中部支店,0,,,0,,https://www2.njss.info/organizations/proc/1887,2026-08-02,沖縄県,国・省庁,0
沖縄振興開発金融公庫 北部支店,0,,,0,,https://www2.njss.info/organizations/proc/1888,2026-08-02,沖縄県,国・省庁,0
沖縄振興開発金融公庫 宮古支店,0,,,0,,https://www2.njss.info/organizations/proc/1889,2026-08-02,沖縄県,国・省庁,0
沖縄振興開発金融公庫 八重山支店,0,,,0,,https://www2.njss.info/organizations/proc/1890,2026-08-02,沖縄県,国・省庁,0
製品評価技術基盤機構(NITE) 東北支所,0,,,0,,https://www2.njss.info/organizations/proc/1891,2026-08-02,宮城県,国・省庁,0
製品評価技術基盤機構(NITE) 北関東支所,0,,,0,,https://www2.njss.info/organizations/proc/1892,2026-08-02,群馬県,国・省庁,0
製品評価技術基盤機構(NITE) 中部支所,0,,,0,,https://www2.njss.info/organizations/proc/1893,2026-08-02,愛知県,国・省庁,0
製品評価技術基盤機構(NITE) 北陸支所,0,,,0,,https://www2.njss.info/organizations/proc/1894,2026-08-02,石川県,国・省庁,0
製品評価技術基盤機構(NITE) 中国支所,0,,,0,,https://www2.njss.info/organizations/proc/1895,2026-08-02,広島県,国・省庁,0
製品評価技術基盤機構(NITE) 九州支所,0,,,0,,https://www2.njss.info/organizations/proc/1896,2026-08-02,福岡県,国・省庁,0
労働者健康安全機構 労働安全衛生総合研究所登戸地区,0,,,0,,https://www2.njss.info/organizations/proc/1897,2026-08-02,神奈川県,国・省庁,0
［閉鎖］雇用・能力開発機構 【［閉鎖］東北職業能力開発大学校】,0,,,0,,https://www2.njss.info/organizations/proc/1898,2026-08-02,宮城県,国・省庁,1
［閉鎖］雇用・能力開発機構 【［閉鎖］長野センター松本職業能力開発促進センター】,0,,,0,,https://www2.njss.info/organizations/proc/1899,2026-08-02,長野県,国・省庁,1
［閉鎖］雇用・能力開発機構 【［閉鎖］三重センター南伊勢職業能力開発促進センター】,0,,,0,,https://www2.njss.info/organizations/proc/1900,2026-08-02,三重県,国・省庁,1
［閉鎖］雇用・能力開発機構 【［閉鎖］長崎センター佐世保職業能力開発促進センター】,0,,,0,,https://www2.njss.info/organizations/proc/1901,2026-08-02,長崎県,国・省庁,1
［閉鎖］雇用・能力開発機構 【［閉鎖］宮崎センター延岡職業能力開発促進センター】,0,,,0,,https://www2.njss.info/organizations/proc/1902,2026-08-02,宮崎県,国・省庁,1
東日本高速道路株式会社(NEXCO) 北海道支社 苫小牧管理事務所,0,,,0,,https://www2.njss.info/organizations/proc/1905,2026-08-02,北海道,国・省庁,0
東日本高速道路株式会社(NEXCO) 北海道支社 岩見沢管理事務所,0,,,0,,https://www2.njss.info/organizations/proc/1907,2026-08-02,北海道,国・省庁,0
東日本高速道路株式会社(NEXCO) 北海道支社 函館工事事務所,0,,,0,,https://www2.njss.info/organizations/proc/1909,2026-08-02,北海道,国・省庁,0
東日本高速道路株式会社(NEXCO) 北海道支社 小樽工事事務所,0,,,0,,https://www2.njss.info/organizations/proc/1910,2026-08-02,北海道,国・省庁,0
東日本高速道路株式会社(NEXCO) 北海道支社 千歳工事事務所,0,,,0,,https://www2.njss.info/organizations/proc/1911,2026-08-02,北海道,国・省庁,0
東日本高速道路株式会社(NEXCO) 北海道支社 帯広工事事務所,0,,,0,,https://www2.njss.info/organizations/proc/1912,2026-08-02,北海道,国・省庁,0
東日本高速道路株式会社(NEXCO) 東北支社 古川管理事務所,0,,,0,,https://www2.njss.info/organizations/proc/1918,2026-08-02,宮城県,国・省庁,0
東日本高速道路株式会社(NEXCO) 東北支社 十和田管理事務所,0,,,0,,https://www2.njss.info/organizations/proc/1920,2026-08-02,秋田県,国・省庁,0
東日本高速道路株式会社(NEXCO) 東北支社 横手管理事務所,0,,,0,,https://www2.njss.info/organizations/proc/1921,2026-08-02,秋田県,国・省庁,0
東日本高速道路株式会社(NEXCO) 東北支社 山形工事事務所,0,,,0,,https://www2.njss.info/organizations/proc/1929,2026-08-02,山形県,国・省庁,0
東日本高速道路株式会社(NEXCO) 東北支社 鶴岡工事事務所,0,,,0,,https://www2.njss.info/organizations/proc/1930,2026-08-02,山形県,国・省庁,0
東日本高速道路株式会社(NEXCO) 東北支社 相馬工事事務所,0,,,0,,https://www2.njss.info/organizations/proc/1932,2026-08-02,福島県,国・省庁,0
東日本高速道路株式会社(NEXCO) 関東支社 那須管理事務所,0,,,0,,https://www2.njss.info/organizations/proc/1937,2026-08-02,栃木県,国・省庁,0
東日本高速道路株式会社(NEXCO) 関東支社 佐久管理事務所,0,,,0,,https://www2.njss.info/organizations/proc/1947,2026-08-02,長野県,国・省庁,0
東日本高速道路株式会社(NEXCO) 関東支社 水戸工事事務所,0,,,0,,https://www2.njss.info/organizations/proc/1948,2026-08-02,茨城県,国・省庁,0
東日本高速道路株式会社(NEXCO) 関東支社 宇都宮工事事務所,0,,,0,,https://www2.njss.info/organizations/proc/1949,2026-08-02,栃木県,国・省庁,0
東日本高速道路株式会社(NEXCO) 関東支社 木更津工事事務所,0,,,0,,https://www2.njss.info/organizations/proc/1952,2026-08-02,千葉県,国・省庁,0
東日本高速道路株式会社(NEXCO) 新潟支社 村上工事事務所,0,,,0,,https://www2.njss.info/organizations/proc/1959,2026-08-02,新潟県,国・省庁,0
東日本高速道路株式会社(NEXCO) 新潟支社 信越工事事務所,0,,,0,,https://www2.njss.info/organizations/proc/1960,2026-08-02,新潟県,国・省庁,0
首都高速道路株式会社 東京建設局,0,,,0,,https://www2.njss.info/organizations/proc/1961,2026-08-02,東京都,国・省庁,0
首都高速道路株式会社 神奈川建設局,0,,,0,,https://www2.njss.info/organizations/proc/1962,2026-08-02,神奈川県,国・省庁,0
首都高速道路株式会社 西東京管理局,0,,,0,,https://www2.njss.info/organizations/proc/1963,2026-08-02,東京都,国・省庁,0
首都高速道路株式会社 東東京管理局,0,,,0,,https://www2.njss.info/organizations/proc/1964,2026-08-02,東京都,国・省庁,0
中日本高速道路株式会社(NEXCO) 金沢支社 敦賀工事事務所,0,,,0,,https://www2.njss.info/organizations/proc/1967,2026-08-02,福井県,国・省庁,0
中日本高速道路株式会社(NEXCO) 名古屋支社 岐阜工事事務所,0,,,0,,https://www2.njss.info/organizations/proc/1968,2026-08-02,岐阜県,国・省庁,0
中日本高速道路株式会社(NEXCO) 名古屋支社 豊川工事事務所,0,,,0,,https://www2.njss.info/organizations/proc/1969,2026-08-02,愛知県,国・省庁,0
中日本高速道路株式会社(NEXCO) 名古屋支社 豊田工事事務所,0,,,0,,https://www2.njss.info/organizations/proc/1970,2026-08-02,愛知県,国・省庁,0
中日本高速道路株式会社(NEXCO) 名古屋支社 名古屋工事事務所,0,,,0,,https://www2.njss.info/organizations/proc/1971,2026-08-02,愛知県,国・省庁,0
中日本高速道路株式会社(NEXCO) 名古屋支社 四日市工事事務所,0,,,0,,https://www2.njss.info/organizations/proc/1972,2026-08-02,三重県,国・省庁,0
中日本高速道路株式会社(NEXCO) 名古屋支社 松阪工事事務所,0,,,0,,https://www2.njss.info/organizations/proc/1973,2026-08-02,三重県,国・省庁,0
中日本高速道路株式会社(NEXCO) 名古屋支社 飯田保全・サービスセンター,0,,,0,,https://www2.njss.info/organizations/proc/1974,2026-08-02,長野県,国・省庁,0
中日本高速道路株式会社(NEXCO) 金沢支社 富山保全・サービスセンター,0,,,0,,https://www2.njss.info/organizations/proc/1975,2026-08-02,富山県,国・省庁,0
中日本高速道路株式会社(NEXCO) 金沢支社 金沢保全・サービスセンター,0,,,0,,https://www2.njss.info/organizations/proc/1976,2026-08-02,石川県,国・省庁,0
中日本高速道路株式会社(NEXCO) 金沢支社 福井保全・サービスセンター,0,,,0,,https://www2.njss.info/organizations/proc/1977,2026-08-02,福井県,国・省庁,0
中日本高速道路株式会社(NEXCO) 金沢支社 敦賀保全・サービスセンター,0,,,0,,https://www2.njss.info/organizations/proc/1978,2026-08-02,福井県,国・省庁,0
中日本高速道路株式会社(NEXCO) 名古屋支社 岐阜保全・サービスセンター,0,,,0,,https://www2.njss.info/organizations/proc/1979,2026-08-02,岐阜県,国・省庁,0
中日本高速道路株式会社(NEXCO) 名古屋支社 高山保全・サービスセンター,0,,,0,,https://www2.njss.info/organizations/proc/1980,2026-08-02,岐阜県,国・省庁,0
中日本高速道路株式会社(NEXCO) 名古屋支社 多治見保全・サービスセンター,0,,,0,,https://www2.njss.info/organizations/proc/1981,2026-08-02,愛知県,国・省庁,0
中日本高速道路株式会社(NEXCO) 名古屋支社 羽島保全・サービスセンター,0,,,0,,https://www2.njss.info/organizations/proc/1982,2026-08-02,岐阜県,国・省庁,0
中日本高速道路株式会社(NEXCO) 名古屋支社 桑名保全・サービスセンター,0,,,0,,https://www2.njss.info/organizations/proc/1985,2026-08-02,三重県,国・省庁,0
中日本高速道路株式会社(NEXCO) 名古屋支社 津保全・サービスセンター,0,,,0,,https://www2.njss.info/organizations/proc/1986,2026-08-02,三重県,国・省庁,0
中日本高速道路株式会社(NEXCO) 名古屋支社 彦根保全・サービスセンター,0,,,0,,https://www2.njss.info/organizations/proc/1987,2026-08-02,滋賀県,国・省庁,0
中日本高速道路株式会社(NEXCO) 【［閉鎖］八王子支社】 【［閉鎖］八王子工事事務所】,0,,,0,,https://www2.njss.info/organizations/proc/1989,2026-08-02,東京都,国・省庁,1
中日本高速道路株式会社(NEXCO) 東京支社 厚木工事事務所,0,,,0,,https://www2.njss.info/organizations/proc/1990,2026-08-02,神奈川県,国・省庁,0
中日本高速道路株式会社(NEXCO) 東京支社 秦野工事事務所,0,,,0,,https://www2.njss.info/organizations/proc/1991,2026-08-02,神奈川県,国・省庁,0
中日本高速道路株式会社(NEXCO) 東京支社 南アルプス工事事務所,0,,,0,,https://www2.njss.info/organizations/proc/1992,2026-08-02,山梨県,国・省庁,0
中日本高速道路株式会社(NEXCO) 東京支社 沼津工事事務所,0,,,0,,https://www2.njss.info/organizations/proc/1993,2026-08-02,静岡県,国・省庁,0
中日本高速道路株式会社(NEXCO) 東京支社 富士工事事務所,0,,,0,,https://www2.njss.info/organizations/proc/1994,2026-08-02,静岡県,国・省庁,0
中日本高速道路株式会社(NEXCO) 東京支社 清水工事事務所,0,,,0,,https://www2.njss.info/organizations/proc/1995,2026-08-02,静岡県,国・省庁,0
中日本高速道路株式会社(NEXCO) 東京支社 静岡工事事務所,0,,,0,,https://www2.njss.info/organizations/proc/1996,2026-08-02,静岡県,国・省庁,0
中日本高速道路株式会社(NEXCO) 東京支社 掛川工事事務所,0,,,0,,https://www2.njss.info/organizations/proc/1997,2026-08-02,静岡県,国・省庁,0
中日本高速道路株式会社(NEXCO) 東京支社 浜松工事事務所,0,,,0,,https://www2.njss.info/organizations/proc/1998,2026-08-02,静岡県,国・省庁,0
中日本高速道路株式会社(NEXCO) 東京支社 小田原保全・サービスセンター,0,,,0,,https://www2.njss.info/organizations/proc/2000,2026-08-02,神奈川県,国・省庁,0
中日本高速道路株式会社(NEXCO) 東京支社 富士保全・サービスセンター,0,,,0,,https://www2.njss.info/organizations/proc/2002,2026-08-02,静岡県,国・省庁,0
中日本高速道路株式会社(NEXCO) 東京支社 静岡保全・サービスセンター,0,,,0,,https://www2.njss.info/organizations/proc/2003,2026-08-02,静岡県,国・省庁,0
中日本高速道路株式会社(NEXCO) 東京支社 袋井保全・サービスセンター,0,,,0,,https://www2.njss.info/organizations/proc/2004,2026-08-02,静岡県,国・省庁,0
中日本高速道路株式会社(NEXCO) 【［閉鎖］八王子支社】 【［閉鎖］八王子保全・サービスセンター】,0,,,0,,https://www2.njss.info/organizations/proc/2006,2026-08-02,東京都,国・省庁,1
中日本高速道路株式会社(NEXCO) 【［閉鎖］八王子支社】 【［閉鎖］大月保全・サービスセンター】,0,,,0,,https://www2.njss.info/organizations/proc/2007,2026-08-02,山梨県,国・省庁,1
中日本高速道路株式会社(NEXCO) 【［閉鎖］八王子支社】 【［閉鎖］甲府保全・サービスセンター】,0,,,0,,https://www2.njss.info/organizations/proc/2008,2026-08-02,山梨県,国・省庁,1
中日本高速道路株式会社(NEXCO) 【［閉鎖］八王子支社】 【［閉鎖］松本保全・サービスセンター】,0,,,0,,https://www2.njss.info/organizations/proc/2009,2026-08-02,長野県,国・省庁,1
西日本高速道路株式会社(NEXCO) 関西支社 茨木管理事務所,0,,,0,,https://www2.njss.info/organizations/proc/2015,2026-08-02,大阪府,国・省庁,0
西日本高速道路株式会社(NEXCO) 関西支社 枚方工事事務所,0,,,0,,https://www2.njss.info/organizations/proc/2022,2026-08-02,大阪府,国・省庁,0
西日本高速道路株式会社(NEXCO) 関西支社 大阪工事事務所,0,,,0,,https://www2.njss.info/organizations/proc/2023,2026-08-02,大阪府,国・省庁,0
西日本高速道路株式会社(NEXCO) 関西支社 田辺工事事務所,0,,,0,,https://www2.njss.info/organizations/proc/2026,2026-08-02,和歌山県,国・省庁,0
西日本高速道路株式会社(NEXCO) 関西支社 兵庫工事事務所,0,,,0,,https://www2.njss.info/organizations/proc/2027,2026-08-02,兵庫県,国・省庁,0
西日本高速道路株式会社(NEXCO) 関西支社 大阪技術事務所,0,,,0,,https://www2.njss.info/organizations/proc/2028,2026-08-02,大阪府,国・省庁,0
西日本高速道路株式会社(NEXCO) 中国支社 浜田管理事務所,0,,,0,,https://www2.njss.info/organizations/proc/2039,2026-08-02,島根県,国・省庁,0
西日本高速道路株式会社(NEXCO) 中国支社 尾道工事事務所,0,,,0,,https://www2.njss.info/organizations/proc/2040,2026-08-02,広島県,国・省庁,0
西日本高速道路株式会社(NEXCO) 中国支社 三次工事事務所,0,,,0,,https://www2.njss.info/organizations/proc/2041,2026-08-02,広島県,国・省庁,0
西日本高速道路株式会社(NEXCO) 四国支社 高松工事事務所,0,,,0,,https://www2.njss.info/organizations/proc/2048,2026-08-02,香川県,国・省庁,0
西日本高速道路株式会社(NEXCO) 九州支社 延岡高速道路事務所,0,,,0,,https://www2.njss.info/organizations/proc/2056,2026-08-02,宮崎県,国・省庁,0
西日本高速道路株式会社(NEXCO) 九州支社 下関管理事務所,0,,,0,,https://www2.njss.info/organizations/proc/2057,2026-08-02,山口県,国・省庁,0
西日本高速道路株式会社(NEXCO) 九州支社 都城管理事務所,0,,,0,,https://www2.njss.info/organizations/proc/2059,2026-08-02,宮崎県,国・省庁,0
西日本高速道路株式会社(NEXCO) 九州支社 福岡工事事務所,0,,,0,,https://www2.njss.info/organizations/proc/2061,2026-08-02,福岡県,国・省庁,0
西日本高速道路株式会社(NEXCO) 九州支社 中津工事事務所,0,,,0,,https://www2.njss.info/organizations/proc/2062,2026-08-02,大分県,国・省庁,0
西日本高速道路株式会社(NEXCO) 九州支社 福岡技術事務所,0,,,0,,https://www2.njss.info/organizations/proc/2064,2026-08-02,福岡県,国・省庁,0
西日本高速道路株式会社(NEXCO) 東京支社,0,,,0,,https://www2.njss.info/organizations/proc/2065,2026-08-02,東京都,国・省庁,0
阪神高速道路株式会社 建設事業本部,0,,,0,,https://www2.njss.info/organizations/proc/2066,2026-08-02,大阪府,国・省庁,0
阪神高速道路株式会社 東京事務所,0,,,0,,https://www2.njss.info/organizations/proc/2067,2026-08-02,東京都,国・省庁,0
阪神高速道路株式会社 大阪建設部,0,,,0,,https://www2.njss.info/organizations/proc/2068,2026-08-02,大阪府,国・省庁,0
阪神高速道路株式会社 堺建設部,0,,,0,,https://www2.njss.info/organizations/proc/2069,2026-08-02,大阪府,国・省庁,0
阪神高速道路株式会社 神戸建設部,0,,,0,,https://www2.njss.info/organizations/proc/2070,2026-08-02,兵庫県,国・省庁,0
阪神高速道路株式会社 大阪管理部,0,,,0,,https://www2.njss.info/organizations/proc/2071,2026-08-02,大阪府,国・省庁,0
阪神高速道路株式会社 神戸管理部,0,,,0,,https://www2.njss.info/organizations/proc/2072,2026-08-02,兵庫県,国・省庁,0
阪神高速道路株式会社 京都事業部,0,,,0,,https://www2.njss.info/organizations/proc/2073,2026-08-02,京都府,国・省庁,0
本州四国連絡高速道路株式会社 東京事務所,0,,,0,,https://www2.njss.info/organizations/proc/2080,2026-08-02,東京都,国・省庁,0
鉄道建設・運輸施設整備支援機構(JRTT) 鉄道建設本部東京支社,0,,,0,,https://www2.njss.info/organizations/proc/2083,2026-08-02,東京都,国・省庁,0
鉄道建設・運輸施設整備支援機構(JRTT) 鉄道建設本部大阪支社,0,,,0,,https://www2.njss.info/organizations/proc/2084,2026-08-02,大阪府,国・省庁,0
鉄道建設・運輸施設整備支援機構(JRTT) 北海道新幹線建設局,0,,,0,,https://www2.njss.info/organizations/proc/2085,2026-08-02,北海道,国・省庁,0
鉄道建設・運輸施設整備支援機構(JRTT) 東北新幹線建設局,0,,,0,,https://www2.njss.info/organizations/proc/2086,2026-08-02,岩手県,国・省庁,0
鉄道建設・運輸施設整備支援機構(JRTT) 北陸新幹線建設局,0,,,0,,https://www2.njss.info/organizations/proc/2087,2026-08-02,長野県,国・省庁,0
鉄道建設・運輸施設整備支援機構(JRTT) 北陸新幹線第二建設局,0,,,0,,https://www2.njss.info/organizations/proc/2088,2026-08-02,富山県,国・省庁,0
鉄道建設・運輸施設整備支援機構(JRTT) 九州新幹線建設局,0,,,0,,https://www2.njss.info/organizations/proc/2089,2026-08-02,福岡県,国・省庁,0
鉄道建設・運輸施設整備支援機構(JRTT) 国鉄清算事業管理部東日本支社,0,,,0,,https://www2.njss.info/organizations/proc/2090,2026-08-02,埼玉県,国・省庁,0
鉄道建設・運輸施設整備支援機構(JRTT) 国鉄清算事業管理部西日本支社,0,,,0,,https://www2.njss.info/organizations/proc/2091,2026-08-02,大阪府,国・省庁,0
自動車技術総合機構 自動車検査 中央実習センター,0,,,0,,https://www2.njss.info/organizations/proc/2092,2026-08-02,東京都,国・省庁,0
自動車技術総合機構 北海道検査部,0,,,0,,https://www2.njss.info/organizations/proc/2093,2026-08-02,北海道,国・省庁,0
自動車技術総合機構 東北検査部,0,,,0,,https://www2.njss.info/organizations/proc/2094,2026-08-02,宮城県,国・省庁,0
自動車技術総合機構 関東検査部,0,,,0,,https://www2.njss.info/organizations/proc/2095,2026-08-02,東京都,国・省庁,0
自動車技術総合機構 北陸信越検査部,0,,,0,,https://www2.njss.info/organizations/proc/2096,2026-08-02,新潟県,国・省庁,0
自動車技術総合機構 中部検査部,0,,,0,,https://www2.njss.info/organizations/proc/2097,2026-08-02,愛知県,国・省庁,0
自動車技術総合機構 近畿検査部,0,,,0,,https://www2.njss.info/organizations/proc/2098,2026-08-02,大阪府,国・省庁,0
自動車技術総合機構 中国検査部,0,,,0,,https://www2.njss.info/organizations/proc/2099,2026-08-02,広島県,国・省庁,0
自動車技術総合機構 四国検査部,0,,,0,,https://www2.njss.info/organizations/proc/2100,2026-08-02,香川県,国・省庁,0
自動車技術総合機構 九州検査部,0,,,0,,https://www2.njss.info/organizations/proc/2101,2026-08-02,福岡県,国・省庁,0
自動車技術総合機構 沖縄事務所,0,,,0,,https://www2.njss.info/organizations/proc/2102,2026-08-02,沖縄県,国・省庁,0
自動車事故対策機構(NASVA) 仙台主管支所,0,,,0,,https://www2.njss.info/organizations/proc/2103,2026-08-02,宮城県,国・省庁,0
自動車事故対策機構(NASVA) 新潟主管支所,0,,,0,,https://www2.njss.info/organizations/proc/2104,2026-08-02,新潟県,国・省庁,0
自動車事故対策機構(NASVA) 東京主管支所,0,,,0,,https://www2.njss.info/organizations/proc/2105,2026-08-02,東京都,国・省庁,0
自動車事故対策機構(NASVA) 名古屋主管支所,0,,,0,,https://www2.njss.info/organizations/proc/2106,2026-08-02,愛知県,国・省庁,0
自動車事故対策機構(NASVA) 大阪主管支所,0,,,0,,https://www2.njss.info/organizations/proc/2107,2026-08-02,大阪府,国・省庁,0
自動車事故対策機構(NASVA) 広島主管支所,0,,,0,,https://www2.njss.info/organizations/proc/2108,2026-08-02,広島県,国・省庁,0
自動車事故対策機構(NASVA) 高松主管支所,0,,,0,,https://www2.njss.info/organizations/proc/2109,2026-08-02,香川県,国・省庁,0
自動車事故対策機構(NASVA) 福岡主管支所,0,,,0,,https://www2.njss.info/organizations/proc/2110,2026-08-02,福岡県,国・省庁,0
造幣局(MINT) 東京支局,0,,,0,,https://www2.njss.info/organizations/proc/2111,2026-08-02,東京都,国・省庁,0
造幣局(MINT) 広島支局,0,,,0,,https://www2.njss.info/organizations/proc/2112,2026-08-02,広島県,国・省庁,0
国立印刷局 研究所,0,,,0,,https://www2.njss.info/organizations/proc/2113,2026-08-02,神奈川県,国・省庁,0
国立印刷局 王子工場,0,,,0,,https://www2.njss.info/organizations/proc/2114,2026-08-02,東京都,国・省庁,0
国立印刷局 東京工場,0,,,0,,https://www2.njss.info/organizations/proc/2115,2026-08-02,東京都,国・省庁,0
国立印刷局 【［閉鎖］虎の門工場】,0,,,0,,https://www2.njss.info/organizations/proc/2116,2026-08-02,東京都,国・省庁,1
国立印刷局 小田原工場,0,,,0,,https://www2.njss.info/organizations/proc/2117,2026-08-02,神奈川県,国・省庁,0
国立印刷局 静岡工場,0,,,0,,https://www2.njss.info/organizations/proc/2118,2026-08-02,静岡県,国・省庁,0
国立印刷局 彦根工場,0,,,0,,https://www2.njss.info/organizations/proc/2119,2026-08-02,滋賀県,国・省庁,0
国立印刷局 岡山工場,0,,,0,,https://www2.njss.info/organizations/proc/2120,2026-08-02,岡山県,国・省庁,0
日本赤十字社 青森県立はまなす医療療育センター,0,,,0,,https://www2.njss.info/organizations/proc/2121,2026-08-02,青森県,国・省庁,0
国民生活センター 東京事務所,0,,,0,,https://www2.njss.info/organizations/proc/2122,2026-08-02,東京都,国・省庁,0
北方領土問題対策協会 札幌事務所,0,,,0,,https://www2.njss.info/organizations/proc/2123,2026-08-02,北海道,国・省庁,0
日本中央競馬会(JRA) 馬事公苑,0,,,0,,https://www2.njss.info/organizations/proc/2124,2026-08-02,東京都,国・省庁,0
日本中央競馬会(JRA) 競馬学校,0,,,0,,https://www2.njss.info/organizations/proc/2125,2026-08-02,千葉県,国・省庁,0
日本中央競馬会(JRA) 美浦トレーニングセンター,0,,,0,,https://www2.njss.info/organizations/proc/2126,2026-08-02,茨城県,国・省庁,0
日本中央競馬会(JRA) 栗東トレーニングセンター,0,,,0,,https://www2.njss.info/organizations/proc/2127,2026-08-02,滋賀県,国・省庁,0
日本中央競馬会(JRA) 日高育成牧場,0,,,0,,https://www2.njss.info/organizations/proc/2128,2026-08-02,北海道,国・省庁,0
日本中央競馬会(JRA) 宮崎育成牧場,0,,,0,,https://www2.njss.info/organizations/proc/2129,2026-08-02,宮崎県,国・省庁,0
日本中央競馬会(JRA) 札幌競馬場,0,,,0,,https://www2.njss.info/organizations/proc/2130,2026-08-02,北海道,国・省庁,0
日本中央競馬会(JRA) 函館競馬場,0,,,0,,https://www2.njss.info/organizations/proc/2131,2026-08-02,北海道,国・省庁,0
日本中央競馬会(JRA) 福島競馬場,0,,,0,,https://www2.njss.info/organizations/proc/2132,2026-08-02,福島県,国・省庁,0
日本中央競馬会(JRA) 中山競馬場,0,,,0,,https://www2.njss.info/organizations/proc/2133,2026-08-02,千葉県,国・省庁,0
日本中央競馬会(JRA) 東京競馬場,0,,,0,,https://www2.njss.info/organizations/proc/2134,2026-08-02,東京都,国・省庁,0
日本中央競馬会(JRA) 新潟競馬場,0,,,0,,https://www2.njss.info/organizations/proc/2135,2026-08-02,新潟県,国・省庁,0
日本中央競馬会(JRA) 中京競馬場,0,,,0,,https://www2.njss.info/organizations/proc/2136,2026-08-02,愛知県,国・省庁,0
日本中央競馬会(JRA) 京都競馬場,0,,,0,,https://www2.njss.info/organizations/proc/2137,2026-08-02,京都府,国・省庁,0
日本中央競馬会(JRA) 阪神競馬場,0,,,0,,https://www2.njss.info/organizations/proc/2138,2026-08-02,兵庫県,国・省庁,0
日本中央競馬会(JRA) 小倉競馬場,0,,,0,,https://www2.njss.info/organizations/proc/2139,2026-08-02,福岡県,国・省庁,0
日本中央競馬会(JRA) ウインズ札幌,0,,,0,,https://www2.njss.info/organizations/proc/2140,2026-08-02,北海道,国・省庁,0
日本中央競馬会(JRA) ウインズ静内,0,,,0,,https://www2.njss.info/organizations/proc/2141,2026-08-02,北海道,国・省庁,0
日本中央競馬会(JRA) ウインズ釧路,0,,,0,,https://www2.njss.info/organizations/proc/2142,2026-08-02,北海道,国・省庁,0
日本中央競馬会(JRA) ウインズ室蘭,0,,,0,,https://www2.njss.info/organizations/proc/2143,2026-08-02,北海道,国・省庁,0
日本中央競馬会(JRA) ウインズ津軽,0,,,0,,https://www2.njss.info/organizations/proc/2144,2026-08-02,青森県,国・省庁,0
日本中央競馬会(JRA) ウインズ新白河,0,,,0,,https://www2.njss.info/organizations/proc/2145,2026-08-02,福島県,国・省庁,0
日本中央競馬会(JRA) 横手場外,0,,,0,,https://www2.njss.info/organizations/proc/2146,2026-08-02,秋田県,国・省庁,0
日本中央競馬会(JRA) 種市場外,0,,,0,,https://www2.njss.info/organizations/proc/2147,2026-08-02,岩手県,国・省庁,0
日本中央競馬会(JRA) ウインズ銀座,0,,,0,,https://www2.njss.info/organizations/proc/2148,2026-08-02,東京都,国・省庁,0
日本中央競馬会(JRA) ウインズ銀座通り,0,,,0,,https://www2.njss.info/organizations/proc/2149,2026-08-02,東京都,国・省庁,0
日本中央競馬会(JRA) ウインズ後楽園,0,,,0,,https://www2.njss.info/organizations/proc/2150,2026-08-02,東京都,国・省庁,0
日本中央競馬会(JRA) ウインズ錦糸町,0,,,0,,https://www2.njss.info/organizations/proc/2151,2026-08-02,東京都,国・省庁,0
日本中央競馬会(JRA) ウインズ浅草,0,,,0,,https://www2.njss.info/organizations/proc/2152,2026-08-02,東京都,国・省庁,0
日本中央競馬会(JRA) ウインズ新橋,0,,,0,,https://www2.njss.info/organizations/proc/2153,2026-08-02,東京都,国・省庁,0
日本中央競馬会(JRA) ウインズ汐留,0,,,0,,https://www2.njss.info/organizations/proc/2154,2026-08-02,東京都,国・省庁,0
日本中央競馬会(JRA) ウインズ新宿,0,,,0,,https://www2.njss.info/organizations/proc/2155,2026-08-02,東京都,国・省庁,0
日本中央競馬会(JRA) ウインズ渋谷,0,,,0,,https://www2.njss.info/organizations/proc/2156,2026-08-02,東京都,国・省庁,0
日本中央競馬会(JRA) ウインズ立川,0,,,0,,https://www2.njss.info/organizations/proc/2157,2026-08-02,東京都,国・省庁,0
日本中央競馬会(JRA) ウインズ横浜,0,,,0,,https://www2.njss.info/organizations/proc/2158,2026-08-02,神奈川県,国・省庁,0
日本中央競馬会(JRA) ウインズ新横浜,0,,,0,,https://www2.njss.info/organizations/proc/2159,2026-08-02,神奈川県,国・省庁,0
日本中央競馬会(JRA) ウインズ石和,0,,,0,,https://www2.njss.info/organizations/proc/2160,2026-08-02,山梨県,国・省庁,0
日本中央競馬会(JRA) エクセル田無,0,,,0,,https://www2.njss.info/organizations/proc/2161,2026-08-02,東京都,国・省庁,0
日本中央競馬会(JRA) エクセル伊勢崎,0,,,0,,https://www2.njss.info/organizations/proc/2162,2026-08-02,神奈川県,国・省庁,0
日本中央競馬会(JRA) 高崎場外,0,,,0,,https://www2.njss.info/organizations/proc/2163,2026-08-02,群馬県,国・省庁,0
日本中央競馬会(JRA) ウインズ名古屋,0,,,0,,https://www2.njss.info/organizations/proc/2164,2026-08-02,愛知県,国・省庁,0
日本中央競馬会(JRA) ウインズ京都,0,,,0,,https://www2.njss.info/organizations/proc/2165,2026-08-02,京都府,国・省庁,0
日本中央競馬会(JRA) ウインズ難波,0,,,0,,https://www2.njss.info/organizations/proc/2166,2026-08-02,大阪府,国・省庁,0
日本中央競馬会(JRA) ウインズ道頓堀,0,,,0,,https://www2.njss.info/organizations/proc/2167,2026-08-02,大阪府,国・省庁,0
日本中央競馬会(JRA) ウインズ梅田,0,,,0,,https://www2.njss.info/organizations/proc/2168,2026-08-02,大阪府,国・省庁,0
日本中央競馬会(JRA) ウインズ神戸,0,,,0,,https://www2.njss.info/organizations/proc/2169,2026-08-02,兵庫県,国・省庁,0
日本中央競馬会(JRA) 姫路場外,0,,,0,,https://www2.njss.info/organizations/proc/2170,2026-08-02,兵庫県,国・省庁,0
日本中央競馬会(JRA) ウインズ広島,0,,,0,,https://www2.njss.info/organizations/proc/2171,2026-08-02,広島県,国・省庁,0
日本中央競馬会(JRA) ウインズ米子,0,,,0,,https://www2.njss.info/organizations/proc/2172,2026-08-02,鳥取県,国・省庁,0
日本中央競馬会(JRA) ウインズ高松,0,,,0,,https://www2.njss.info/organizations/proc/2173,2026-08-02,香川県,国・省庁,0
日本中央競馬会(JRA) ウインズ八幡,0,,,0,,https://www2.njss.info/organizations/proc/2174,2026-08-02,福岡県,国・省庁,0
日本中央競馬会(JRA) ウインズ佐世保,0,,,0,,https://www2.njss.info/organizations/proc/2175,2026-08-02,長崎県,国・省庁,0
日本中央競馬会(JRA) ウインズ小郡,0,,,0,,https://www2.njss.info/organizations/proc/2176,2026-08-02,山口県,国・省庁,0
日本中央競馬会(JRA) エクセル博多,0,,,0,,https://www2.njss.info/organizations/proc/2177,2026-08-02,福岡県,国・省庁,0
日本年金機構(JPS) 北海道ブロック本部,0,,,0,,https://www2.njss.info/organizations/proc/2178,2026-08-02,北海道,国・省庁,0
日本年金機構(JPS) 東北ブロック本部,0,,,0,,https://www2.njss.info/organizations/proc/2179,2026-08-02,宮城県,国・省庁,0
日本年金機構(JPS) 北関東・信越ブロック本部,0,,,0,,https://www2.njss.info/organizations/proc/2180,2026-08-02,埼玉県,国・省庁,0
日本年金機構(JPS) 南関東ブロック本部,0,,,0,,https://www2.njss.info/organizations/proc/2181,2026-08-02,東京都,国・省庁,0
日本年金機構(JPS) 中部ブロック本部,0,,,0,,https://www2.njss.info/organizations/proc/2182,2026-08-02,愛知県,国・省庁,0
日本年金機構(JPS) 近畿ブロック本部,0,,,0,,https://www2.njss.info/organizations/proc/2183,2026-08-02,大阪府,国・省庁,0
日本年金機構(JPS) 中国ブロック本部,0,,,0,,https://www2.njss.info/organizations/proc/2184,2026-08-02,広島県,国・省庁,0
日本年金機構(JPS) 四国ブロック本部,0,,,0,,https://www2.njss.info/organizations/proc/2185,2026-08-02,香川県,国・省庁,0
日本年金機構(JPS) 九州ブロック本部,0,,,0,,https://www2.njss.info/organizations/proc/2186,2026-08-02,福岡県,国・省庁,0
日本郵政グループ〈郵便局/日本郵便/ゆうちょ銀行/かんぽ生命〉 日本郵政株式会社 北海道ファシリティセンター,0,,,0,,https://www2.njss.info/organizations/proc/2187,2026-08-02,北海道,国・省庁,0
日本郵政グループ〈郵便局/日本郵便/ゆうちょ銀行/かんぽ生命〉 日本郵政株式会社 首都圏ファシリティセンター,0,,,0,,https://www2.njss.info/organizations/proc/2188,2026-08-02,東京都,国・省庁,0
日本郵政グループ〈郵便局/日本郵便/ゆうちょ銀行/かんぽ生命〉 日本郵政株式会社 中部ファシリティセンター,0,,,0,,https://www2.njss.info/organizations/proc/2189,2026-08-02,愛知県,国・省庁,0
日本郵政グループ〈郵便局/日本郵便/ゆうちょ銀行/かんぽ生命〉 日本郵政株式会社 近畿ファシリティセンター,0,,,0,,https://www2.njss.info/organizations/proc/2190,2026-08-02,大阪府,国・省庁,0
日本郵政グループ〈郵便局/日本郵便/ゆうちょ銀行/かんぽ生命〉 日本郵政株式会社 中・四国ファシリティセンター,0,,,0,,https://www2.njss.info/organizations/proc/2191,2026-08-02,広島県,国・省庁,0
日本郵政グループ〈郵便局/日本郵便/ゆうちょ銀行/かんぽ生命〉 日本郵政株式会社 九州施設センター,0,,,0,,https://www2.njss.info/organizations/proc/2192,2026-08-02,熊本県,国・省庁,0
日本郵政グループ〈郵便局/日本郵便/ゆうちょ銀行/かんぽ生命〉 【［閉鎖］郵便局株式会社 北海道支社】,0,,,0,,https://www2.njss.info/organizations/proc/2193,2026-08-02,北海道,国・省庁,1
日本郵政グループ〈郵便局/日本郵便/ゆうちょ銀行/かんぽ生命〉 【［閉鎖］郵便局株式会社 東北支社】,0,,,0,,https://www2.njss.info/organizations/proc/2194,2026-08-02,宮城県,国・省庁,1
日本郵政グループ〈郵便局/日本郵便/ゆうちょ銀行/かんぽ生命〉 【［閉鎖］郵便局株式会社 関東支社】,0,,,0,,https://www2.njss.info/organizations/proc/2195,2026-08-02,埼玉県,国・省庁,1
日本郵政グループ〈郵便局/日本郵便/ゆうちょ銀行/かんぽ生命〉 【［閉鎖］郵便局株式会社 東京支社】,0,,,0,,https://www2.njss.info/organizations/proc/2196,2026-08-02,東京都,国・省庁,1
日本郵政グループ〈郵便局/日本郵便/ゆうちょ銀行/かんぽ生命〉 【［閉鎖］郵便局株式会社 南関東支社】,0,,,0,,https://www2.njss.info/organizations/proc/2197,2026-08-02,神奈川県,国・省庁,1
日本郵政グループ〈郵便局/日本郵便/ゆうちょ銀行/かんぽ生命〉 【［閉鎖］郵便局株式会社 信越支社】,0,,,0,,https://www2.njss.info/organizations/proc/2198,2026-08-02,長野県,国・省庁,1
日本郵政グループ〈郵便局/日本郵便/ゆうちょ銀行/かんぽ生命〉 【［閉鎖］郵便局株式会社 北陸支社】,0,,,0,,https://www2.njss.info/organizations/proc/2199,2026-08-02,石川県,国・省庁,1
日本郵政グループ〈郵便局/日本郵便/ゆうちょ銀行/かんぽ生命〉 【［閉鎖］郵便局株式会社 東海支社】,0,,,0,,https://www2.njss.info/organizations/proc/2200,2026-08-02,愛知県,国・省庁,1
日本郵政グループ〈郵便局/日本郵便/ゆうちょ銀行/かんぽ生命〉 【［閉鎖］郵便局株式会社 近畿支社】,0,,,0,,https://www2.njss.info/organizations/proc/2201,2026-08-02,大阪府,国・省庁,1
日本郵政グループ〈郵便局/日本郵便/ゆうちょ銀行/かんぽ生命〉 【［閉鎖］郵便局株式会社 中国支社】,0,,,0,,https://www2.njss.info/organizations/proc/2202,2026-08-02,広島県,国・省庁,1
日本郵政グループ〈郵便局/日本郵便/ゆうちょ銀行/かんぽ生命〉 【［閉鎖］郵便局株式会社 四国支社】,0,,,0,,https://www2.njss.info/organizations/proc/2203,2026-08-02,愛媛県,国・省庁,1
日本郵政グループ〈郵便局/日本郵便/ゆうちょ銀行/かんぽ生命〉 【［閉鎖］郵便局株式会社 九州支社】,0,,,0,,https://www2.njss.info/organizations/proc/2204,2026-08-02,熊本県,国・省庁,1
日本郵政グループ〈郵便局/日本郵便/ゆうちょ銀行/かんぽ生命〉 【［閉鎖］郵便局株式会社 沖縄支社】,0,,,0,,https://www2.njss.info/organizations/proc/2205,2026-08-02,沖縄県,国・省庁,1
日本郵政グループ〈郵便局/日本郵便/ゆうちょ銀行/かんぽ生命〉 【［閉鎖］郵便事業株式会社 北海道支社】,0,,,0,,https://www2.njss.info/organizations/proc/2206,2026-08-02,北海道,国・省庁,1
日本郵政グループ〈郵便局/日本郵便/ゆうちょ銀行/かんぽ生命〉 【［閉鎖］郵便事業株式会社 北海道支社】 【［閉鎖］札幌支店】,0,,,0,,https://www2.njss.info/organizations/proc/2207,2026-08-02,北海道,国・省庁,1
日本郵政グループ〈郵便局/日本郵便/ゆうちょ銀行/かんぽ生命〉 【［閉鎖］郵便事業株式会社 北海道支社】 【［閉鎖］函館支店】,0,,,0,,https://www2.njss.info/organizations/proc/2208,2026-08-02,北海道,国・省庁,1
日本郵政グループ〈郵便局/日本郵便/ゆうちょ銀行/かんぽ生命〉 【［閉鎖］郵便事業株式会社 北海道支社】 【［閉鎖］苫小牧支店】,0,,,0,,https://www2.njss.info/organizations/proc/2209,2026-08-02,北海道,国・省庁,1
日本郵政グループ〈郵便局/日本郵便/ゆうちょ銀行/かんぽ生命〉 【［閉鎖］郵便事業株式会社 北海道支社】 【［閉鎖］旭川東支店】,0,,,0,,https://www2.njss.info/organizations/proc/2210,2026-08-02,北海道,国・省庁,1
日本郵政グループ〈郵便局/日本郵便/ゆうちょ銀行/かんぽ生命〉 【［閉鎖］郵便事業株式会社 北海道支社】 【［閉鎖］帯広支店】,0,,,0,,https://www2.njss.info/organizations/proc/2211,2026-08-02,北海道,国・省庁,1
日本郵政グループ〈郵便局/日本郵便/ゆうちょ銀行/かんぽ生命〉 【［閉鎖］郵便事業株式会社 東北支社】,0,,,0,,https://www2.njss.info/organizations/proc/2212,2026-08-02,宮城県,国・省庁,1
日本郵政グループ〈郵便局/日本郵便/ゆうちょ銀行/かんぽ生命〉 【［閉鎖］郵便事業株式会社 東北支社】 【［閉鎖］青森西支店】,0,,,0,,https://www2.njss.info/organizations/proc/2213,2026-08-02,青森県,国・省庁,1
日本郵政グループ〈郵便局/日本郵便/ゆうちょ銀行/かんぽ生命〉 【［閉鎖］郵便事業株式会社 東北支社】 【［閉鎖］盛岡支店】,0,,,0,,https://www2.njss.info/organizations/proc/2214,2026-08-02,岩手県,国・省庁,1
日本郵政グループ〈郵便局/日本郵便/ゆうちょ銀行/かんぽ生命〉 【［閉鎖］郵便事業株式会社 東北支社】 【［閉鎖］新仙台支店】,0,,,0,,https://www2.njss.info/organizations/proc/2215,2026-08-02,宮城県,国・省庁,1
日本郵政グループ〈郵便局/日本郵便/ゆうちょ銀行/かんぽ生命〉 【［閉鎖］郵便事業株式会社 東北支社】 【［閉鎖］秋田支店】,0,,,0,,https://www2.njss.info/organizations/proc/2216,2026-08-02,秋田県,国・省庁,1
日本郵政グループ〈郵便局/日本郵便/ゆうちょ銀行/かんぽ生命〉 【［閉鎖］郵便事業株式会社 東北支社】 【［閉鎖］山形南支店】,0,,,0,,https://www2.njss.info/organizations/proc/2217,2026-08-02,山形県,国・省庁,1
日本郵政グループ〈郵便局/日本郵便/ゆうちょ銀行/かんぽ生命〉 【［閉鎖］郵便事業株式会社 東北支社】 【［閉鎖］郡山支店】,0,,,0,,https://www2.njss.info/organizations/proc/2218,2026-08-02,福島県,国・省庁,1
日本郵政グループ〈郵便局/日本郵便/ゆうちょ銀行/かんぽ生命〉 【［閉鎖］郵便事業株式会社 関東支社】,0,,,0,,https://www2.njss.info/organizations/proc/2219,2026-08-02,埼玉県,国・省庁,1
日本郵政グループ〈郵便局/日本郵便/ゆうちょ銀行/かんぽ生命〉 【［閉鎖］郵便事業株式会社 関東支社】 【［閉鎖］水戸支店】,0,,,0,,https://www2.njss.info/organizations/proc/2220,2026-08-02,茨城県,国・省庁,1
日本郵政グループ〈郵便局/日本郵便/ゆうちょ銀行/かんぽ生命〉 【［閉鎖］郵便事業株式会社 関東支社】 【［閉鎖］土浦支店】,0,,,0,,https://www2.njss.info/organizations/proc/2221,2026-08-02,茨城県,国・省庁,1
日本郵政グループ〈郵便局/日本郵便/ゆうちょ銀行/かんぽ生命〉 【［閉鎖］郵便事業株式会社 関東支社】 【［閉鎖］宇都宮東支店】,0,,,0,,https://www2.njss.info/organizations/proc/2222,2026-08-02,栃木県,国・省庁,1
日本郵政グループ〈郵便局/日本郵便/ゆうちょ銀行/かんぽ生命〉 【［閉鎖］郵便事業株式会社 関東支社】 【［閉鎖］高崎支店】,0,,,0,,https://www2.njss.info/organizations/proc/2223,2026-08-02,群馬県,国・省庁,1
日本郵政グループ〈郵便局/日本郵便/ゆうちょ銀行/かんぽ生命〉 【［閉鎖］郵便事業株式会社 関東支社】 【［閉鎖］さいたま新都心支店】,0,,,0,,https://www2.njss.info/organizations/proc/2224,2026-08-02,埼玉県,国・省庁,1
日本郵政グループ〈郵便局/日本郵便/ゆうちょ銀行/かんぽ生命〉 【［閉鎖］郵便事業株式会社 関東支社】 【［閉鎖］新越谷支店】,0,,,0,,https://www2.njss.info/organizations/proc/2225,2026-08-02,埼玉県,国・省庁,1
日本郵政グループ〈郵便局/日本郵便/ゆうちょ銀行/かんぽ生命〉 【［閉鎖］郵便事業株式会社 関東支社】 【［閉鎖］川越西支店】,0,,,0,,https://www2.njss.info/organizations/proc/2226,2026-08-02,埼玉県,国・省庁,1
日本郵政グループ〈郵便局/日本郵便/ゆうちょ銀行/かんぽ生命〉 【［閉鎖］郵便事業株式会社 関東支社】 【［閉鎖］千葉支店】,0,,,0,,https://www2.njss.info/organizations/proc/2227,2026-08-02,千葉県,国・省庁,1
日本郵政グループ〈郵便局/日本郵便/ゆうちょ銀行/かんぽ生命〉 【［閉鎖］郵便事業株式会社 関東支社】 【［閉鎖］浦安支店】,0,,,0,,https://www2.njss.info/organizations/proc/2228,2026-08-02,千葉県,国・省庁,1
日本郵政グループ〈郵便局/日本郵便/ゆうちょ銀行/かんぽ生命〉 【［閉鎖］郵便事業株式会社 東京支社】,0,,,0,,https://www2.njss.info/organizations/proc/2229,2026-08-02,東京都,国・省庁,1
日本郵政グループ〈郵便局/日本郵便/ゆうちょ銀行/かんぽ生命〉 【［閉鎖］郵便事業株式会社 東京支社】 【［閉鎖］新東京支店】,0,,,0,,https://www2.njss.info/organizations/proc/2230,2026-08-02,東京都,国・省庁,1
日本郵政グループ〈郵便局/日本郵便/ゆうちょ銀行/かんぽ生命〉 【［閉鎖］郵便事業株式会社 東京支社】 【［閉鎖］東京多摩支店】,0,,,0,,https://www2.njss.info/organizations/proc/2231,2026-08-02,東京都,国・省庁,1
日本郵政グループ〈郵便局/日本郵便/ゆうちょ銀行/かんぽ生命〉 【［閉鎖］郵便事業株式会社 南関東支社】,0,,,0,,https://www2.njss.info/organizations/proc/2232,2026-08-02,神奈川県,国・省庁,1
日本郵政グループ〈郵便局/日本郵便/ゆうちょ銀行/かんぽ生命〉 【［閉鎖］郵便事業株式会社 南関東支社】 【［閉鎖］横浜神奈川支店】,0,,,0,,https://www2.njss.info/organizations/proc/2233,2026-08-02,神奈川県,国・省庁,1
日本郵政グループ〈郵便局/日本郵便/ゆうちょ銀行/かんぽ生命〉 【［閉鎖］郵便事業株式会社 南関東支社】 【［閉鎖］川崎港支店】,0,,,0,,https://www2.njss.info/organizations/proc/2234,2026-08-02,神奈川県,国・省庁,1
日本郵政グループ〈郵便局/日本郵便/ゆうちょ銀行/かんぽ生命〉 【［閉鎖］郵便事業株式会社 南関東支社】 【［閉鎖］綾瀬支店】,0,,,0,,https://www2.njss.info/organizations/proc/2235,2026-08-02,神奈川県,国・省庁,1
日本郵政グループ〈郵便局/日本郵便/ゆうちょ銀行/かんぽ生命〉 【［閉鎖］郵便事業株式会社 南関東支社】 【［閉鎖］甲府支店】,0,,,0,,https://www2.njss.info/organizations/proc/2236,2026-08-02,山梨県,国・省庁,1
日本郵政グループ〈郵便局/日本郵便/ゆうちょ銀行/かんぽ生命〉 【［閉鎖］郵便事業株式会社 信越支社】,0,,,0,,https://www2.njss.info/organizations/proc/2237,2026-08-02,長野県,国・省庁,1
日本郵政グループ〈郵便局/日本郵便/ゆうちょ銀行/かんぽ生命〉 【［閉鎖］郵便事業株式会社 信越支社】 【［閉鎖］新潟支店】,0,,,0,,https://www2.njss.info/organizations/proc/2238,2026-08-02,新潟県,国・省庁,1
日本郵政グループ〈郵便局/日本郵便/ゆうちょ銀行/かんぽ生命〉 【［閉鎖］郵便事業株式会社 信越支社】 【［閉鎖］長岡支店】,0,,,0,,https://www2.njss.info/organizations/proc/2239,2026-08-02,新潟県,国・省庁,1
日本郵政グループ〈郵便局/日本郵便/ゆうちょ銀行/かんぽ生命〉 【［閉鎖］郵便事業株式会社 信越支社】 【［閉鎖］長野東支店】,0,,,0,,https://www2.njss.info/organizations/proc/2240,2026-08-02,長野県,国・省庁,1
日本郵政グループ〈郵便局/日本郵便/ゆうちょ銀行/かんぽ生命〉 【［閉鎖］郵便事業株式会社 信越支社】 【［閉鎖］松本南支店】,0,,,0,,https://www2.njss.info/organizations/proc/2241,2026-08-02,長野県,国・省庁,1
日本郵政グループ〈郵便局/日本郵便/ゆうちょ銀行/かんぽ生命〉 【［閉鎖］郵便事業株式会社 北陸支社】,0,,,0,,https://www2.njss.info/organizations/proc/2242,2026-08-02,石川県,国・省庁,1
日本郵政グループ〈郵便局/日本郵便/ゆうちょ銀行/かんぽ生命〉 【［閉鎖］郵便事業株式会社 北陸支社】 【［閉鎖］富山南支店】,0,,,0,,https://www2.njss.info/organizations/proc/2243,2026-08-02,富山県,国・省庁,1
日本郵政グループ〈郵便局/日本郵便/ゆうちょ銀行/かんぽ生命〉 【［閉鎖］郵便事業株式会社 北陸支社】 【［閉鎖］新金沢支店】,0,,,0,,https://www2.njss.info/organizations/proc/2244,2026-08-02,石川県,国・省庁,1
日本郵政グループ〈郵便局/日本郵便/ゆうちょ銀行/かんぽ生命〉 【［閉鎖］郵便事業株式会社 北陸支社】 【［閉鎖］福井南支店】,0,,,0,,https://www2.njss.info/organizations/proc/2245,2026-08-02,福井県,国・省庁,1
日本郵政グループ〈郵便局/日本郵便/ゆうちょ銀行/かんぽ生命〉 【［閉鎖］郵便事業株式会社 東海支社】,0,,,0,,https://www2.njss.info/organizations/proc/2246,2026-08-02,愛知県,国・省庁,1
日本郵政グループ〈郵便局/日本郵便/ゆうちょ銀行/かんぽ生命〉 【［閉鎖］郵便事業株式会社 東海支社】 【［閉鎖］岐阜支店】,0,,,0,,https://www2.njss.info/organizations/proc/2247,2026-08-02,岐阜県,国・省庁,1
日本郵政グループ〈郵便局/日本郵便/ゆうちょ銀行/かんぽ生命〉 【［閉鎖］郵便事業株式会社 東海支社】 【［閉鎖］静岡南支店】,0,,,0,,https://www2.njss.info/organizations/proc/2248,2026-08-02,静岡県,国・省庁,1
日本郵政グループ〈郵便局/日本郵便/ゆうちょ銀行/かんぽ生命〉 【［閉鎖］郵便事業株式会社 東海支社】 【［閉鎖］沼津支店】,0,,,0,,https://www2.njss.info/organizations/proc/2249,2026-08-02,静岡県,国・省庁,1
日本郵政グループ〈郵便局/日本郵便/ゆうちょ銀行/かんぽ生命〉 【［閉鎖］郵便事業株式会社 東海支社】 【［閉鎖］浜松西支店】,0,,,0,,https://www2.njss.info/organizations/proc/2250,2026-08-02,静岡県,国・省庁,1
日本郵政グループ〈郵便局/日本郵便/ゆうちょ銀行/かんぽ生命〉 【［閉鎖］郵便事業株式会社 東海支社】 【［閉鎖］名古屋神宮支店】,0,,,0,,https://www2.njss.info/organizations/proc/2251,2026-08-02,愛知県,国・省庁,1
日本郵政グループ〈郵便局/日本郵便/ゆうちょ銀行/かんぽ生命〉 【［閉鎖］郵便事業株式会社 東海支社】 【［閉鎖］豊橋南支店】,0,,,0,,https://www2.njss.info/organizations/proc/2252,2026-08-02,愛知県,国・省庁,1
日本郵政グループ〈郵便局/日本郵便/ゆうちょ銀行/かんぽ生命〉 【［閉鎖］郵便事業株式会社 東海支社】 【［閉鎖］四日市西支店】,0,,,0,,https://www2.njss.info/organizations/proc/2253,2026-08-02,三重県,国・省庁,1
日本郵政グループ〈郵便局/日本郵便/ゆうちょ銀行/かんぽ生命〉 【［閉鎖］郵便事業株式会社 近畿支社】,0,,,0,,https://www2.njss.info/organizations/proc/2254,2026-08-02,大阪府,国・省庁,1
日本郵政グループ〈郵便局/日本郵便/ゆうちょ銀行/かんぽ生命〉 【［閉鎖］郵便事業株式会社 近畿支社】 【［閉鎖］大津支店】,0,,,0,,https://www2.njss.info/organizations/proc/2255,2026-08-02,滋賀県,国・省庁,1
日本郵政グループ〈郵便局/日本郵便/ゆうちょ銀行/かんぽ生命〉 【［閉鎖］郵便事業株式会社 近畿支社】 【［閉鎖］京都支店】,0,,,0,,https://www2.njss.info/organizations/proc/2256,2026-08-02,京都府,国・省庁,1
日本郵政グループ〈郵便局/日本郵便/ゆうちょ銀行/かんぽ生命〉 【［閉鎖］郵便事業株式会社 近畿支社】 【［閉鎖］福知山支店】,0,,,0,,https://www2.njss.info/organizations/proc/2257,2026-08-02,京都府,国・省庁,1
日本郵政グループ〈郵便局/日本郵便/ゆうちょ銀行/かんぽ生命〉 【［閉鎖］郵便事業株式会社 近畿支社】 【［閉鎖］新大阪支店】,0,,,0,,https://www2.njss.info/organizations/proc/2258,2026-08-02,大阪府,国・省庁,1
日本郵政グループ〈郵便局/日本郵便/ゆうちょ銀行/かんぽ生命〉 【［閉鎖］郵便事業株式会社 近畿支社】 【［閉鎖］神戸支店】,0,,,0,,https://www2.njss.info/organizations/proc/2259,2026-08-02,兵庫県,国・省庁,1
日本郵政グループ〈郵便局/日本郵便/ゆうちょ銀行/かんぽ生命〉 【［閉鎖］郵便事業株式会社 近畿支社】 【［閉鎖］尼崎支店】,0,,,0,,https://www2.njss.info/organizations/proc/2260,2026-08-02,兵庫県,国・省庁,1
日本郵政グループ〈郵便局/日本郵便/ゆうちょ銀行/かんぽ生命〉 【［閉鎖］郵便事業株式会社 近畿支社】 【［閉鎖］姫路支店】,0,,,0,,https://www2.njss.info/organizations/proc/2261,2026-08-02,兵庫県,国・省庁,1
日本郵政グループ〈郵便局/日本郵便/ゆうちょ銀行/かんぽ生命〉 【［閉鎖］郵便事業株式会社 近畿支社】 【［閉鎖］奈良支店】,0,,,0,,https://www2.njss.info/organizations/proc/2262,2026-08-02,奈良県,国・省庁,1
日本郵政グループ〈郵便局/日本郵便/ゆうちょ銀行/かんぽ生命〉 【［閉鎖］郵便事業株式会社 近畿支社】 【［閉鎖］和歌山支店】,0,,,0,,https://www2.njss.info/organizations/proc/2263,2026-08-02,和歌山県,国・省庁,1
日本郵政グループ〈郵便局/日本郵便/ゆうちょ銀行/かんぽ生命〉 【［閉鎖］郵便事業株式会社 中国支社】,0,,,0,,https://www2.njss.info/organizations/proc/2264,2026-08-02,広島県,国・省庁,1
日本郵政グループ〈郵便局/日本郵便/ゆうちょ銀行/かんぽ生命〉 【［閉鎖］郵便事業株式会社 中国支社】 【［閉鎖］米子支店】,0,,,0,,https://www2.njss.info/organizations/proc/2265,2026-08-02,鳥取県,国・省庁,1
日本郵政グループ〈郵便局/日本郵便/ゆうちょ銀行/かんぽ生命〉 【［閉鎖］郵便事業株式会社 中国支社】 【［閉鎖］松江支店】,0,,,0,,https://www2.njss.info/organizations/proc/2266,2026-08-02,島根県,国・省庁,1
日本郵政グループ〈郵便局/日本郵便/ゆうちょ銀行/かんぽ生命〉 【［閉鎖］郵便事業株式会社 中国支社】 【［閉鎖］岡山支店】,0,,,0,,https://www2.njss.info/organizations/proc/2267,2026-08-02,岡山県,国・省庁,1
日本郵政グループ〈郵便局/日本郵便/ゆうちょ銀行/かんぽ生命〉 【［閉鎖］郵便事業株式会社 中国支社】 【［閉鎖］倉敷支店】,0,,,0,,https://www2.njss.info/organizations/proc/2268,2026-08-02,岡山県,国・省庁,1
日本郵政グループ〈郵便局/日本郵便/ゆうちょ銀行/かんぽ生命〉 【［閉鎖］郵便事業株式会社 中国支社】 【［閉鎖］広島支店】,0,,,0,,https://www2.njss.info/organizations/proc/2269,2026-08-02,広島県,国・省庁,1
日本郵政グループ〈郵便局/日本郵便/ゆうちょ銀行/かんぽ生命〉 【［閉鎖］郵便事業株式会社 中国支社】 【［閉鎖］福山東支店】,0,,,0,,https://www2.njss.info/organizations/proc/2270,2026-08-02,広島県,国・省庁,1
日本郵政グループ〈郵便局/日本郵便/ゆうちょ銀行/かんぽ生命〉 【［閉鎖］郵便事業株式会社 中国支社】 【［閉鎖］下関支店】,0,,,0,,https://www2.njss.info/organizations/proc/2271,2026-08-02,山口県,国・省庁,1
日本郵政グループ〈郵便局/日本郵便/ゆうちょ銀行/かんぽ生命〉 【［閉鎖］郵便事業株式会社 中国支社】 【［閉鎖］徳山支店】,0,,,0,,https://www2.njss.info/organizations/proc/2272,2026-08-02,山口県,国・省庁,1
日本郵政グループ〈郵便局/日本郵便/ゆうちょ銀行/かんぽ生命〉 【［閉鎖］郵便事業株式会社 四国支社】,0,,,0,,https://www2.njss.info/organizations/proc/2273,2026-08-02,愛媛県,国・省庁,1
日本郵政グループ〈郵便局/日本郵便/ゆうちょ銀行/かんぽ生命〉 【［閉鎖］郵便事業株式会社 四国支社】 【［閉鎖］徳島支店】,0,,,0,,https://www2.njss.info/organizations/proc/2274,2026-08-02,徳島県,国・省庁,1
日本郵政グループ〈郵便局/日本郵便/ゆうちょ銀行/かんぽ生命〉 【［閉鎖］郵便事業株式会社 四国支社】 【［閉鎖］高松南支店】,0,,,0,,https://www2.njss.info/organizations/proc/2275,2026-08-02,香川県,国・省庁,1
日本郵政グループ〈郵便局/日本郵便/ゆうちょ銀行/かんぽ生命〉 【［閉鎖］郵便事業株式会社 四国支社】 【［閉鎖］松山西支店】,0,,,0,,https://www2.njss.info/organizations/proc/2276,2026-08-02,愛媛県,国・省庁,1
日本郵政グループ〈郵便局/日本郵便/ゆうちょ銀行/かんぽ生命〉 【［閉鎖］郵便事業株式会社 四国支社】 【［閉鎖］高知東支店】,0,,,0,,https://www2.njss.info/organizations/proc/2277,2026-08-02,高知県,国・省庁,1
日本郵政グループ〈郵便局/日本郵便/ゆうちょ銀行/かんぽ生命〉 【［閉鎖］郵便事業株式会社 九州支社】,0,,,0,,https://www2.njss.info/organizations/proc/2278,2026-08-02,熊本県,国・省庁,1
日本郵政グループ〈郵便局/日本郵便/ゆうちょ銀行/かんぽ生命〉 【［閉鎖］郵便事業株式会社 九州支社】 【［閉鎖］北九州支店】,0,,,0,,https://www2.njss.info/organizations/proc/2279,2026-08-02,福岡県,国・省庁,1
日本郵政グループ〈郵便局/日本郵便/ゆうちょ銀行/かんぽ生命〉 【［閉鎖］郵便事業株式会社 九州支社】 【［閉鎖］新福岡支店】,0,,,0,,https://www2.njss.info/organizations/proc/2280,2026-08-02,福岡県,国・省庁,1
日本郵政グループ〈郵便局/日本郵便/ゆうちょ銀行/かんぽ生命〉 【［閉鎖］郵便事業株式会社 九州支社】 【［閉鎖］久留米東支店】,0,,,0,,https://www2.njss.info/organizations/proc/2281,2026-08-02,福岡県,国・省庁,1
日本郵政グループ〈郵便局/日本郵便/ゆうちょ銀行/かんぽ生命〉 【［閉鎖］郵便事業株式会社 九州支社】 【［閉鎖］大村支店】,0,,,0,,https://www2.njss.info/organizations/proc/2282,2026-08-02,長崎県,国・省庁,1
日本郵政グループ〈郵便局/日本郵便/ゆうちょ銀行/かんぽ生命〉 【［閉鎖］郵便事業株式会社 九州支社】 【［閉鎖］熊本北支店】,0,,,0,,https://www2.njss.info/organizations/proc/2283,2026-08-02,熊本県,国・省庁,1
日本郵政グループ〈郵便局/日本郵便/ゆうちょ銀行/かんぽ生命〉 【［閉鎖］郵便事業株式会社 九州支社】 【［閉鎖］大分東支店】,0,,,0,,https://www2.njss.info/organizations/proc/2284,2026-08-02,大分県,国・省庁,1
日本郵政グループ〈郵便局/日本郵便/ゆうちょ銀行/かんぽ生命〉 【［閉鎖］郵便事業株式会社 九州支社】 【［閉鎖］宮崎支店】,0,,,0,,https://www2.njss.info/organizations/proc/2285,2026-08-02,宮崎県,国・省庁,1
日本郵政グループ〈郵便局/日本郵便/ゆうちょ銀行/かんぽ生命〉 【［閉鎖］郵便事業株式会社 九州支社】 【［閉鎖］鹿児島支店】,0,,,0,,https://www2.njss.info/organizations/proc/2286,2026-08-02,鹿児島県,国・省庁,1
日本郵政グループ〈郵便局/日本郵便/ゆうちょ銀行/かんぽ生命〉 【［閉鎖］郵便事業株式会社 沖縄支社】,0,,,0,,https://www2.njss.info/organizations/proc/2287,2026-08-02,沖縄県,国・省庁,1
日本郵政グループ〈郵便局/日本郵便/ゆうちょ銀行/かんぽ生命〉 【［閉鎖］郵便事業株式会社 沖縄支社】 【［閉鎖］那覇支店】,0,,,0,,https://www2.njss.info/organizations/proc/2288,2026-08-02,沖縄県,国・省庁,1
日本郵政グループ〈郵便局/日本郵便/ゆうちょ銀行/かんぽ生命〉 株式会社ゆうちょ銀行 北海道エリア本部,0,,,0,,https://www2.njss.info/organizations/proc/2289,2026-08-02,北海道,国・省庁,0
日本郵政グループ〈郵便局/日本郵便/ゆうちょ銀行/かんぽ生命〉 株式会社ゆうちょ銀行 札幌支店,0,,,0,,https://www2.njss.info/organizations/proc/2290,2026-08-02,北海道,国・省庁,0
日本郵政グループ〈郵便局/日本郵便/ゆうちょ銀行/かんぽ生命〉 株式会社ゆうちょ銀行 小樽貯金事務センター,0,,,0,,https://www2.njss.info/organizations/proc/2291,2026-08-02,北海道,国・省庁,0
日本郵政グループ〈郵便局/日本郵便/ゆうちょ銀行/かんぽ生命〉 株式会社ゆうちょ銀行 東北エリア本部,0,,,0,,https://www2.njss.info/organizations/proc/2292,2026-08-02,宮城県,国・省庁,0
日本郵政グループ〈郵便局/日本郵便/ゆうちょ銀行/かんぽ生命〉 株式会社ゆうちょ銀行 仙台支店,0,,,0,,https://www2.njss.info/organizations/proc/2293,2026-08-02,宮城県,国・省庁,0
日本郵政グループ〈郵便局/日本郵便/ゆうちょ銀行/かんぽ生命〉 株式会社ゆうちょ銀行 仙台貯金事務センター,0,,,0,,https://www2.njss.info/organizations/proc/2294,2026-08-02,宮城県,国・省庁,0
日本郵政グループ〈郵便局/日本郵便/ゆうちょ銀行/かんぽ生命〉 株式会社ゆうちょ銀行 関東エリア本部,0,,,0,,https://www2.njss.info/organizations/proc/2295,2026-08-02,埼玉県,国・省庁,0
日本郵政グループ〈郵便局/日本郵便/ゆうちょ銀行/かんぽ生命〉 株式会社ゆうちょ銀行 さいたま支店,0,,,0,,https://www2.njss.info/organizations/proc/2296,2026-08-02,埼玉県,国・省庁,0
日本郵政グループ〈郵便局/日本郵便/ゆうちょ銀行/かんぽ生命〉 株式会社ゆうちょ銀行 東京貯金事務センター,0,,,0,,https://www2.njss.info/organizations/proc/2297,2026-08-02,埼玉県,国・省庁,0
日本郵政グループ〈郵便局/日本郵便/ゆうちょ銀行/かんぽ生命〉 株式会社ゆうちょ銀行 東日本貯金事務計算センター,0,,,0,,https://www2.njss.info/organizations/proc/2298,2026-08-02,千葉県,国・省庁,0
日本郵政グループ〈郵便局/日本郵便/ゆうちょ銀行/かんぽ生命〉 株式会社ゆうちょ銀行 東京エリア本部,0,,,0,,https://www2.njss.info/organizations/proc/2299,2026-08-02,東京都,国・省庁,0
日本郵政グループ〈郵便局/日本郵便/ゆうちょ銀行/かんぽ生命〉 株式会社ゆうちょ銀行,0,,,0,,https://www2.njss.info/organizations/proc/2300,2026-08-02,東京都,国・省庁,0
日本郵政グループ〈郵便局/日本郵便/ゆうちょ銀行/かんぽ生命〉 株式会社ゆうちょ銀行 横浜店,0,,,0,,https://www2.njss.info/organizations/proc/2301,2026-08-02,神奈川県,国・省庁,0
日本郵政グループ〈郵便局/日本郵便/ゆうちょ銀行/かんぽ生命〉 株式会社ゆうちょ銀行 横浜貯金事務センター,0,,,0,,https://www2.njss.info/organizations/proc/2302,2026-08-02,神奈川県,国・省庁,0
日本郵政グループ〈郵便局/日本郵便/ゆうちょ銀行/かんぽ生命〉 株式会社ゆうちょ銀行 信越エリア本部,0,,,0,,https://www2.njss.info/organizations/proc/2303,2026-08-02,長野県,国・省庁,0
日本郵政グループ〈郵便局/日本郵便/ゆうちょ銀行/かんぽ生命〉 株式会社ゆうちょ銀行 長野支店,0,,,0,,https://www2.njss.info/organizations/proc/2304,2026-08-02,長野県,国・省庁,0
日本郵政グループ〈郵便局/日本郵便/ゆうちょ銀行/かんぽ生命〉 株式会社ゆうちょ銀行 長野貯金事務センター,0,,,0,,https://www2.njss.info/organizations/proc/2305,2026-08-02,長野県,国・省庁,0
日本郵政グループ〈郵便局/日本郵便/ゆうちょ銀行/かんぽ生命〉 株式会社ゆうちょ銀行 北陸エリア本部,0,,,0,,https://www2.njss.info/organizations/proc/2306,2026-08-02,石川県,国・省庁,0
日本郵政グループ〈郵便局/日本郵便/ゆうちょ銀行/かんぽ生命〉 株式会社ゆうちょ銀行 金沢支店,0,,,0,,https://www2.njss.info/organizations/proc/2307,2026-08-02,石川県,国・省庁,0
日本郵政グループ〈郵便局/日本郵便/ゆうちょ銀行/かんぽ生命〉 株式会社ゆうちょ銀行 金沢貯金事務センター,0,,,0,,https://www2.njss.info/organizations/proc/2308,2026-08-02,石川県,国・省庁,0
日本郵政グループ〈郵便局/日本郵便/ゆうちょ銀行/かんぽ生命〉 株式会社ゆうちょ銀行 東海エリア本部,0,,,0,,https://www2.njss.info/organizations/proc/2309,2026-08-02,愛知県,国・省庁,0
日本郵政グループ〈郵便局/日本郵便/ゆうちょ銀行/かんぽ生命〉 株式会社ゆうちょ銀行 名古屋支店,0,,,0,,https://www2.njss.info/organizations/proc/2310,2026-08-02,愛知県,国・省庁,0
日本郵政グループ〈郵便局/日本郵便/ゆうちょ銀行/かんぽ生命〉 株式会社ゆうちょ銀行 名古屋貯金事務センター,0,,,0,,https://www2.njss.info/organizations/proc/2311,2026-08-02,愛知県,国・省庁,0
日本郵政グループ〈郵便局/日本郵便/ゆうちょ銀行/かんぽ生命〉 株式会社ゆうちょ銀行 近畿エリア本部,0,,,0,,https://www2.njss.info/organizations/proc/2312,2026-08-02,大阪府,国・省庁,0
日本郵政グループ〈郵便局/日本郵便/ゆうちょ銀行/かんぽ生命〉 株式会社ゆうちょ銀行 大阪支店,0,,,0,,https://www2.njss.info/organizations/proc/2313,2026-08-02,大阪府,国・省庁,0
日本郵政グループ〈郵便局/日本郵便/ゆうちょ銀行/かんぽ生命〉 株式会社ゆうちょ銀行 大阪貯金事務センター,0,,,0,,https://www2.njss.info/organizations/proc/2314,2026-08-02,大阪府,国・省庁,0
日本郵政グループ〈郵便局/日本郵便/ゆうちょ銀行/かんぽ生命〉 株式会社ゆうちょ銀行 西日本貯金事務計算センター,0,,,0,,https://www2.njss.info/organizations/proc/2315,2026-08-02,兵庫県,国・省庁,0
日本郵政グループ〈郵便局/日本郵便/ゆうちょ銀行/かんぽ生命〉 株式会社ゆうちょ銀行 中国エリア本部,0,,,0,,https://www2.njss.info/organizations/proc/2316,2026-08-02,広島県,国・省庁,0
日本郵政グループ〈郵便局/日本郵便/ゆうちょ銀行/かんぽ生命〉 株式会社ゆうちょ銀行 広島支店,0,,,0,,https://www2.njss.info/organizations/proc/2317,2026-08-02,広島県,国・省庁,0
日本郵政グループ〈郵便局/日本郵便/ゆうちょ銀行/かんぽ生命〉 株式会社ゆうちょ銀行 広島貯金事務センター,0,,,0,,https://www2.njss.info/organizations/proc/2318,2026-08-02,広島県,国・省庁,0
日本郵政グループ〈郵便局/日本郵便/ゆうちょ銀行/かんぽ生命〉 株式会社ゆうちょ銀行 四国エリア本部,0,,,0,,https://www2.njss.info/organizations/proc/2319,2026-08-02,愛媛県,国・省庁,0
日本郵政グループ〈郵便局/日本郵便/ゆうちょ銀行/かんぽ生命〉 株式会社ゆうちょ銀行 徳島貯金事務センター,0,,,0,,https://www2.njss.info/organizations/proc/2320,2026-08-02,徳島県,国・省庁,0
日本郵政グループ〈郵便局/日本郵便/ゆうちょ銀行/かんぽ生命〉 株式会社ゆうちょ銀行 松山支店,0,,,0,,https://www2.njss.info/organizations/proc/2321,2026-08-02,愛媛県,国・省庁,0
日本郵政グループ〈郵便局/日本郵便/ゆうちょ銀行/かんぽ生命〉 株式会社ゆうちょ銀行 九州エリア本部,0,,,0,,https://www2.njss.info/organizations/proc/2322,2026-08-02,熊本県,国・省庁,0
日本郵政グループ〈郵便局/日本郵便/ゆうちょ銀行/かんぽ生命〉 株式会社ゆうちょ銀行 福岡貯金事務センター,0,,,0,,https://www2.njss.info/organizations/proc/2323,2026-08-02,福岡県,国・省庁,0
日本郵政グループ〈郵便局/日本郵便/ゆうちょ銀行/かんぽ生命〉 株式会社ゆうちょ銀行 熊本支店,0,,,0,,https://www2.njss.info/organizations/proc/2324,2026-08-02,熊本県,国・省庁,0
日本郵政グループ〈郵便局/日本郵便/ゆうちょ銀行/かんぽ生命〉 株式会社ゆうちょ銀行 沖縄エリア本部,0,,,0,,https://www2.njss.info/organizations/proc/2325,2026-08-02,沖縄県,国・省庁,0
日本郵政グループ〈郵便局/日本郵便/ゆうちょ銀行/かんぽ生命〉 株式会社ゆうちょ銀行 那覇支店,0,,,0,,https://www2.njss.info/organizations/proc/2326,2026-08-02,沖縄県,国・省庁,0
日本郵政グループ〈郵便局/日本郵便/ゆうちょ銀行/かんぽ生命〉 株式会社かんぽ生命保険 札幌支店,0,,,0,,https://www2.njss.info/organizations/proc/2327,2026-08-02,北海道,国・省庁,0
日本郵政グループ〈郵便局/日本郵便/ゆうちょ銀行/かんぽ生命〉 株式会社かんぽ生命保険 函館支店,0,,,0,,https://www2.njss.info/organizations/proc/2328,2026-08-02,北海道,国・省庁,0
日本郵政グループ〈郵便局/日本郵便/ゆうちょ銀行/かんぽ生命〉 株式会社かんぽ生命保険 旭川支店,0,,,0,,https://www2.njss.info/organizations/proc/2329,2026-08-02,北海道,国・省庁,0
日本郵政グループ〈郵便局/日本郵便/ゆうちょ銀行/かんぽ生命〉 株式会社かんぽ生命保険 帯広支店,0,,,0,,https://www2.njss.info/organizations/proc/2330,2026-08-02,北海道,国・省庁,0
日本郵政グループ〈郵便局/日本郵便/ゆうちょ銀行/かんぽ生命〉 株式会社かんぽ生命保険 青森支店,0,,,0,,https://www2.njss.info/organizations/proc/2331,2026-08-02,青森県,国・省庁,0
日本郵政グループ〈郵便局/日本郵便/ゆうちょ銀行/かんぽ生命〉 株式会社かんぽ生命保険 盛岡支店,0,,,0,,https://www2.njss.info/organizations/proc/2332,2026-08-02,岩手県,国・省庁,0
日本郵政グループ〈郵便局/日本郵便/ゆうちょ銀行/かんぽ生命〉 株式会社かんぽ生命保険 仙台支店,0,,,0,,https://www2.njss.info/organizations/proc/2333,2026-08-02,宮城県,国・省庁,0
日本郵政グループ〈郵便局/日本郵便/ゆうちょ銀行/かんぽ生命〉 株式会社かんぽ生命保険 秋田支店,0,,,0,,https://www2.njss.info/organizations/proc/2334,2026-08-02,秋田県,国・省庁,0
日本郵政グループ〈郵便局/日本郵便/ゆうちょ銀行/かんぽ生命〉 株式会社かんぽ生命保険 山形支店,0,,,0,,https://www2.njss.info/organizations/proc/2335,2026-08-02,山形県,国・省庁,0
日本郵政グループ〈郵便局/日本郵便/ゆうちょ銀行/かんぽ生命〉 株式会社かんぽ生命保険 福島支店,0,,,0,,https://www2.njss.info/organizations/proc/2336,2026-08-02,福島県,国・省庁,0
日本郵政グループ〈郵便局/日本郵便/ゆうちょ銀行/かんぽ生命〉 株式会社かんぽ生命保険 土浦支店,0,,,0,,https://www2.njss.info/organizations/proc/2337,2026-08-02,茨城県,国・省庁,0
日本郵政グループ〈郵便局/日本郵便/ゆうちょ銀行/かんぽ生命〉 株式会社かんぽ生命保険 茨城支店,0,,,0,,https://www2.njss.info/organizations/proc/2338,2026-08-02,茨城県,国・省庁,0
日本郵政グループ〈郵便局/日本郵便/ゆうちょ銀行/かんぽ生命〉 株式会社かんぽ生命保険 宇都宮支店,0,,,0,,https://www2.njss.info/organizations/proc/2339,2026-08-02,栃木県,国・省庁,0
日本郵政グループ〈郵便局/日本郵便/ゆうちょ銀行/かんぽ生命〉 株式会社かんぽ生命保険 群馬支店,0,,,0,,https://www2.njss.info/organizations/proc/2340,2026-08-02,群馬県,国・省庁,0
日本郵政グループ〈郵便局/日本郵便/ゆうちょ銀行/かんぽ生命〉 株式会社かんぽ生命保険 さいたま支店,0,,,0,,https://www2.njss.info/organizations/proc/2341,2026-08-02,埼玉県,国・省庁,0
日本郵政グループ〈郵便局/日本郵便/ゆうちょ銀行/かんぽ生命〉 株式会社かんぽ生命保険 熊谷支店,0,,,0,,https://www2.njss.info/organizations/proc/2342,2026-08-02,埼玉県,国・省庁,0
日本郵政グループ〈郵便局/日本郵便/ゆうちょ銀行/かんぽ生命〉 株式会社かんぽ生命保険 川越支店,0,,,0,,https://www2.njss.info/organizations/proc/2343,2026-08-02,埼玉県,国・省庁,0
日本郵政グループ〈郵便局/日本郵便/ゆうちょ銀行/かんぽ生命〉 株式会社かんぽ生命保険 千葉支店,0,,,0,,https://www2.njss.info/organizations/proc/2344,2026-08-02,千葉県,国・省庁,0
日本郵政グループ〈郵便局/日本郵便/ゆうちょ銀行/かんぽ生命〉 株式会社かんぽ生命保険 柏支店,0,,,0,,https://www2.njss.info/organizations/proc/2345,2026-08-02,千葉県,国・省庁,0
日本郵政グループ〈郵便局/日本郵便/ゆうちょ銀行/かんぽ生命〉 株式会社かんぽ生命保険 船橋支店,0,,,0,,https://www2.njss.info/organizations/proc/2346,2026-08-02,千葉県,国・省庁,0
日本郵政グループ〈郵便局/日本郵便/ゆうちょ銀行/かんぽ生命〉 株式会社かんぽ生命保険 横浜支店,0,,,0,,https://www2.njss.info/organizations/proc/2347,2026-08-02,神奈川県,国・省庁,0
日本郵政グループ〈郵便局/日本郵便/ゆうちょ銀行/かんぽ生命〉 株式会社かんぽ生命保険 川崎支店,0,,,0,,https://www2.njss.info/organizations/proc/2348,2026-08-02,神奈川県,国・省庁,0
日本郵政グループ〈郵便局/日本郵便/ゆうちょ銀行/かんぽ生命〉 株式会社かんぽ生命保険 藤沢支店,0,,,0,,https://www2.njss.info/organizations/proc/2349,2026-08-02,神奈川県,国・省庁,0
日本郵政グループ〈郵便局/日本郵便/ゆうちょ銀行/かんぽ生命〉 株式会社かんぽ生命保険 橋本支店,0,,,0,,https://www2.njss.info/organizations/proc/2350,2026-08-02,神奈川県,国・省庁,0
日本郵政グループ〈郵便局/日本郵便/ゆうちょ銀行/かんぽ生命〉 株式会社かんぽ生命保険 山梨支店,0,,,0,,https://www2.njss.info/organizations/proc/2351,2026-08-02,山梨県,国・省庁,0
日本郵政グループ〈郵便局/日本郵便/ゆうちょ銀行/かんぽ生命〉 株式会社かんぽ生命保険 日本橋支店,0,,,0,,https://www2.njss.info/organizations/proc/2352,2026-08-02,東京都,国・省庁,0
日本郵政グループ〈郵便局/日本郵便/ゆうちょ銀行/かんぽ生命〉 株式会社かんぽ生命保険 麻布支店,0,,,0,,https://www2.njss.info/organizations/proc/2353,2026-08-02,東京都,国・省庁,0
日本郵政グループ〈郵便局/日本郵便/ゆうちょ銀行/かんぽ生命〉 株式会社かんぽ生命保険 新宿支店,0,,,0,,https://www2.njss.info/organizations/proc/2354,2026-08-02,東京都,国・省庁,0
日本郵政グループ〈郵便局/日本郵便/ゆうちょ銀行/かんぽ生命〉 株式会社かんぽ生命保険 上野支店,0,,,0,,https://www2.njss.info/organizations/proc/2355,2026-08-02,東京都,国・省庁,0
日本郵政グループ〈郵便局/日本郵便/ゆうちょ銀行/かんぽ生命〉 株式会社かんぽ生命保険 深川支店,0,,,0,,https://www2.njss.info/organizations/proc/2356,2026-08-02,東京都,国・省庁,0
日本郵政グループ〈郵便局/日本郵便/ゆうちょ銀行/かんぽ生命〉 株式会社かんぽ生命保険 大森支店,0,,,0,,https://www2.njss.info/organizations/proc/2357,2026-08-02,東京都,国・省庁,0
日本郵政グループ〈郵便局/日本郵便/ゆうちょ銀行/かんぽ生命〉 株式会社かんぽ生命保険 巣鴨支店,0,,,0,,https://www2.njss.info/organizations/proc/2358,2026-08-02,東京都,国・省庁,0
日本郵政グループ〈郵便局/日本郵便/ゆうちょ銀行/かんぽ生命〉 株式会社かんぽ生命保険 八王子支店,0,,,0,,https://www2.njss.info/organizations/proc/2359,2026-08-02,東京都,国・省庁,0
日本郵政グループ〈郵便局/日本郵便/ゆうちょ銀行/かんぽ生命〉 株式会社かんぽ生命保険 小金井支店,0,,,0,,https://www2.njss.info/organizations/proc/2360,2026-08-02,東京都,国・省庁,0
日本郵政グループ〈郵便局/日本郵便/ゆうちょ銀行/かんぽ生命〉 株式会社かんぽ生命保険 新潟支店,0,,,0,,https://www2.njss.info/organizations/proc/2361,2026-08-02,新潟県,国・省庁,0
日本郵政グループ〈郵便局/日本郵便/ゆうちょ銀行/かんぽ生命〉 株式会社かんぽ生命保険 長岡支店,0,,,0,,https://www2.njss.info/organizations/proc/2362,2026-08-02,新潟県,国・省庁,0
日本郵政グループ〈郵便局/日本郵便/ゆうちょ銀行/かんぽ生命〉 株式会社かんぽ生命保険 長野支店,0,,,0,,https://www2.njss.info/organizations/proc/2363,2026-08-02,長野県,国・省庁,0
日本郵政グループ〈郵便局/日本郵便/ゆうちょ銀行/かんぽ生命〉 株式会社かんぽ生命保険 松本支店,0,,,0,,https://www2.njss.info/organizations/proc/2364,2026-08-02,長野県,国・省庁,0
日本郵政グループ〈郵便局/日本郵便/ゆうちょ銀行/かんぽ生命〉 株式会社かんぽ生命保険 富山支店,0,,,0,,https://www2.njss.info/organizations/proc/2365,2026-08-02,富山県,国・省庁,0
日本郵政グループ〈郵便局/日本郵便/ゆうちょ銀行/かんぽ生命〉 株式会社かんぽ生命保険 高岡支店,0,,,0,,https://www2.njss.info/organizations/proc/2366,2026-08-02,富山県,国・省庁,0
日本郵政グループ〈郵便局/日本郵便/ゆうちょ銀行/かんぽ生命〉 株式会社かんぽ生命保険 金沢支店,0,,,0,,https://www2.njss.info/organizations/proc/2367,2026-08-02,石川県,国・省庁,0
日本郵政グループ〈郵便局/日本郵便/ゆうちょ銀行/かんぽ生命〉 株式会社かんぽ生命保険 福井支店,0,,,0,,https://www2.njss.info/organizations/proc/2368,2026-08-02,福井県,国・省庁,0
日本郵政グループ〈郵便局/日本郵便/ゆうちょ銀行/かんぽ生命〉 株式会社かんぽ生命保険 岐阜支店,0,,,0,,https://www2.njss.info/organizations/proc/2369,2026-08-02,岐阜県,国・省庁,0
日本郵政グループ〈郵便局/日本郵便/ゆうちょ銀行/かんぽ生命〉 株式会社かんぽ生命保険 静岡支店,0,,,0,,https://www2.njss.info/organizations/proc/2370,2026-08-02,静岡県,国・省庁,0
日本郵政グループ〈郵便局/日本郵便/ゆうちょ銀行/かんぽ生命〉 株式会社かんぽ生命保険 浜松支店,0,,,0,,https://www2.njss.info/organizations/proc/2371,2026-08-02,静岡県,国・省庁,0
日本郵政グループ〈郵便局/日本郵便/ゆうちょ銀行/かんぽ生命〉 株式会社かんぽ生命保険 名古屋支店,0,,,0,,https://www2.njss.info/organizations/proc/2372,2026-08-02,愛知県,国・省庁,0
日本郵政グループ〈郵便局/日本郵便/ゆうちょ銀行/かんぽ生命〉 株式会社かんぽ生命保険 岡崎支店,0,,,0,,https://www2.njss.info/organizations/proc/2373,2026-08-02,愛知県,国・省庁,0
日本郵政グループ〈郵便局/日本郵便/ゆうちょ銀行/かんぽ生命〉 株式会社かんぽ生命保険 春日井支店,0,,,0,,https://www2.njss.info/organizations/proc/2374,2026-08-02,愛知県,国・省庁,0
日本郵政グループ〈郵便局/日本郵便/ゆうちょ銀行/かんぽ生命〉 株式会社かんぽ生命保険 北名古屋支店,0,,,0,,https://www2.njss.info/organizations/proc/2375,2026-08-02,愛知県,国・省庁,0
日本郵政グループ〈郵便局/日本郵便/ゆうちょ銀行/かんぽ生命〉 株式会社かんぽ生命保険 四日市支店,0,,,0,,https://www2.njss.info/organizations/proc/2376,2026-08-02,三重県,国・省庁,0
日本郵政グループ〈郵便局/日本郵便/ゆうちょ銀行/かんぽ生命〉 株式会社かんぽ生命保険 大津支店,0,,,0,,https://www2.njss.info/organizations/proc/2377,2026-08-02,滋賀県,国・省庁,0
日本郵政グループ〈郵便局/日本郵便/ゆうちょ銀行/かんぽ生命〉 株式会社かんぽ生命保険 京都支店,0,,,0,,https://www2.njss.info/organizations/proc/2378,2026-08-02,京都府,国・省庁,0
日本郵政グループ〈郵便局/日本郵便/ゆうちょ銀行/かんぽ生命〉 株式会社かんぽ生命保険 大阪支店,0,,,0,,https://www2.njss.info/organizations/proc/2379,2026-08-02,大阪府,国・省庁,0
日本郵政グループ〈郵便局/日本郵便/ゆうちょ銀行/かんぽ生命〉 株式会社かんぽ生命保険 大阪南支店,0,,,0,,https://www2.njss.info/organizations/proc/2380,2026-08-02,大阪府,国・省庁,0
日本郵政グループ〈郵便局/日本郵便/ゆうちょ銀行/かんぽ生命〉 株式会社かんぽ生命保険 堺支店,0,,,0,,https://www2.njss.info/organizations/proc/2381,2026-08-02,大阪府,国・省庁,0
日本郵政グループ〈郵便局/日本郵便/ゆうちょ銀行/かんぽ生命〉 株式会社かんぽ生命保険 布施支店,0,,,0,,https://www2.njss.info/organizations/proc/2382,2026-08-02,大阪府,国・省庁,0
日本郵政グループ〈郵便局/日本郵便/ゆうちょ銀行/かんぽ生命〉 株式会社かんぽ生命保険 神戸支店,0,,,0,,https://www2.njss.info/organizations/proc/2383,2026-08-02,兵庫県,国・省庁,0
日本郵政グループ〈郵便局/日本郵便/ゆうちょ銀行/かんぽ生命〉 株式会社かんぽ生命保険 姫路支店,0,,,0,,https://www2.njss.info/organizations/proc/2384,2026-08-02,兵庫県,国・省庁,0
日本郵政グループ〈郵便局/日本郵便/ゆうちょ銀行/かんぽ生命〉 株式会社かんぽ生命保険 奈良支店,0,,,0,,https://www2.njss.info/organizations/proc/2385,2026-08-02,奈良県,国・省庁,0
日本郵政グループ〈郵便局/日本郵便/ゆうちょ銀行/かんぽ生命〉 株式会社かんぽ生命保険 和歌山支店,0,,,0,,https://www2.njss.info/organizations/proc/2386,2026-08-02,和歌山県,国・省庁,0
日本郵政グループ〈郵便局/日本郵便/ゆうちょ銀行/かんぽ生命〉 株式会社かんぽ生命保険 鳥取支店,0,,,0,,https://www2.njss.info/organizations/proc/2387,2026-08-02,鳥取県,国・省庁,0
日本郵政グループ〈郵便局/日本郵便/ゆうちょ銀行/かんぽ生命〉 株式会社かんぽ生命保険 松江支店,0,,,0,,https://www2.njss.info/organizations/proc/2388,2026-08-02,島根県,国・省庁,0
日本郵政グループ〈郵便局/日本郵便/ゆうちょ銀行/かんぽ生命〉 株式会社かんぽ生命保険 岡山支店,0,,,0,,https://www2.njss.info/organizations/proc/2389,2026-08-02,岡山県,国・省庁,0
日本郵政グループ〈郵便局/日本郵便/ゆうちょ銀行/かんぽ生命〉 株式会社かんぽ生命保険 広島支店,0,,,0,,https://www2.njss.info/organizations/proc/2390,2026-08-02,広島県,国・省庁,0
日本郵政グループ〈郵便局/日本郵便/ゆうちょ銀行/かんぽ生命〉 株式会社かんぽ生命保険 福山支店,0,,,0,,https://www2.njss.info/organizations/proc/2391,2026-08-02,広島県,国・省庁,0
日本郵政グループ〈郵便局/日本郵便/ゆうちょ銀行/かんぽ生命〉 株式会社かんぽ生命保険 防府支店,0,,,0,,https://www2.njss.info/organizations/proc/2392,2026-08-02,山口県,国・省庁,0
日本郵政グループ〈郵便局/日本郵便/ゆうちょ銀行/かんぽ生命〉 株式会社かんぽ生命保険 徳島支店,0,,,0,,https://www2.njss.info/organizations/proc/2393,2026-08-02,徳島県,国・省庁,0
日本郵政グループ〈郵便局/日本郵便/ゆうちょ銀行/かんぽ生命〉 株式会社かんぽ生命保険 高松支店,0,,,0,,https://www2.njss.info/organizations/proc/2394,2026-08-02,香川県,国・省庁,0
日本郵政グループ〈郵便局/日本郵便/ゆうちょ銀行/かんぽ生命〉 株式会社かんぽ生命保険 松山支店,0,,,0,,https://www2.njss.info/organizations/proc/2395,2026-08-02,愛媛県,国・省庁,0
日本郵政グループ〈郵便局/日本郵便/ゆうちょ銀行/かんぽ生命〉 株式会社かんぽ生命保険 高知支店,0,,,0,,https://www2.njss.info/organizations/proc/2396,2026-08-02,高知県,国・省庁,0
日本郵政グループ〈郵便局/日本郵便/ゆうちょ銀行/かんぽ生命〉 株式会社かんぽ生命保険 北九州支店,0,,,0,,https://www2.njss.info/organizations/proc/2397,2026-08-02,福岡県,国・省庁,0
日本郵政グループ〈郵便局/日本郵便/ゆうちょ銀行/かんぽ生命〉 株式会社かんぽ生命保険 福岡支店,0,,,0,,https://www2.njss.info/organizations/proc/2398,2026-08-02,福岡県,国・省庁,0
日本郵政グループ〈郵便局/日本郵便/ゆうちょ銀行/かんぽ生命〉 株式会社かんぽ生命保険 佐賀支店,0,,,0,,https://www2.njss.info/organizations/proc/2399,2026-08-02,佐賀県,国・省庁,0
日本郵政グループ〈郵便局/日本郵便/ゆうちょ銀行/かんぽ生命〉 株式会社かんぽ生命保険 長崎支店,0,,,0,,https://www2.njss.info/organizations/proc/2400,2026-08-02,長崎県,国・省庁,0
日本郵政グループ〈郵便局/日本郵便/ゆうちょ銀行/かんぽ生命〉 株式会社かんぽ生命保険 佐世保支店,0,,,0,,https://www2.njss.info/organizations/proc/2401,2026-08-02,長崎県,国・省庁,0
日本郵政グループ〈郵便局/日本郵便/ゆうちょ銀行/かんぽ生命〉 株式会社かんぽ生命保険 熊本支店,0,,,0,,https://www2.njss.info/organizations/proc/2402,2026-08-02,熊本県,国・省庁,0
日本郵政グループ〈郵便局/日本郵便/ゆうちょ銀行/かんぽ生命〉 株式会社かんぽ生命保険 大分支店,0,,,0,,https://www2.njss.info/organizations/proc/2403,2026-08-02,大分県,国・省庁,0
日本郵政グループ〈郵便局/日本郵便/ゆうちょ銀行/かんぽ生命〉 株式会社かんぽ生命保険 宮崎支店,0,,,0,,https://www2.njss.info/organizations/proc/2404,2026-08-02,宮崎県,国・省庁,0
日本郵政グループ〈郵便局/日本郵便/ゆうちょ銀行/かんぽ生命〉 株式会社かんぽ生命保険 鹿児島支店,0,,,0,,https://www2.njss.info/organizations/proc/2405,2026-08-02,鹿児島県,国・省庁,0
日本郵政グループ〈郵便局/日本郵便/ゆうちょ銀行/かんぽ生命〉 株式会社かんぽ生命保険 那覇支店,0,,,0,,https://www2.njss.info/organizations/proc/2406,2026-08-02,沖縄県,国・省庁,0
農業・食品産業技術総合研究機構(NARO) 果樹研究所 盛岡拠点,0,,,0,,https://www2.njss.info/organizations/proc/2407,2026-08-02,岩手県,国・省庁,0
農業・食品産業技術総合研究機構(NARO) 果樹研究所 興津拠点,0,,,0,,https://www2.njss.info/organizations/proc/2408,2026-08-02,静岡県,国・省庁,0
農業・食品産業技術総合研究機構(NARO) 果樹研究所 安芸津拠点,0,,,0,,https://www2.njss.info/organizations/proc/2409,2026-08-02,広島県,国・省庁,0
農業・食品産業技術総合研究機構(NARO) 果樹研究所 口之津拠点,0,,,0,,https://www2.njss.info/organizations/proc/2410,2026-08-02,長崎県,国・省庁,0
農業・食品産業技術総合研究機構(NARO) 畜産草地研究所 那須拠点,0,,,0,,https://www2.njss.info/organizations/proc/2413,2026-08-02,栃木県,国・省庁,0
農業・食品産業技術総合研究機構(NARO) 畜産草地研究所 御代田各拠点,0,,,0,,https://www2.njss.info/organizations/proc/2414,2026-08-02,長野県,国・省庁,0
農業・食品産業技術総合研究機構(NARO) 動物衛生研究所 北海道支所,0,,,0,,https://www2.njss.info/organizations/proc/2415,2026-08-02,北海道,国・省庁,0
農業・食品産業技術総合研究機構(NARO) 動物衛生研究所 海外病研究施設,0,,,0,,https://www2.njss.info/organizations/proc/2416,2026-08-02,東京都,国・省庁,0
農業・食品産業技術総合研究機構(NARO) 北海道農業研究センター 紋別拠点,0,,,0,,https://www2.njss.info/organizations/proc/2417,2026-08-02,北海道,国・省庁,0
農業・食品産業技術総合研究機構(NARO) 北海道農業研究センター 美唄拠点,0,,,0,,https://www2.njss.info/organizations/proc/2418,2026-08-02,北海道,国・省庁,0
農業・食品産業技術総合研究機構(NARO) 東北農業研究センター 大仙拠点,0,,,0,,https://www2.njss.info/organizations/proc/2419,2026-08-02,秋田県,国・省庁,0
農業・食品産業技術総合研究機構(NARO) 東北農業研究センター 福島拠点,0,,,0,,https://www2.njss.info/organizations/proc/2420,2026-08-02,福島県,国・省庁,0
農業・食品産業技術総合研究機構(NARO) 近畿中国四国農業研究センター 綾部拠点,0,,,0,,https://www2.njss.info/organizations/proc/2421,2026-08-02,京都府,国・省庁,0
農業・食品産業技術総合研究機構(NARO) 近畿中国四国農業研究センター 大田拠点,0,,,0,,https://www2.njss.info/organizations/proc/2422,2026-08-02,島根県,国・省庁,0
農業・食品産業技術総合研究機構(NARO) 近畿中国四国農業研究センター 善通寺拠点,0,,,0,,https://www2.njss.info/organizations/proc/2423,2026-08-02,香川県,国・省庁,0
農業・食品産業技術総合研究機構(NARO) 九州沖縄農業研究センター 久留米拠点,0,,,0,,https://www2.njss.info/organizations/proc/2424,2026-08-02,福岡県,国・省庁,0
農業・食品産業技術総合研究機構(NARO) 九州沖縄農業研究センター 筑後拠点,0,,,0,,https://www2.njss.info/organizations/proc/2425,2026-08-02,福岡県,国・省庁,0
農業・食品産業技術総合研究機構(NARO) 九州沖縄農業研究センター 都城拠点,0,,,0,,https://www2.njss.info/organizations/proc/2426,2026-08-02,宮崎県,国・省庁,0
農業・食品産業技術総合研究機構(NARO) 九州沖縄農業研究センター 種子島拠点,0,,,0,,https://www2.njss.info/organizations/proc/2427,2026-08-02,鹿児島県,国・省庁,0
森林研究・整備機構 森林整備センター 東北北海道整備局 札幌水源林整備事務所,0,,,0,,https://www2.njss.info/organizations/proc/2428,2026-08-02,北海道,国・省庁,0
森林研究・整備機構 森林整備センター 東北北海道整備局 青森水源林整備事務所,0,,,0,,https://www2.njss.info/organizations/proc/2429,2026-08-02,青森県,国・省庁,0
森林研究・整備機構 森林整備センター 東北北海道整備局 盛岡水源林整備事務所,0,,,0,,https://www2.njss.info/organizations/proc/2430,2026-08-02,岩手県,国・省庁,0
森林研究・整備機構 森林整備センター 東北北海道整備局 秋田水源林整備事務所,0,,,0,,https://www2.njss.info/organizations/proc/2431,2026-08-02,秋田県,国・省庁,0
森林研究・整備機構 森林整備センター 東北北海道整備局 山形水源林整備事務所,0,,,0,,https://www2.njss.info/organizations/proc/2432,2026-08-02,山形県,国・省庁,0
森林研究・整備機構 森林整備センター 関東整備局 福島水源林整備事務所,0,,,0,,https://www2.njss.info/organizations/proc/2433,2026-08-02,福島県,国・省庁,0
森林研究・整備機構 森林整備センター 関東整備局 宇都宮水源林整備事務所,0,,,0,,https://www2.njss.info/organizations/proc/2434,2026-08-02,栃木県,国・省庁,0
森林研究・整備機構 森林整備センター 関東整備局 前橋水源林整備事務所,0,,,0,,https://www2.njss.info/organizations/proc/2435,2026-08-02,群馬県,国・省庁,0
森林研究・整備機構 森林整備センター 関東整備局 新潟水源林整備事務所,0,,,0,,https://www2.njss.info/organizations/proc/2436,2026-08-02,新潟県,国・省庁,0
森林研究・整備機構 森林整備センター 関東整備局 甲府水源林整備事務所,0,,,0,,https://www2.njss.info/organizations/proc/2437,2026-08-02,山梨県,国・省庁,0
森林研究・整備機構 森林整備センター 関東整備局 静岡水源林整備事務所,0,,,0,,https://www2.njss.info/organizations/proc/2438,2026-08-02,静岡県,国・省庁,0
森林研究・整備機構 森林整備センター 中部整備局 富山水源林整備事務所,0,,,0,,https://www2.njss.info/organizations/proc/2439,2026-08-02,富山県,国・省庁,0
森林研究・整備機構 森林整備センター 中部整備局 長野水源林整備事務所,0,,,0,,https://www2.njss.info/organizations/proc/2440,2026-08-02,長野県,国・省庁,0
森林研究・整備機構 森林整備センター 中部整備局 岐阜水源林整備事務所,0,,,0,,https://www2.njss.info/organizations/proc/2441,2026-08-02,岐阜県,国・省庁,0
森林研究・整備機構 森林整備センター 中部整備局 津水源林整備事務所,0,,,0,,https://www2.njss.info/organizations/proc/2442,2026-08-02,三重県,国・省庁,0
森林研究・整備機構 森林整備センター 近畿北陸整備局 金沢水源林整備事務所,0,,,0,,https://www2.njss.info/organizations/proc/2443,2026-08-02,石川県,国・省庁,0
森林研究・整備機構 森林整備センター 近畿北陸整備局 福井水源林整備事務所,0,,,0,,https://www2.njss.info/organizations/proc/2444,2026-08-02,福井県,国・省庁,0
森林研究・整備機構 森林整備センター 近畿北陸整備局 京都水源林整備事務所,0,,,0,,https://www2.njss.info/organizations/proc/2445,2026-08-02,京都府,国・省庁,0
森林研究・整備機構 森林整備センター 近畿北陸整備局 神戸水源林整備事務所,0,,,0,,https://www2.njss.info/organizations/proc/2446,2026-08-02,兵庫県,国・省庁,0
森林研究・整備機構 森林整備センター 近畿北陸整備局 奈良水源林整備事務所,0,,,0,,https://www2.njss.info/organizations/proc/2447,2026-08-02,奈良県,国・省庁,0
森林研究・整備機構 森林整備センター 近畿北陸整備局 和歌山水源林整備事務所,0,,,0,,https://www2.njss.info/organizations/proc/2448,2026-08-02,和歌山県,国・省庁,0
森林研究・整備機構 森林整備センター 中国四国整備局 鳥取水源林整備事務所,0,,,0,,https://www2.njss.info/organizations/proc/2449,2026-08-02,鳥取県,国・省庁,0
森林研究・整備機構 森林整備センター 中国四国整備局 松江水源林整備事務所,0,,,0,,https://www2.njss.info/organizations/proc/2450,2026-08-02,島根県,国・省庁,0
森林研究・整備機構 森林整備センター 中国四国整備局 広島水源林整備事務所,0,,,0,,https://www2.njss.info/organizations/proc/2451,2026-08-02,広島県,国・省庁,0
森林研究・整備機構 森林整備センター 中国四国整備局 山口水源林整備事務所,0,,,0,,https://www2.njss.info/organizations/proc/2452,2026-08-02,山口県,国・省庁,0
森林研究・整備機構 森林整備センター 中国四国整備局 徳島水源林整備事務所,0,,,0,,https://www2.njss.info/organizations/proc/2453,2026-08-02,徳島県,国・省庁,0
森林研究・整備機構 森林整備センター 中国四国整備局 松山水源林整備事務所,0,,,0,,https://www2.njss.info/organizations/proc/2454,2026-08-02,愛媛県,国・省庁,0
森林研究・整備機構 森林整備センター 中国四国整備局 高知水源林整備事務所,0,,,0,,https://www2.njss.info/organizations/proc/2455,2026-08-02,高知県,国・省庁,0
森林研究・整備機構 森林整備センター 九州整備局 佐賀水源林整備事務所,0,,,0,,https://www2.njss.info/organizations/proc/2456,2026-08-02,佐賀県,国・省庁,0
森林研究・整備機構 森林整備センター 九州整備局 熊本水源林整備事務所,0,,,0,,https://www2.njss.info/organizations/proc/2457,2026-08-02,熊本県,国・省庁,0
森林研究・整備機構 森林整備センター 九州整備局 大分水源林整備事務所,0,,,0,,https://www2.njss.info/organizations/proc/2458,2026-08-02,大分県,国・省庁,0
森林研究・整備機構 森林整備センター 九州整備局 宮崎水源林整備事務所,0,,,0,,https://www2.njss.info/organizations/proc/2459,2026-08-02,宮崎県,国・省庁,0
森林研究・整備機構 森林整備センター 九州整備局 鹿児島水源林整備事務所,0,,,0,,https://www2.njss.info/organizations/proc/2460,2026-08-02,鹿児島県,国・省庁,0
農林水産消費安全技術センター(FAMIC) 横浜事務所,0,,,0,,https://www2.njss.info/organizations/proc/2461,2026-08-02,神奈川県,国・省庁,0
農林水産消費安全技術センター(FAMIC) 札幌センター,0,,,0,,https://www2.njss.info/organizations/proc/2462,2026-08-02,北海道,国・省庁,0
農林水産消費安全技術センター(FAMIC) 仙台センター,0,,,0,,https://www2.njss.info/organizations/proc/2463,2026-08-02,宮城県,国・省庁,0
農林水産消費安全技術センター(FAMIC) 名古屋センター,0,,,0,,https://www2.njss.info/organizations/proc/2464,2026-08-02,愛知県,国・省庁,0
農林水産消費安全技術センター(FAMIC) 神戸センター,0,,,0,,https://www2.njss.info/organizations/proc/2465,2026-08-02,兵庫県,国・省庁,0
農林水産消費安全技術センター(FAMIC) 福岡センター,0,,,0,,https://www2.njss.info/organizations/proc/2466,2026-08-02,福岡県,国・省庁,0
農業・食品産業技術総合研究機構(NARO) 【［閉鎖］種苗管理センター(NCSS)】 【［閉鎖］十勝農場】,0,,,0,,https://www2.njss.info/organizations/proc/2467,2026-08-02,北海道,国・省庁,1
農業・食品産業技術総合研究機構(NARO) 【［閉鎖］種苗管理センター(NCSS)】 【［閉鎖］上北農場】,0,,,0,,https://www2.njss.info/organizations/proc/2468,2026-08-02,青森県,国・省庁,1
農業・食品産業技術総合研究機構(NARO) 【［閉鎖］種苗管理センター(NCSS)】 【［閉鎖］嬬恋農場】,0,,,0,,https://www2.njss.info/organizations/proc/2469,2026-08-02,群馬県,国・省庁,1
農業・食品産業技術総合研究機構(NARO) 【［閉鎖］種苗管理センター(NCSS)】 【［閉鎖］八岳農場】,0,,,0,,https://www2.njss.info/organizations/proc/2470,2026-08-02,長野県,国・省庁,1
農業・食品産業技術総合研究機構(NARO) 【［閉鎖］種苗管理センター(NCSS)】 【［閉鎖］西日本農場】,0,,,0,,https://www2.njss.info/organizations/proc/2471,2026-08-02,岡山県,国・省庁,1
農業・食品産業技術総合研究機構(NARO) 【［閉鎖］種苗管理センター(NCSS)】 【［閉鎖］雲仙農場】,0,,,0,,https://www2.njss.info/organizations/proc/2472,2026-08-02,長崎県,国・省庁,1
農業・食品産業技術総合研究機構(NARO) 【［閉鎖］種苗管理センター(NCSS)】 【［閉鎖］鹿児島農場】,0,,,0,,https://www2.njss.info/organizations/proc/2473,2026-08-02,鹿児島県,国・省庁,1
農業・食品産業技術総合研究機構(NARO) 【［閉鎖］種苗管理センター(NCSS)】 【［閉鎖］沖縄農場】,0,,,0,,https://www2.njss.info/organizations/proc/2474,2026-08-02,沖縄県,国・省庁,1
農業・食品産業技術総合研究機構(NARO) 【［閉鎖］農業生物資源研究所(NIAS)】 【［閉鎖］北杜地区】,0,,,0,,https://www2.njss.info/organizations/proc/2475,2026-08-02,山梨県,国・省庁,1
国際農林水産業研究センター(JIRCAS) 熱帯・島嶼研究拠点,0,,,0,,https://www2.njss.info/organizations/proc/2476,2026-08-02,沖縄県,国・省庁,0
水産研究・教育機構 【［閉鎖］水産総合研究センター 西海区水産研究所石垣支所】,0,,,0,,https://www2.njss.info/organizations/proc/2477,2026-08-02,沖縄県,国・省庁,1
駐留軍等労働者労務管理機構(LMO) 本部横浜事務所,0,,,0,,https://www2.njss.info/organizations/proc/2478,2026-08-02,神奈川県,国・省庁,0
駐留軍等労働者労務管理機構(LMO) 三沢支部,0,,,0,,https://www2.njss.info/organizations/proc/2479,2026-08-02,青森県,国・省庁,0
駐留軍等労働者労務管理機構(LMO) 横田支部,0,,,0,,https://www2.njss.info/organizations/proc/2480,2026-08-02,東京都,国・省庁,0
駐留軍等労働者労務管理機構(LMO) 横須賀支部,0,,,0,,https://www2.njss.info/organizations/proc/2481,2026-08-02,神奈川県,国・省庁,0
駐留軍等労働者労務管理機構(LMO) 座間支部,0,,,0,,https://www2.njss.info/organizations/proc/2482,2026-08-02,神奈川県,国・省庁,0
駐留軍等労働者労務管理機構(LMO) 岩国支部,0,,,0,,https://www2.njss.info/organizations/proc/2483,2026-08-02,山口県,国・省庁,0
駐留軍等労働者労務管理機構(LMO) 佐世保支部,0,,,0,,https://www2.njss.info/organizations/proc/2484,2026-08-02,長崎県,国・省庁,0
駐留軍等労働者労務管理機構(LMO) 沖縄支部,0,,,0,,https://www2.njss.info/organizations/proc/2485,2026-08-02,沖縄県,国・省庁,0
量子科学技術研究開発機構(QST) 放射線医学総合研究所 那珂湊支所,0,,,0,,https://www2.njss.info/organizations/proc/2486,2026-08-02,茨城県,国・省庁,0
教職員支援機構(NITS) 教員研修センター 東京事務所,0,,,0,,https://www2.njss.info/organizations/proc/2487,2026-08-02,東京都,国・省庁,0
宇宙航空研究開発機構(JAXA) 調布航空宇宙センター,0,,,0,,https://www2.njss.info/organizations/proc/2488,2026-08-02,東京都,国・省庁,0
宇宙航空研究開発機構(JAXA) 相模原キャンパス,0,,,0,,https://www2.njss.info/organizations/proc/2490,2026-08-02,神奈川県,国・省庁,0
最高裁判所 東京高等裁判所 東京地方裁判所民事執行センター,0,,,0,,https://www2.njss.info/organizations/proc/2491,2026-08-02,東京都,国・省庁,0
最高裁判所 東京高等裁判所 東京地方裁判所 立川支部,0,,,0,,https://www2.njss.info/organizations/proc/2492,2026-08-02,東京都,国・省庁,0
最高裁判所 東京高等裁判所 東京家庭裁判所 立川支部,0,,,0,,https://www2.njss.info/organizations/proc/2493,2026-08-02,東京都,国・省庁,0
最高裁判所 東京高等裁判所 東京地方裁判所 立川簡易裁判所,0,,,0,,https://www2.njss.info/organizations/proc/2494,2026-08-02,東京都,国・省庁,0
最高裁判所 東京高等裁判所 東京地方裁判所 東京簡易裁判所 墨田庁舎,0,,,0,,https://www2.njss.info/organizations/proc/2495,2026-08-02,東京都,国・省庁,0
最高裁判所 東京高等裁判所 東京家庭裁判所 八丈島出張所,0,,,0,,https://www2.njss.info/organizations/proc/2496,2026-08-02,東京都,国・省庁,0
最高裁判所 東京高等裁判所 東京地方裁判所 八丈島簡易裁判所,0,,,0,,https://www2.njss.info/organizations/proc/2497,2026-08-02,東京都,国・省庁,0
最高裁判所 東京高等裁判所 東京家庭裁判所 伊豆大島出張所,0,,,0,,https://www2.njss.info/organizations/proc/2498,2026-08-02,東京都,国・省庁,0
最高裁判所 東京高等裁判所 東京地方裁判所 伊豆大島簡易裁判所,0,,,0,,https://www2.njss.info/organizations/proc/2499,2026-08-02,東京都,国・省庁,0
最高裁判所 東京高等裁判所 東京地方裁判所 新島簡易裁判所,0,,,0,,https://www2.njss.info/organizations/proc/2500,2026-08-02,東京都,国・省庁,0
最高裁判所 東京高等裁判所 東京地方裁判所 八王子簡易裁判所,0,,,0,,https://www2.njss.info/organizations/proc/2501,2026-08-02,東京都,国・省庁,0
最高裁判所 東京高等裁判所 東京地方裁判所 武蔵野簡易裁判所,0,,,0,,https://www2.njss.info/organizations/proc/2502,2026-08-02,東京都,国・省庁,0
最高裁判所 東京高等裁判所 東京地方裁判所 青梅簡易裁判所,0,,,0,,https://www2.njss.info/organizations/proc/2503,2026-08-02,東京都,国・省庁,0
最高裁判所 東京高等裁判所 東京地方裁判所 町田簡易裁判所,0,,,0,,https://www2.njss.info/organizations/proc/2504,2026-08-02,東京都,国・省庁,0
最高裁判所 東京高等裁判所 横浜家庭裁判所,0,,,0,,https://www2.njss.info/organizations/proc/2505,2026-08-02,神奈川県,国・省庁,0
最高裁判所 東京高等裁判所 横浜地方裁判所 横浜簡易裁判所,0,,,0,,https://www2.njss.info/organizations/proc/2506,2026-08-02,神奈川県,国・省庁,0
最高裁判所 東京高等裁判所 横浜地方裁判所 川崎支部,0,,,0,,https://www2.njss.info/organizations/proc/2507,2026-08-02,神奈川県,国・省庁,0
最高裁判所 東京高等裁判所 横浜家庭裁判所 川崎支部,0,,,0,,https://www2.njss.info/organizations/proc/2508,2026-08-02,神奈川県,国・省庁,0
最高裁判所 東京高等裁判所 横浜地方裁判所 川崎簡易裁判所,0,,,0,,https://www2.njss.info/organizations/proc/2509,2026-08-02,神奈川県,国・省庁,0
最高裁判所 東京高等裁判所 横浜地方裁判所 相模原支部,0,,,0,,https://www2.njss.info/organizations/proc/2510,2026-08-02,神奈川県,国・省庁,0
最高裁判所 東京高等裁判所 横浜家庭裁判所 相模原支部,0,,,0,,https://www2.njss.info/organizations/proc/2511,2026-08-02,神奈川県,国・省庁,0
最高裁判所 東京高等裁判所 横浜地方裁判所 相模原簡易裁判所,0,,,0,,https://www2.njss.info/organizations/proc/2512,2026-08-02,神奈川県,国・省庁,0
最高裁判所 東京高等裁判所 横浜地方裁判所 横須賀支部,0,,,0,,https://www2.njss.info/organizations/proc/2513,2026-08-02,神奈川県,国・省庁,0
最高裁判所 東京高等裁判所 横浜家庭裁判所 横須賀支部,0,,,0,,https://www2.njss.info/organizations/proc/2514,2026-08-02,神奈川県,国・省庁,0
最高裁判所 東京高等裁判所 横浜地方裁判所 横須賀簡易裁判所,0,,,0,,https://www2.njss.info/organizations/proc/2515,2026-08-02,神奈川県,国・省庁,0
最高裁判所 東京高等裁判所 横浜地方裁判所 小田原支部,0,,,0,,https://www2.njss.info/organizations/proc/2516,2026-08-02,神奈川県,国・省庁,0
最高裁判所 東京高等裁判所 横浜家庭裁判所 小田原支部,0,,,0,,https://www2.njss.info/organizations/proc/2517,2026-08-02,神奈川県,国・省庁,0
最高裁判所 東京高等裁判所 横浜地方裁判所 小田原簡易裁判所,0,,,0,,https://www2.njss.info/organizations/proc/2518,2026-08-02,神奈川県,国・省庁,0
最高裁判所 東京高等裁判所 横浜地方裁判所 神奈川簡易裁判所,0,,,0,,https://www2.njss.info/organizations/proc/2519,2026-08-02,神奈川県,国・省庁,0
最高裁判所 東京高等裁判所 横浜地方裁判所 保土ケ谷簡易裁判所,0,,,0,,https://www2.njss.info/organizations/proc/2520,2026-08-02,神奈川県,国・省庁,0
最高裁判所 東京高等裁判所 横浜地方裁判所 鎌倉簡易裁判所,0,,,0,,https://www2.njss.info/organizations/proc/2521,2026-08-02,神奈川県,国・省庁,0
最高裁判所 東京高等裁判所 横浜地方裁判所 藤沢簡易裁判所,0,,,0,,https://www2.njss.info/organizations/proc/2522,2026-08-02,神奈川県,国・省庁,0
最高裁判所 東京高等裁判所 横浜地方裁判所 平塚簡易裁判所,0,,,0,,https://www2.njss.info/organizations/proc/2523,2026-08-02,神奈川県,国・省庁,0
最高裁判所 東京高等裁判所 横浜地方裁判所 厚木簡易裁判所,0,,,0,,https://www2.njss.info/organizations/proc/2524,2026-08-02,神奈川県,国・省庁,0
最高裁判所 東京高等裁判所 さいたま家庭裁判所,0,,,0,,https://www2.njss.info/organizations/proc/2525,2026-08-02,埼玉県,国・省庁,0
最高裁判所 東京高等裁判所 さいたま地方裁判所 さいたま簡易裁判所,0,,,0,,https://www2.njss.info/organizations/proc/2526,2026-08-02,埼玉県,国・省庁,0
最高裁判所 東京高等裁判所 さいたま地方裁判所 越谷支部,0,,,0,,https://www2.njss.info/organizations/proc/2527,2026-08-02,埼玉県,国・省庁,0
最高裁判所 東京高等裁判所 さいたま家庭裁判所 越谷支部,0,,,0,,https://www2.njss.info/organizations/proc/2528,2026-08-02,埼玉県,国・省庁,0
最高裁判所 東京高等裁判所 さいたま地方裁判所 越谷簡易裁判所,0,,,0,,https://www2.njss.info/organizations/proc/2529,2026-08-02,埼玉県,国・省庁,0
最高裁判所 東京高等裁判所 さいたま地方裁判所 川越支部,0,,,0,,https://www2.njss.info/organizations/proc/2530,2026-08-02,埼玉県,国・省庁,0
最高裁判所 東京高等裁判所 さいたま家庭裁判所 川越支部,0,,,0,,https://www2.njss.info/organizations/proc/2531,2026-08-02,埼玉県,国・省庁,0
最高裁判所 東京高等裁判所 さいたま地方裁判所 川越簡易裁判所,0,,,0,,https://www2.njss.info/organizations/proc/2532,2026-08-02,埼玉県,国・省庁,0
最高裁判所 東京高等裁判所 さいたま地方裁判所 熊谷支部,0,,,0,,https://www2.njss.info/organizations/proc/2533,2026-08-02,埼玉県,国・省庁,0
最高裁判所 東京高等裁判所 さいたま家庭裁判所 熊谷支部,0,,,0,,https://www2.njss.info/organizations/proc/2534,2026-08-02,埼玉県,国・省庁,0
最高裁判所 東京高等裁判所 さいたま地方裁判所 熊谷簡易裁判所,0,,,0,,https://www2.njss.info/organizations/proc/2535,2026-08-02,埼玉県,国・省庁,0
最高裁判所 東京高等裁判所 さいたま地方裁判所 秩父支部,0,,,0,,https://www2.njss.info/organizations/proc/2536,2026-08-02,埼玉県,国・省庁,0
最高裁判所 東京高等裁判所 さいたま家庭裁判所 秩父支部,0,,,0,,https://www2.njss.info/organizations/proc/2537,2026-08-02,埼玉県,国・省庁,0
最高裁判所 東京高等裁判所 さいたま地方裁判所 秩父簡易裁判所,0,,,0,,https://www2.njss.info/organizations/proc/2538,2026-08-02,埼玉県,国・省庁,0
最高裁判所 東京高等裁判所 さいたま地方裁判所 川口簡易裁判所,0,,,0,,https://www2.njss.info/organizations/proc/2539,2026-08-02,埼玉県,国・省庁,0
最高裁判所 東京高等裁判所 さいたま地方裁判所 大宮簡易裁判所,0,,,0,,https://www2.njss.info/organizations/proc/2540,2026-08-02,埼玉県,国・省庁,0
最高裁判所 東京高等裁判所 さいたま家庭裁判所 久喜出張所,0,,,0,,https://www2.njss.info/organizations/proc/2541,2026-08-02,埼玉県,国・省庁,0
最高裁判所 東京高等裁判所 さいたま地方裁判所 久喜簡易裁判所,0,,,0,,https://www2.njss.info/organizations/proc/2542,2026-08-02,埼玉県,国・省庁,0
最高裁判所 東京高等裁判所 さいたま家庭裁判所 飯能出張所,0,,,0,,https://www2.njss.info/organizations/proc/2543,2026-08-02,埼玉県,国・省庁,0
最高裁判所 東京高等裁判所 さいたま地方裁判所 飯能簡易裁判所,0,,,0,,https://www2.njss.info/organizations/proc/2544,2026-08-02,埼玉県,国・省庁,0
最高裁判所 東京高等裁判所 さいたま地方裁判所 所沢簡易裁判所,0,,,0,,https://www2.njss.info/organizations/proc/2545,2026-08-02,埼玉県,国・省庁,0
最高裁判所 東京高等裁判所 さいたま地方裁判所 本庄簡易裁判所,0,,,0,,https://www2.njss.info/organizations/proc/2546,2026-08-02,埼玉県,国・省庁,0
最高裁判所 東京高等裁判所 千葉家庭裁判所,0,,,0,,https://www2.njss.info/organizations/proc/2547,2026-08-02,千葉県,国・省庁,0
最高裁判所 東京高等裁判所 千葉地方裁判所 千葉簡易裁判所,0,,,0,,https://www2.njss.info/organizations/proc/2548,2026-08-02,千葉県,国・省庁,0
最高裁判所 東京高等裁判所 千葉地方裁判所 佐倉支部,0,,,0,,https://www2.njss.info/organizations/proc/2549,2026-08-02,千葉県,国・省庁,0
最高裁判所 東京高等裁判所 千葉家庭裁判所 佐倉支部,0,,,0,,https://www2.njss.info/organizations/proc/2550,2026-08-02,千葉県,国・省庁,0
最高裁判所 東京高等裁判所 千葉地方裁判所 佐倉簡易裁判所,0,,,0,,https://www2.njss.info/organizations/proc/2551,2026-08-02,千葉県,国・省庁,0
最高裁判所 東京高等裁判所 千葉地方裁判所 一宮支部,0,,,0,,https://www2.njss.info/organizations/proc/2552,2026-08-02,千葉県,国・省庁,0
最高裁判所 東京高等裁判所 千葉家庭裁判所 一宮支部,0,,,0,,https://www2.njss.info/organizations/proc/2553,2026-08-02,千葉県,国・省庁,0
最高裁判所 東京高等裁判所 千葉地方裁判所 千葉一宮簡易裁判所,0,,,0,,https://www2.njss.info/organizations/proc/2554,2026-08-02,千葉県,国・省庁,0
最高裁判所 東京高等裁判所 千葉地方裁判所 松戸支部,0,,,0,,https://www2.njss.info/organizations/proc/2555,2026-08-02,千葉県,国・省庁,0
最高裁判所 東京高等裁判所 千葉家庭裁判所 松戸支部,0,,,0,,https://www2.njss.info/organizations/proc/2556,2026-08-02,千葉県,国・省庁,0
最高裁判所 東京高等裁判所 千葉地方裁判所 松戸簡易裁判所,0,,,0,,https://www2.njss.info/organizations/proc/2557,2026-08-02,千葉県,国・省庁,0
最高裁判所 東京高等裁判所 千葉地方裁判所 木更津支部,0,,,0,,https://www2.njss.info/organizations/proc/2558,2026-08-02,千葉県,国・省庁,0
最高裁判所 東京高等裁判所 千葉家庭裁判所 木更津支部,0,,,0,,https://www2.njss.info/organizations/proc/2559,2026-08-02,千葉県,国・省庁,0
最高裁判所 東京高等裁判所 千葉地方裁判所 木更津簡易裁判所,0,,,0,,https://www2.njss.info/organizations/proc/2560,2026-08-02,千葉県,国・省庁,0
最高裁判所 東京高等裁判所 千葉地方裁判所 館山支部,0,,,0,,https://www2.njss.info/organizations/proc/2561,2026-08-02,千葉県,国・省庁,0
最高裁判所 東京高等裁判所 千葉家庭裁判所 館山支部,0,,,0,,https://www2.njss.info/organizations/proc/2562,2026-08-02,千葉県,国・省庁,0
最高裁判所 東京高等裁判所 千葉地方裁判所 館山簡易裁判所,0,,,0,,https://www2.njss.info/organizations/proc/2563,2026-08-02,千葉県,国・省庁,0
最高裁判所 東京高等裁判所 千葉地方裁判所 八日市場支部,0,,,0,,https://www2.njss.info/organizations/proc/2564,2026-08-02,千葉県,国・省庁,0
最高裁判所 東京高等裁判所 千葉家庭裁判所 八日市場支部,0,,,0,,https://www2.njss.info/organizations/proc/2565,2026-08-02,千葉県,国・省庁,0
最高裁判所 東京高等裁判所 千葉地方裁判所 八日市場簡易裁判所,0,,,0,,https://www2.njss.info/organizations/proc/2566,2026-08-02,千葉県,国・省庁,0
最高裁判所 東京高等裁判所 千葉地方裁判所 佐原支部,0,,,0,,https://www2.njss.info/organizations/proc/2567,2026-08-02,千葉県,国・省庁,0
最高裁判所 東京高等裁判所 千葉家庭裁判所 佐原支部,0,,,0,,https://www2.njss.info/organizations/proc/2568,2026-08-02,千葉県,国・省庁,0
最高裁判所 東京高等裁判所 千葉地方裁判所 佐原簡易裁判所,0,,,0,,https://www2.njss.info/organizations/proc/2569,2026-08-02,千葉県,国・省庁,0
最高裁判所 東京高等裁判所 千葉家庭裁判所 市川出張所,0,,,0,,https://www2.njss.info/organizations/proc/2570,2026-08-02,千葉県,国・省庁,0
最高裁判所 東京高等裁判所 千葉地方裁判所 市川簡易裁判所,0,,,0,,https://www2.njss.info/organizations/proc/2571,2026-08-02,千葉県,国・省庁,0
最高裁判所 東京高等裁判所 千葉地方裁判所 銚子簡易裁判所,0,,,0,,https://www2.njss.info/organizations/proc/2572,2026-08-02,千葉県,国・省庁,0
最高裁判所 東京高等裁判所 千葉地方裁判所 東金簡易裁判所,0,,,0,,https://www2.njss.info/organizations/proc/2573,2026-08-02,千葉県,国・省庁,0
最高裁判所 東京高等裁判所 水戸家庭裁判所,0,,,0,,https://www2.njss.info/organizations/proc/2574,2026-08-02,茨城県,国・省庁,0
最高裁判所 東京高等裁判所 水戸地方裁判所 水戸簡易裁判所,0,,,0,,https://www2.njss.info/organizations/proc/2575,2026-08-02,茨城県,国・省庁,0
最高裁判所 東京高等裁判所 水戸地方裁判所 日立支部,0,,,0,,https://www2.njss.info/organizations/proc/2576,2026-08-02,茨城県,国・省庁,0
最高裁判所 東京高等裁判所 水戸家庭裁判所 日立支部,0,,,0,,https://www2.njss.info/organizations/proc/2577,2026-08-02,茨城県,国・省庁,0
最高裁判所 東京高等裁判所 水戸地方裁判所 日立簡易裁判所,0,,,0,,https://www2.njss.info/organizations/proc/2578,2026-08-02,茨城県,国・省庁,0
最高裁判所 東京高等裁判所 水戸地方裁判所 土浦支部,0,,,0,,https://www2.njss.info/organizations/proc/2579,2026-08-02,茨城県,国・省庁,0
最高裁判所 東京高等裁判所 水戸家庭裁判所 土浦支部,0,,,0,,https://www2.njss.info/organizations/proc/2580,2026-08-02,茨城県,国・省庁,0
最高裁判所 東京高等裁判所 水戸地方裁判所 土浦簡易裁判所,0,,,0,,https://www2.njss.info/organizations/proc/2581,2026-08-02,茨城県,国・省庁,0
最高裁判所 東京高等裁判所 水戸地方裁判所 龍ヶ崎支部,0,,,0,,https://www2.njss.info/organizations/proc/2582,2026-08-02,茨城県,国・省庁,0
最高裁判所 東京高等裁判所 水戸家庭裁判所 龍ヶ崎支部,0,,,0,,https://www2.njss.info/organizations/proc/2583,2026-08-02,茨城県,国・省庁,0
最高裁判所 東京高等裁判所 水戸地方裁判所 龍ケ崎簡易裁判所,0,,,0,,https://www2.njss.info/organizations/proc/2584,2026-08-02,茨城県,国・省庁,0
最高裁判所 東京高等裁判所 水戸地方裁判所 麻生支部,0,,,0,,https://www2.njss.info/organizations/proc/2585,2026-08-02,茨城県,国・省庁,0
最高裁判所 東京高等裁判所 水戸家庭裁判所 麻生支部,0,,,0,,https://www2.njss.info/organizations/proc/2586,2026-08-02,茨城県,国・省庁,0
最高裁判所 東京高等裁判所 水戸地方裁判所 麻生簡易裁判所,0,,,0,,https://www2.njss.info/organizations/proc/2587,2026-08-02,茨城県,国・省庁,0
最高裁判所 東京高等裁判所 水戸地方裁判所 下妻支部,0,,,0,,https://www2.njss.info/organizations/proc/2588,2026-08-02,茨城県,国・省庁,0
最高裁判所 東京高等裁判所 水戸家庭裁判所 下妻支部,0,,,0,,https://www2.njss.info/organizations/proc/2589,2026-08-02,茨城県,国・省庁,0
最高裁判所 東京高等裁判所 水戸地方裁判所 下妻簡易裁判所,0,,,0,,https://www2.njss.info/organizations/proc/2590,2026-08-02,茨城県,国・省庁,0
最高裁判所 東京高等裁判所 水戸地方裁判所 笠間簡易裁判所,0,,,0,,https://www2.njss.info/organizations/proc/2591,2026-08-02,茨城県,国・省庁,0
最高裁判所 東京高等裁判所 水戸地方裁判所 常陸太田簡易裁判所,0,,,0,,https://www2.njss.info/organizations/proc/2592,2026-08-02,茨城県,国・省庁,0
最高裁判所 東京高等裁判所 水戸地方裁判所 石岡簡易裁判所,0,,,0,,https://www2.njss.info/organizations/proc/2593,2026-08-02,茨城県,国・省庁,0
最高裁判所 東京高等裁判所 水戸地方裁判所 取手簡易裁判所,0,,,0,,https://www2.njss.info/organizations/proc/2594,2026-08-02,茨城県,国・省庁,0
最高裁判所 東京高等裁判所 水戸地方裁判所 下館簡易裁判所,0,,,0,,https://www2.njss.info/organizations/proc/2595,2026-08-02,茨城県,国・省庁,0
最高裁判所 東京高等裁判所 水戸地方裁判所 古河簡易裁判所,0,,,0,,https://www2.njss.info/organizations/proc/2596,2026-08-02,茨城県,国・省庁,0
最高裁判所 東京高等裁判所 宇都宮家庭裁判所,0,,,0,,https://www2.njss.info/organizations/proc/2597,2026-08-02,栃木県,国・省庁,0
最高裁判所 東京高等裁判所 宇都宮地方裁判所 宇都宮簡易裁判所,0,,,0,,https://www2.njss.info/organizations/proc/2598,2026-08-02,栃木県,国・省庁,0
最高裁判所 東京高等裁判所 宇都宮地方裁判所 真岡支部,0,,,0,,https://www2.njss.info/organizations/proc/2599,2026-08-02,栃木県,国・省庁,0
最高裁判所 東京高等裁判所 宇都宮家庭裁判所 真岡支部,0,,,0,,https://www2.njss.info/organizations/proc/2600,2026-08-02,栃木県,国・省庁,0
最高裁判所 東京高等裁判所 宇都宮地方裁判所 真岡簡易裁判所,0,,,0,,https://www2.njss.info/organizations/proc/2601,2026-08-02,栃木県,国・省庁,0
最高裁判所 東京高等裁判所 宇都宮地方裁判所 大田原支部,0,,,0,,https://www2.njss.info/organizations/proc/2602,2026-08-02,栃木県,国・省庁,0
最高裁判所 東京高等裁判所 宇都宮家庭裁判所 大田原支部,0,,,0,,https://www2.njss.info/organizations/proc/2603,2026-08-02,栃木県,国・省庁,0
最高裁判所 東京高等裁判所 宇都宮地方裁判所 大田原簡易裁判所,0,,,0,,https://www2.njss.info/organizations/proc/2604,2026-08-02,栃木県,国・省庁,0
最高裁判所 東京高等裁判所 宇都宮地方裁判所 栃木支部,0,,,0,,https://www2.njss.info/organizations/proc/2605,2026-08-02,栃木県,国・省庁,0
最高裁判所 東京高等裁判所 宇都宮家庭裁判所 栃木支部,0,,,0,,https://www2.njss.info/organizations/proc/2606,2026-08-02,栃木県,国・省庁,0
最高裁判所 東京高等裁判所 宇都宮地方裁判所 栃木簡易裁判所,0,,,0,,https://www2.njss.info/organizations/proc/2607,2026-08-02,栃木県,国・省庁,0
最高裁判所 東京高等裁判所 宇都宮地方裁判所 足利支部,0,,,0,,https://www2.njss.info/organizations/proc/2608,2026-08-02,栃木県,国・省庁,0
最高裁判所 東京高等裁判所 宇都宮家庭裁判所 足利支部,0,,,0,,https://www2.njss.info/organizations/proc/2609,2026-08-02,栃木県,国・省庁,0
最高裁判所 東京高等裁判所 宇都宮地方裁判所 足利簡易裁判所,0,,,0,,https://www2.njss.info/organizations/proc/2610,2026-08-02,栃木県,国・省庁,0
最高裁判所 東京高等裁判所 宇都宮地方裁判所 小山簡易裁判所,0,,,0,,https://www2.njss.info/organizations/proc/2611,2026-08-02,栃木県,国・省庁,0
最高裁判所 東京高等裁判所 前橋家庭裁判所,0,,,0,,https://www2.njss.info/organizations/proc/2612,2026-08-02,群馬県,国・省庁,0
最高裁判所 東京高等裁判所 前橋地方裁判所 前橋簡易裁判所,0,,,0,,https://www2.njss.info/organizations/proc/2613,2026-08-02,群馬県,国・省庁,0
最高裁判所 東京高等裁判所 前橋地方裁判所 高崎支部,0,,,0,,https://www2.njss.info/organizations/proc/2614,2026-08-02,群馬県,国・省庁,0
最高裁判所 東京高等裁判所 前橋家庭裁判所 高崎支部,0,,,0,,https://www2.njss.info/organizations/proc/2615,2026-08-02,群馬県,国・省庁,0
最高裁判所 東京高等裁判所 前橋地方裁判所 高崎簡易裁判所,0,,,0,,https://www2.njss.info/organizations/proc/2616,2026-08-02,群馬県,国・省庁,0
最高裁判所 東京高等裁判所 前橋地方裁判所 桐生支部,0,,,0,,https://www2.njss.info/organizations/proc/2617,2026-08-02,群馬県,国・省庁,0
最高裁判所 東京高等裁判所 前橋家庭裁判所 桐生支部,0,,,0,,https://www2.njss.info/organizations/proc/2618,2026-08-02,群馬県,国・省庁,0
最高裁判所 東京高等裁判所 前橋地方裁判所 桐生簡易裁判所,0,,,0,,https://www2.njss.info/organizations/proc/2619,2026-08-02,群馬県,国・省庁,0
最高裁判所 東京高等裁判所 前橋地方裁判所 太田支部,0,,,0,,https://www2.njss.info/organizations/proc/2620,2026-08-02,群馬県,国・省庁,0
最高裁判所 東京高等裁判所 前橋家庭裁判所 太田支部,0,,,0,,https://www2.njss.info/organizations/proc/2621,2026-08-02,群馬県,国・省庁,0
最高裁判所 東京高等裁判所 前橋地方裁判所 太田簡易裁判所,0,,,0,,https://www2.njss.info/organizations/proc/2622,2026-08-02,群馬県,国・省庁,0
最高裁判所 東京高等裁判所 前橋地方裁判所 沼田支部,0,,,0,,https://www2.njss.info/organizations/proc/2623,2026-08-02,群馬県,国・省庁,0
最高裁判所 東京高等裁判所 前橋家庭裁判所 沼田支部,0,,,0,,https://www2.njss.info/organizations/proc/2624,2026-08-02,群馬県,国・省庁,0
最高裁判所 東京高等裁判所 前橋地方裁判所 沼田簡易裁判所,0,,,0,,https://www2.njss.info/organizations/proc/2625,2026-08-02,群馬県,国・省庁,0
最高裁判所 東京高等裁判所 前橋地方裁判所 群馬富岡簡易裁判所,0,,,0,,https://www2.njss.info/organizations/proc/2626,2026-08-02,群馬県,国・省庁,0
最高裁判所 東京高等裁判所 前橋家庭裁判所 中之条出張所,0,,,0,,https://www2.njss.info/organizations/proc/2627,2026-08-02,群馬県,国・省庁,0
最高裁判所 東京高等裁判所 前橋地方裁判所 中之条簡易裁判所,0,,,0,,https://www2.njss.info/organizations/proc/2628,2026-08-02,群馬県,国・省庁,0
最高裁判所 東京高等裁判所 前橋地方裁判所 伊勢崎簡易裁判所,0,,,0,,https://www2.njss.info/organizations/proc/2629,2026-08-02,群馬県,国・省庁,0
最高裁判所 東京高等裁判所 前橋地方裁判所 館林簡易裁判所,0,,,0,,https://www2.njss.info/organizations/proc/2630,2026-08-02,群馬県,国・省庁,0
最高裁判所 東京高等裁判所 前橋地方裁判所 藤岡簡易裁判所,0,,,0,,https://www2.njss.info/organizations/proc/2631,2026-08-02,群馬県,国・省庁,0
最高裁判所 東京高等裁判所 静岡家庭裁判所,0,,,0,,https://www2.njss.info/organizations/proc/2632,2026-08-02,静岡県,国・省庁,0
最高裁判所 東京高等裁判所 静岡地方裁判所 静岡簡易裁判所,0,,,0,,https://www2.njss.info/organizations/proc/2633,2026-08-02,静岡県,国・省庁,0
最高裁判所 東京高等裁判所 静岡地方裁判所 沼津支部,0,,,0,,https://www2.njss.info/organizations/proc/2634,2026-08-02,静岡県,国・省庁,0
最高裁判所 東京高等裁判所 静岡家庭裁判所 沼津支部,0,,,0,,https://www2.njss.info/organizations/proc/2635,2026-08-02,静岡県,国・省庁,0
最高裁判所 東京高等裁判所 静岡地方裁判所 沼津簡易裁判所,0,,,0,,https://www2.njss.info/organizations/proc/2636,2026-08-02,静岡県,国・省庁,0
最高裁判所 東京高等裁判所 静岡地方裁判所 富士支部,0,,,0,,https://www2.njss.info/organizations/proc/2637,2026-08-02,静岡県,国・省庁,0
最高裁判所 東京高等裁判所 静岡家庭裁判所 富士支部,0,,,0,,https://www2.njss.info/organizations/proc/2638,2026-08-02,静岡県,国・省庁,0
最高裁判所 東京高等裁判所 静岡地方裁判所 富士簡易裁判所,0,,,0,,https://www2.njss.info/organizations/proc/2639,2026-08-02,静岡県,国・省庁,0
最高裁判所 東京高等裁判所 静岡地方裁判所 下田支部,0,,,0,,https://www2.njss.info/organizations/proc/2640,2026-08-02,静岡県,国・省庁,0
最高裁判所 東京高等裁判所 静岡家庭裁判所 下田支部,0,,,0,,https://www2.njss.info/organizations/proc/2641,2026-08-02,静岡県,国・省庁,0
最高裁判所 東京高等裁判所 静岡地方裁判所 下田簡易裁判所,0,,,0,,https://www2.njss.info/organizations/proc/2642,2026-08-02,静岡県,国・省庁,0
最高裁判所 東京高等裁判所 静岡地方裁判所 浜松支部,0,,,0,,https://www2.njss.info/organizations/proc/2643,2026-08-02,静岡県,国・省庁,0
最高裁判所 東京高等裁判所 静岡家庭裁判所 浜松支部,0,,,0,,https://www2.njss.info/organizations/proc/2644,2026-08-02,静岡県,国・省庁,0
最高裁判所 東京高等裁判所 静岡地方裁判所 浜松簡易裁判所,0,,,0,,https://www2.njss.info/organizations/proc/2645,2026-08-02,静岡県,国・省庁,0
最高裁判所 東京高等裁判所 静岡地方裁判所 掛川支部,0,,,0,,https://www2.njss.info/organizations/proc/2646,2026-08-02,静岡県,国・省庁,0
最高裁判所 東京高等裁判所 静岡家庭裁判所 掛川支部,0,,,0,,https://www2.njss.info/organizations/proc/2647,2026-08-02,静岡県,国・省庁,0
最高裁判所 東京高等裁判所 静岡地方裁判所 掛川簡易裁判所,0,,,0,,https://www2.njss.info/organizations/proc/2648,2026-08-02,静岡県,国・省庁,0
最高裁判所 東京高等裁判所 静岡地方裁判所 清水簡易裁判所,0,,,0,,https://www2.njss.info/organizations/proc/2649,2026-08-02,静岡県,国・省庁,0
最高裁判所 東京高等裁判所 静岡家庭裁判所 熱海出張所,0,,,0,,https://www2.njss.info/organizations/proc/2650,2026-08-02,静岡県,国・省庁,0
最高裁判所 東京高等裁判所 静岡地方裁判所 熱海簡易裁判所,0,,,0,,https://www2.njss.info/organizations/proc/2651,2026-08-02,静岡県,国・省庁,0
最高裁判所 東京高等裁判所 静岡地方裁判所 三島簡易裁判所,0,,,0,,https://www2.njss.info/organizations/proc/2652,2026-08-02,静岡県,国・省庁,0
最高裁判所 東京高等裁判所 静岡家庭裁判所 島田出張所,0,,,0,,https://www2.njss.info/organizations/proc/2653,2026-08-02,静岡県,国・省庁,0
最高裁判所 東京高等裁判所 静岡地方裁判所 島田簡易裁判所,0,,,0,,https://www2.njss.info/organizations/proc/2654,2026-08-02,静岡県,国・省庁,0
最高裁判所 東京高等裁判所 甲府家庭裁判所,0,,,0,,https://www2.njss.info/organizations/proc/2655,2026-08-02,山梨県,国・省庁,0
最高裁判所 東京高等裁判所 甲府地方裁判所 甲府簡易裁判所,0,,,0,,https://www2.njss.info/organizations/proc/2656,2026-08-02,山梨県,国・省庁,0
最高裁判所 東京高等裁判所 甲府地方裁判所 都留支部,0,,,0,,https://www2.njss.info/organizations/proc/2657,2026-08-02,山梨県,国・省庁,0
最高裁判所 東京高等裁判所 甲府家庭裁判所 都留支部,0,,,0,,https://www2.njss.info/organizations/proc/2658,2026-08-02,山梨県,国・省庁,0
最高裁判所 東京高等裁判所 甲府地方裁判所 都留簡易裁判所,0,,,0,,https://www2.njss.info/organizations/proc/2659,2026-08-02,山梨県,国・省庁,0
最高裁判所 東京高等裁判所 甲府地方裁判所 鰍沢簡易裁判所,0,,,0,,https://www2.njss.info/organizations/proc/2660,2026-08-02,山梨県,国・省庁,0
最高裁判所 東京高等裁判所 甲府地方裁判所 富士吉田簡易裁判所,0,,,0,,https://www2.njss.info/organizations/proc/2661,2026-08-02,山梨県,国・省庁,0
最高裁判所 東京高等裁判所 長野家庭裁判所,0,,,0,,https://www2.njss.info/organizations/proc/2662,2026-08-02,長野県,国・省庁,0
最高裁判所 東京高等裁判所 長野地方裁判所 長野簡易裁判所,0,,,0,,https://www2.njss.info/organizations/proc/2663,2026-08-02,長野県,国・省庁,0
最高裁判所 東京高等裁判所 長野家庭裁判所 飯山出張所,0,,,0,,https://www2.njss.info/organizations/proc/2664,2026-08-02,長野県,国・省庁,0
最高裁判所 東京高等裁判所 長野地方裁判所 飯山簡易裁判所,0,,,0,,https://www2.njss.info/organizations/proc/2665,2026-08-02,長野県,国・省庁,0
最高裁判所 東京高等裁判所 長野地方裁判所 上田支部,0,,,0,,https://www2.njss.info/organizations/proc/2666,2026-08-02,長野県,国・省庁,0
最高裁判所 東京高等裁判所 長野家庭裁判所 上田支部,0,,,0,,https://www2.njss.info/organizations/proc/2667,2026-08-02,長野県,国・省庁,0
最高裁判所 東京高等裁判所 長野地方裁判所 上田簡易裁判所,0,,,0,,https://www2.njss.info/organizations/proc/2668,2026-08-02,長野県,国・省庁,0
最高裁判所 東京高等裁判所 長野地方裁判所 佐久支部,0,,,0,,https://www2.njss.info/organizations/proc/2669,2026-08-02,長野県,国・省庁,0
最高裁判所 東京高等裁判所 長野家庭裁判所 佐久支部,0,,,0,,https://www2.njss.info/organizations/proc/2670,2026-08-02,長野県,国・省庁,0
最高裁判所 東京高等裁判所 長野地方裁判所 佐久簡易裁判所,0,,,0,,https://www2.njss.info/organizations/proc/2671,2026-08-02,長野県,国・省庁,0
最高裁判所 東京高等裁判所 長野地方裁判所 松本支部,0,,,0,,https://www2.njss.info/organizations/proc/2672,2026-08-02,長野県,国・省庁,0
最高裁判所 東京高等裁判所 長野家庭裁判所 松本支部,0,,,0,,https://www2.njss.info/organizations/proc/2673,2026-08-02,長野県,国・省庁,0
最高裁判所 東京高等裁判所 長野地方裁判所 松本簡易裁判所,0,,,0,,https://www2.njss.info/organizations/proc/2674,2026-08-02,長野県,国・省庁,0
最高裁判所 東京高等裁判所 長野家庭裁判所 木曾福島出張所,0,,,0,,https://www2.njss.info/organizations/proc/2675,2026-08-02,長野県,国・省庁,0
最高裁判所 東京高等裁判所 長野地方裁判所 木曾福島簡易裁判所,0,,,0,,https://www2.njss.info/organizations/proc/2676,2026-08-02,長野県,国・省庁,0
最高裁判所 東京高等裁判所 長野家庭裁判所 大町出張所,0,,,0,,https://www2.njss.info/organizations/proc/2677,2026-08-02,長野県,国・省庁,0
最高裁判所 東京高等裁判所 長野地方裁判所 大町簡易裁判所,0,,,0,,https://www2.njss.info/organizations/proc/2678,2026-08-02,長野県,国・省庁,0
最高裁判所 東京高等裁判所 長野地方裁判所 諏訪支部,0,,,0,,https://www2.njss.info/organizations/proc/2679,2026-08-02,長野県,国・省庁,0
最高裁判所 東京高等裁判所 長野家庭裁判所 諏訪支部,0,,,0,,https://www2.njss.info/organizations/proc/2680,2026-08-02,長野県,国・省庁,0
最高裁判所 東京高等裁判所 長野地方裁判所 諏訪簡易裁判所,0,,,0,,https://www2.njss.info/organizations/proc/2681,2026-08-02,長野県,国・省庁,0
最高裁判所 東京高等裁判所 長野地方裁判所 岡谷簡易裁判所,0,,,0,,https://www2.njss.info/organizations/proc/2682,2026-08-02,長野県,国・省庁,0
最高裁判所 東京高等裁判所 長野地方裁判所 飯田支部,0,,,0,,https://www2.njss.info/organizations/proc/2683,2026-08-02,長野県,国・省庁,0
最高裁判所 東京高等裁判所 長野家庭裁判所 飯田支部,0,,,0,,https://www2.njss.info/organizations/proc/2684,2026-08-02,長野県,国・省庁,0
最高裁判所 東京高等裁判所 長野地方裁判所 飯田簡易裁判所,0,,,0,,https://www2.njss.info/organizations/proc/2685,2026-08-02,長野県,国・省庁,0
最高裁判所 東京高等裁判所 長野地方裁判所 伊那支部,0,,,0,,https://www2.njss.info/organizations/proc/2686,2026-08-02,長野県,国・省庁,0
最高裁判所 東京高等裁判所 長野家庭裁判所 伊那支部,0,,,0,,https://www2.njss.info/organizations/proc/2687,2026-08-02,長野県,国・省庁,0
最高裁判所 東京高等裁判所 長野地方裁判所 伊那簡易裁判所,0,,,0,,https://www2.njss.info/organizations/proc/2688,2026-08-02,長野県,国・省庁,0
最高裁判所 東京高等裁判所 新潟家庭裁判所,0,,,0,,https://www2.njss.info/organizations/proc/2689,2026-08-02,新潟県,国・省庁,0
最高裁判所 東京高等裁判所 新潟地方裁判所 新潟簡易裁判所,0,,,0,,https://www2.njss.info/organizations/proc/2690,2026-08-02,新潟県,国・省庁,0
最高裁判所 東京高等裁判所 新潟地方裁判所 三条支部,0,,,0,,https://www2.njss.info/organizations/proc/2691,2026-08-02,新潟県,国・省庁,0
最高裁判所 東京高等裁判所 新潟家庭裁判所 三条支部,0,,,0,,https://www2.njss.info/organizations/proc/2692,2026-08-02,新潟県,国・省庁,0
最高裁判所 東京高等裁判所 新潟地方裁判所 三条簡易裁判所,0,,,0,,https://www2.njss.info/organizations/proc/2693,2026-08-02,新潟県,国・省庁,0
最高裁判所 東京高等裁判所 新潟地方裁判所 新発田支部,0,,,0,,https://www2.njss.info/organizations/proc/2694,2026-08-02,新潟県,国・省庁,0
最高裁判所 東京高等裁判所 新潟家庭裁判所 新発田支部,0,,,0,,https://www2.njss.info/organizations/proc/2695,2026-08-02,新潟県,国・省庁,0
最高裁判所 東京高等裁判所 新潟地方裁判所 新発田簡易裁判所,0,,,0,,https://www2.njss.info/organizations/proc/2696,2026-08-02,新潟県,国・省庁,0
最高裁判所 東京高等裁判所 新潟地方裁判所 長岡支部,0,,,0,,https://www2.njss.info/organizations/proc/2697,2026-08-02,新潟県,国・省庁,0
最高裁判所 東京高等裁判所 新潟家庭裁判所 長岡支部,0,,,0,,https://www2.njss.info/organizations/proc/2698,2026-08-02,新潟県,国・省庁,0
最高裁判所 東京高等裁判所 新潟地方裁判所 長岡簡易裁判所,0,,,0,,https://www2.njss.info/organizations/proc/2699,2026-08-02,新潟県,国・省庁,0
最高裁判所 東京高等裁判所 新潟地方裁判所 高田支部,0,,,0,,https://www2.njss.info/organizations/proc/2700,2026-08-02,新潟県,国・省庁,0
最高裁判所 東京高等裁判所 新潟家庭裁判所 高田支部,0,,,0,,https://www2.njss.info/organizations/proc/2701,2026-08-02,新潟県,国・省庁,0
最高裁判所 東京高等裁判所 新潟地方裁判所 高田簡易裁判所,0,,,0,,https://www2.njss.info/organizations/proc/2702,2026-08-02,新潟県,国・省庁,0
最高裁判所 東京高等裁判所 新潟地方裁判所 佐渡支部,0,,,0,,https://www2.njss.info/organizations/proc/2703,2026-08-02,新潟県,国・省庁,0
最高裁判所 東京高等裁判所 新潟家庭裁判所 佐渡支部,0,,,0,,https://www2.njss.info/organizations/proc/2704,2026-08-02,新潟県,国・省庁,0
最高裁判所 東京高等裁判所 新潟地方裁判所 佐渡簡易裁判所,0,,,0,,https://www2.njss.info/organizations/proc/2705,2026-08-02,新潟県,国・省庁,0
最高裁判所 東京高等裁判所 新潟地方裁判所 新津簡易裁判所,0,,,0,,https://www2.njss.info/organizations/proc/2706,2026-08-02,新潟県,国・省庁,0
最高裁判所 東京高等裁判所 新潟家庭裁判所 村上出張所,0,,,0,,https://www2.njss.info/organizations/proc/2707,2026-08-02,新潟県,国・省庁,0
最高裁判所 東京高等裁判所 新潟地方裁判所 村上簡易裁判所,0,,,0,,https://www2.njss.info/organizations/proc/2708,2026-08-02,新潟県,国・省庁,0
最高裁判所 東京高等裁判所 新潟家庭裁判所 十日町出張所,0,,,0,,https://www2.njss.info/organizations/proc/2709,2026-08-02,新潟県,国・省庁,0
最高裁判所 東京高等裁判所 新潟地方裁判所 十日町簡易裁判所,0,,,0,,https://www2.njss.info/organizations/proc/2710,2026-08-02,新潟県,国・省庁,0
最高裁判所 東京高等裁判所 新潟家庭裁判所 柏崎出張所,0,,,0,,https://www2.njss.info/organizations/proc/2711,2026-08-02,新潟県,国・省庁,0
最高裁判所 東京高等裁判所 新潟地方裁判所 柏崎簡易裁判所,0,,,0,,https://www2.njss.info/organizations/proc/2712,2026-08-02,新潟県,国・省庁,0
最高裁判所 東京高等裁判所 新潟家庭裁判所 南魚沼出張所,0,,,0,,https://www2.njss.info/organizations/proc/2713,2026-08-02,新潟県,国・省庁,0
最高裁判所 東京高等裁判所 新潟地方裁判所 南魚沼簡易裁判所,0,,,0,,https://www2.njss.info/organizations/proc/2714,2026-08-02,新潟県,国・省庁,0
最高裁判所 東京高等裁判所 新潟家庭裁判所 糸魚川出張所,0,,,0,,https://www2.njss.info/organizations/proc/2715,2026-08-02,新潟県,国・省庁,0
最高裁判所 東京高等裁判所 新潟地方裁判所 糸魚川簡易裁判所,0,,,0,,https://www2.njss.info/organizations/proc/2716,2026-08-02,新潟県,国・省庁,0
最高裁判所 大阪高等裁判所 大阪家庭裁判所,0,,,0,,https://www2.njss.info/organizations/proc/2717,2026-08-02,大阪府,国・省庁,0
最高裁判所 大阪高等裁判所 大阪地方裁判所 大阪簡易裁判所,0,,,0,,https://www2.njss.info/organizations/proc/2718,2026-08-02,大阪府,国・省庁,0
最高裁判所 大阪高等裁判所 大阪地方裁判所 堺支部,0,,,0,,https://www2.njss.info/organizations/proc/2719,2026-08-02,大阪府,国・省庁,0
最高裁判所 大阪高等裁判所 大阪家庭裁判所 堺支部,0,,,0,,https://www2.njss.info/organizations/proc/2720,2026-08-02,大阪府,国・省庁,0
最高裁判所 大阪高等裁判所 大阪地方裁判所 堺簡易裁判所,0,,,0,,https://www2.njss.info/organizations/proc/2721,2026-08-02,大阪府,国・省庁,0
最高裁判所 大阪高等裁判所 大阪地方裁判所 岸和田支部,0,,,0,,https://www2.njss.info/organizations/proc/2722,2026-08-02,大阪府,国・省庁,0
最高裁判所 大阪高等裁判所 大阪家庭裁判所 岸和田支部,0,,,0,,https://www2.njss.info/organizations/proc/2723,2026-08-02,大阪府,国・省庁,0
最高裁判所 大阪高等裁判所 大阪地方裁判所 岸和田簡易裁判所,0,,,0,,https://www2.njss.info/organizations/proc/2724,2026-08-02,大阪府,国・省庁,0
最高裁判所 大阪高等裁判所 大阪地方裁判所 大阪池田簡易裁判所,0,,,0,,https://www2.njss.info/organizations/proc/2725,2026-08-02,大阪府,国・省庁,0
最高裁判所 大阪高等裁判所 大阪地方裁判所 豊中簡易裁判所,0,,,0,,https://www2.njss.info/organizations/proc/2726,2026-08-02,大阪府,国・省庁,0
最高裁判所 大阪高等裁判所 大阪地方裁判所 吹田簡易裁判所,0,,,0,,https://www2.njss.info/organizations/proc/2727,2026-08-02,大阪府,国・省庁,0
最高裁判所 大阪高等裁判所 大阪地方裁判所 茨木簡易裁判所,0,,,0,,https://www2.njss.info/organizations/proc/2728,2026-08-02,大阪府,国・省庁,0
最高裁判所 大阪高等裁判所 大阪地方裁判所 東大阪簡易裁判所,0,,,0,,https://www2.njss.info/organizations/proc/2729,2026-08-02,大阪府,国・省庁,0
最高裁判所 大阪高等裁判所 大阪地方裁判所 枚方簡易裁判所,0,,,0,,https://www2.njss.info/organizations/proc/2730,2026-08-02,大阪府,国・省庁,0
最高裁判所 大阪高等裁判所 大阪地方裁判所 富田林簡易裁判所,0,,,0,,https://www2.njss.info/organizations/proc/2731,2026-08-02,大阪府,国・省庁,0
最高裁判所 大阪高等裁判所 大阪地方裁判所 羽曳野簡易裁判所,0,,,0,,https://www2.njss.info/organizations/proc/2732,2026-08-02,大阪府,国・省庁,0
最高裁判所 大阪高等裁判所 大阪地方裁判所 佐野簡易裁判所,0,,,0,,https://www2.njss.info/organizations/proc/2733,2026-08-02,大阪府,国・省庁,0
最高裁判所 大阪高等裁判所 京都家庭裁判所,0,,,0,,https://www2.njss.info/organizations/proc/2734,2026-08-02,京都府,国・省庁,0
最高裁判所 大阪高等裁判所 京都地方裁判所 京都簡易裁判所,0,,,0,,https://www2.njss.info/organizations/proc/2735,2026-08-02,京都府,国・省庁,0
最高裁判所 大阪高等裁判所 京都地方裁判所 園部支部,0,,,0,,https://www2.njss.info/organizations/proc/2736,2026-08-02,京都府,国・省庁,0
最高裁判所 大阪高等裁判所 京都家庭裁判所 園部支部,0,,,0,,https://www2.njss.info/organizations/proc/2737,2026-08-02,京都府,国・省庁,0
最高裁判所 大阪高等裁判所 京都地方裁判所 園部簡易裁判所,0,,,0,,https://www2.njss.info/organizations/proc/2738,2026-08-02,京都府,国・省庁,0
最高裁判所 大阪高等裁判所 京都地方裁判所 宮津支部,0,,,0,,https://www2.njss.info/organizations/proc/2739,2026-08-02,京都府,国・省庁,0
最高裁判所 大阪高等裁判所 京都家庭裁判所 宮津支部,0,,,0,,https://www2.njss.info/organizations/proc/2740,2026-08-02,京都府,国・省庁,0
最高裁判所 大阪高等裁判所 京都地方裁判所 宮津簡易裁判所,0,,,0,,https://www2.njss.info/organizations/proc/2741,2026-08-02,京都府,国・省庁,0
最高裁判所 大阪高等裁判所 京都地方裁判所 舞鶴支部,0,,,0,,https://www2.njss.info/organizations/proc/2742,2026-08-02,京都府,国・省庁,0
最高裁判所 大阪高等裁判所 京都家庭裁判所 舞鶴支部,0,,,0,,https://www2.njss.info/organizations/proc/2743,2026-08-02,京都府,国・省庁,0
最高裁判所 大阪高等裁判所 京都地方裁判所 舞鶴簡易裁判所,0,,,0,,https://www2.njss.info/organizations/proc/2744,2026-08-02,京都府,国・省庁,0
最高裁判所 大阪高等裁判所 京都地方裁判所 福知山支部,0,,,0,,https://www2.njss.info/organizations/proc/2745,2026-08-02,京都府,国・省庁,0
最高裁判所 大阪高等裁判所 京都家庭裁判所 福知山支部,0,,,0,,https://www2.njss.info/organizations/proc/2746,2026-08-02,京都府,国・省庁,0
最高裁判所 大阪高等裁判所 京都地方裁判所 福知山簡易裁判所,0,,,0,,https://www2.njss.info/organizations/proc/2747,2026-08-02,京都府,国・省庁,0
最高裁判所 大阪高等裁判所 京都地方裁判所 伏見簡易裁判所,0,,,0,,https://www2.njss.info/organizations/proc/2748,2026-08-02,京都府,国・省庁,0
最高裁判所 大阪高等裁判所 京都地方裁判所 右京簡易裁判所,0,,,0,,https://www2.njss.info/organizations/proc/2749,2026-08-02,京都府,国・省庁,0
最高裁判所 大阪高等裁判所 京都地方裁判所 向日町簡易裁判所,0,,,0,,https://www2.njss.info/organizations/proc/2750,2026-08-02,京都府,国・省庁,0
最高裁判所 大阪高等裁判所 京都地方裁判所 木津簡易裁判所,0,,,0,,https://www2.njss.info/organizations/proc/2751,2026-08-02,京都府,国・省庁,0
最高裁判所 大阪高等裁判所 京都地方裁判所 宇治簡易裁判所,0,,,0,,https://www2.njss.info/organizations/proc/2752,2026-08-02,京都府,国・省庁,0
最高裁判所 大阪高等裁判所 京都地方裁判所 亀岡簡易裁判所,0,,,0,,https://www2.njss.info/organizations/proc/2753,2026-08-02,京都府,国・省庁,0
最高裁判所 大阪高等裁判所 京都地方裁判所 京丹後簡易裁判所,0,,,0,,https://www2.njss.info/organizations/proc/2754,2026-08-02,京都府,国・省庁,0
最高裁判所 大阪高等裁判所 神戸家庭裁判所,0,,,0,,https://www2.njss.info/organizations/proc/2755,2026-08-02,兵庫県,国・省庁,0
最高裁判所 大阪高等裁判所 神戸地方裁判所 神戸簡易裁判所,0,,,0,,https://www2.njss.info/organizations/proc/2756,2026-08-02,兵庫県,国・省庁,0
最高裁判所 大阪高等裁判所 神戸地方裁判所 伊丹支部,0,,,0,,https://www2.njss.info/organizations/proc/2757,2026-08-02,兵庫県,国・省庁,0
最高裁判所 大阪高等裁判所 神戸家庭裁判所 伊丹支部,0,,,0,,https://www2.njss.info/organizations/proc/2758,2026-08-02,兵庫県,国・省庁,0
最高裁判所 大阪高等裁判所 神戸地方裁判所 伊丹簡易裁判所,0,,,0,,https://www2.njss.info/organizations/proc/2759,2026-08-02,兵庫県,国・省庁,0
最高裁判所 大阪高等裁判所 神戸地方裁判所 尼崎支部,0,,,0,,https://www2.njss.info/organizations/proc/2760,2026-08-02,兵庫県,国・省庁,0
最高裁判所 大阪高等裁判所 神戸家庭裁判所 尼崎支部,0,,,0,,https://www2.njss.info/organizations/proc/2761,2026-08-02,兵庫県,国・省庁,0
最高裁判所 大阪高等裁判所 神戸地方裁判所 尼崎簡易裁判所,0,,,0,,https://www2.njss.info/organizations/proc/2762,2026-08-02,兵庫県,国・省庁,0
最高裁判所 大阪高等裁判所 神戸地方裁判所 明石支部,0,,,0,,https://www2.njss.info/organizations/proc/2763,2026-08-02,兵庫県,国・省庁,0
最高裁判所 大阪高等裁判所 神戸家庭裁判所 明石支部,0,,,0,,https://www2.njss.info/organizations/proc/2764,2026-08-02,兵庫県,国・省庁,0
最高裁判所 大阪高等裁判所 神戸地方裁判所 明石簡易裁判所,0,,,0,,https://www2.njss.info/organizations/proc/2765,2026-08-02,兵庫県,国・省庁,0
最高裁判所 大阪高等裁判所 神戸地方裁判所 柏原支部,0,,,0,,https://www2.njss.info/organizations/proc/2766,2026-08-02,兵庫県,国・省庁,0
最高裁判所 大阪高等裁判所 神戸家庭裁判所 柏原支部,0,,,0,,https://www2.njss.info/organizations/proc/2767,2026-08-02,兵庫県,国・省庁,0
最高裁判所 大阪高等裁判所 神戸地方裁判所 柏原簡易裁判所,0,,,0,,https://www2.njss.info/organizations/proc/2768,2026-08-02,兵庫県,国・省庁,0
最高裁判所 大阪高等裁判所 神戸地方裁判所 姫路支部,0,,,0,,https://www2.njss.info/organizations/proc/2769,2026-08-02,兵庫県,国・省庁,0
最高裁判所 大阪高等裁判所 神戸家庭裁判所 姫路支部,0,,,0,,https://www2.njss.info/organizations/proc/2770,2026-08-02,兵庫県,国・省庁,0
最高裁判所 大阪高等裁判所 神戸地方裁判所 姫路簡易裁判所,0,,,0,,https://www2.njss.info/organizations/proc/2771,2026-08-02,兵庫県,国・省庁,0
最高裁判所 大阪高等裁判所 神戸地方裁判所 社支部,0,,,0,,https://www2.njss.info/organizations/proc/2772,2026-08-02,兵庫県,国・省庁,0
最高裁判所 大阪高等裁判所 神戸家庭裁判所 社支部,0,,,0,,https://www2.njss.info/organizations/proc/2773,2026-08-02,兵庫県,国・省庁,0
最高裁判所 大阪高等裁判所 神戸地方裁判所 社簡易裁判所,0,,,0,,https://www2.njss.info/organizations/proc/2774,2026-08-02,兵庫県,国・省庁,0
最高裁判所 大阪高等裁判所 神戸地方裁判所 龍野支部,0,,,0,,https://www2.njss.info/organizations/proc/2775,2026-08-02,兵庫県,国・省庁,0
最高裁判所 大阪高等裁判所 神戸家庭裁判所 龍野支部,0,,,0,,https://www2.njss.info/organizations/proc/2776,2026-08-02,兵庫県,国・省庁,0
最高裁判所 大阪高等裁判所 神戸地方裁判所 龍野簡易裁判所,0,,,0,,https://www2.njss.info/organizations/proc/2777,2026-08-02,兵庫県,国・省庁,0
最高裁判所 大阪高等裁判所 神戸地方裁判所 豊岡支部,0,,,0,,https://www2.njss.info/organizations/proc/2778,2026-08-02,兵庫県,国・省庁,0
最高裁判所 大阪高等裁判所 神戸家庭裁判所 豊岡支部,0,,,0,,https://www2.njss.info/organizations/proc/2779,2026-08-02,兵庫県,国・省庁,0
最高裁判所 大阪高等裁判所 神戸地方裁判所 豊岡簡易裁判所,0,,,0,,https://www2.njss.info/organizations/proc/2780,2026-08-02,兵庫県,国・省庁,0
最高裁判所 大阪高等裁判所 神戸地方裁判所 洲本支部,0,,,0,,https://www2.njss.info/organizations/proc/2781,2026-08-02,兵庫県,国・省庁,0
最高裁判所 大阪高等裁判所 神戸家庭裁判所 洲本支部,0,,,0,,https://www2.njss.info/organizations/proc/2782,2026-08-02,兵庫県,国・省庁,0
最高裁判所 大阪高等裁判所 神戸地方裁判所 洲本簡易裁判所,0,,,0,,https://www2.njss.info/organizations/proc/2783,2026-08-02,兵庫県,国・省庁,0
最高裁判所 大阪高等裁判所 神戸地方裁判所 西宮簡易裁判所,0,,,0,,https://www2.njss.info/organizations/proc/2784,2026-08-02,兵庫県,国・省庁,0
最高裁判所 大阪高等裁判所 神戸地方裁判所 篠山簡易裁判所,0,,,0,,https://www2.njss.info/organizations/proc/2785,2026-08-02,兵庫県,国・省庁,0
最高裁判所 大阪高等裁判所 神戸地方裁判所 加古川簡易裁判所,0,,,0,,https://www2.njss.info/organizations/proc/2786,2026-08-02,兵庫県,国・省庁,0
最高裁判所 大阪高等裁判所 神戸家庭裁判所 浜坂出張所,0,,,0,,https://www2.njss.info/organizations/proc/2787,2026-08-02,兵庫県,国・省庁,0
最高裁判所 大阪高等裁判所 神戸地方裁判所 浜坂簡易裁判所,0,,,0,,https://www2.njss.info/organizations/proc/2788,2026-08-02,兵庫県,国・省庁,0
最高裁判所 大阪高等裁判所 奈良家庭裁判所,0,,,0,,https://www2.njss.info/organizations/proc/2789,2026-08-02,奈良県,国・省庁,0
最高裁判所 大阪高等裁判所 奈良地方裁判所 奈良簡易裁判所,0,,,0,,https://www2.njss.info/organizations/proc/2790,2026-08-02,奈良県,国・省庁,0
最高裁判所 大阪高等裁判所 奈良地方裁判所 葛城支部,0,,,0,,https://www2.njss.info/organizations/proc/2791,2026-08-02,奈良県,国・省庁,0
最高裁判所 大阪高等裁判所 奈良家庭裁判所 葛城支部,0,,,0,,https://www2.njss.info/organizations/proc/2792,2026-08-02,奈良県,国・省庁,0
最高裁判所 大阪高等裁判所 奈良地方裁判所 葛城簡易裁判所,0,,,0,,https://www2.njss.info/organizations/proc/2793,2026-08-02,奈良県,国・省庁,0
最高裁判所 大阪高等裁判所 奈良地方裁判所 五條支部,0,,,0,,https://www2.njss.info/organizations/proc/2794,2026-08-02,奈良県,国・省庁,0
最高裁判所 大阪高等裁判所 奈良家庭裁判所 五條支部,0,,,0,,https://www2.njss.info/organizations/proc/2795,2026-08-02,奈良県,国・省庁,0
最高裁判所 大阪高等裁判所 奈良地方裁判所 五條簡易裁判所,0,,,0,,https://www2.njss.info/organizations/proc/2796,2026-08-02,奈良県,国・省庁,0
最高裁判所 大阪高等裁判所 奈良地方裁判所 宇陀簡易裁判所,0,,,0,,https://www2.njss.info/organizations/proc/2797,2026-08-02,奈良県,国・省庁,0
最高裁判所 大阪高等裁判所 奈良家庭裁判所 吉野出張所,0,,,0,,https://www2.njss.info/organizations/proc/2798,2026-08-02,奈良県,国・省庁,0
最高裁判所 大阪高等裁判所 奈良地方裁判所 吉野簡易裁判所,0,,,0,,https://www2.njss.info/organizations/proc/2799,2026-08-02,奈良県,国・省庁,0
最高裁判所 大阪高等裁判所 大津家庭裁判所,0,,,0,,https://www2.njss.info/organizations/proc/2800,2026-08-02,滋賀県,国・省庁,0
最高裁判所 大阪高等裁判所 大津地方裁判所 大津簡易裁判所,0,,,0,,https://www2.njss.info/organizations/proc/2801,2026-08-02,滋賀県,国・省庁,0
最高裁判所 大阪高等裁判所 大津地方裁判所 彦根支部,0,,,0,,https://www2.njss.info/organizations/proc/2802,2026-08-02,滋賀県,国・省庁,0
最高裁判所 大阪高等裁判所 大津家庭裁判所 彦根支部,0,,,0,,https://www2.njss.info/organizations/proc/2803,2026-08-02,滋賀県,国・省庁,0
最高裁判所 大阪高等裁判所 大津地方裁判所 彦根簡易裁判所,0,,,0,,https://www2.njss.info/organizations/proc/2804,2026-08-02,滋賀県,国・省庁,0
最高裁判所 大阪高等裁判所 大津地方裁判所 長浜支部,0,,,0,,https://www2.njss.info/organizations/proc/2805,2026-08-02,滋賀県,国・省庁,0
最高裁判所 大阪高等裁判所 大津家庭裁判所 長浜支部,0,,,0,,https://www2.njss.info/organizations/proc/2806,2026-08-02,滋賀県,国・省庁,0
最高裁判所 大阪高等裁判所 大津地方裁判所 長浜簡易裁判所,0,,,0,,https://www2.njss.info/organizations/proc/2807,2026-08-02,滋賀県,国・省庁,0
最高裁判所 大阪高等裁判所 大津家庭裁判所 高島出張所,0,,,0,,https://www2.njss.info/organizations/proc/2808,2026-08-02,滋賀県,国・省庁,0
最高裁判所 大阪高等裁判所 大津地方裁判所 高島簡易裁判所,0,,,0,,https://www2.njss.info/organizations/proc/2809,2026-08-02,滋賀県,国・省庁,0
最高裁判所 大阪高等裁判所 大津地方裁判所 甲賀簡易裁判所,0,,,0,,https://www2.njss.info/organizations/proc/2810,2026-08-02,滋賀県,国・省庁,0
最高裁判所 大阪高等裁判所 大津地方裁判所 東近江簡易裁判所,0,,,0,,https://www2.njss.info/organizations/proc/2811,2026-08-02,滋賀県,国・省庁,0
最高裁判所 大阪高等裁判所 和歌山家庭裁判所,0,,,0,,https://www2.njss.info/organizations/proc/2812,2026-08-02,和歌山県,国・省庁,0
最高裁判所 大阪高等裁判所 和歌山地方裁判所 和歌山簡易裁判所,0,,,0,,https://www2.njss.info/organizations/proc/2813,2026-08-02,和歌山県,国・省庁,0
最高裁判所 大阪高等裁判所 和歌山地方裁判所 田辺支部,0,,,0,,https://www2.njss.info/organizations/proc/2814,2026-08-02,和歌山県,国・省庁,0
最高裁判所 大阪高等裁判所 和歌山家庭裁判所 田辺支部,0,,,0,,https://www2.njss.info/organizations/proc/2815,2026-08-02,和歌山県,国・省庁,0
最高裁判所 大阪高等裁判所 和歌山地方裁判所 田辺簡易裁判所,0,,,0,,https://www2.njss.info/organizations/proc/2816,2026-08-02,和歌山県,国・省庁,0
最高裁判所 大阪高等裁判所 和歌山地方裁判所 御坊支部,0,,,0,,https://www2.njss.info/organizations/proc/2817,2026-08-02,和歌山県,国・省庁,0
最高裁判所 大阪高等裁判所 和歌山家庭裁判所 御坊支部,0,,,0,,https://www2.njss.info/organizations/proc/2818,2026-08-02,和歌山県,国・省庁,0
最高裁判所 大阪高等裁判所 和歌山地方裁判所 御坊簡易裁判所,0,,,0,,https://www2.njss.info/organizations/proc/2819,2026-08-02,和歌山県,国・省庁,0
最高裁判所 大阪高等裁判所 和歌山地方裁判所 新宮支部,0,,,0,,https://www2.njss.info/organizations/proc/2820,2026-08-02,和歌山県,国・省庁,0
最高裁判所 大阪高等裁判所 和歌山家庭裁判所 新宮支部,0,,,0,,https://www2.njss.info/organizations/proc/2821,2026-08-02,和歌山県,国・省庁,0
最高裁判所 大阪高等裁判所 和歌山地方裁判所 新宮簡易裁判所,0,,,0,,https://www2.njss.info/organizations/proc/2822,2026-08-02,和歌山県,国・省庁,0
最高裁判所 大阪高等裁判所 和歌山地方裁判所 湯浅簡易裁判所,0,,,0,,https://www2.njss.info/organizations/proc/2823,2026-08-02,和歌山県,国・省庁,0
最高裁判所 大阪高等裁判所 和歌山地方裁判所 妙寺簡易裁判所,0,,,0,,https://www2.njss.info/organizations/proc/2824,2026-08-02,和歌山県,国・省庁,0
最高裁判所 大阪高等裁判所 和歌山地方裁判所 橋本簡易裁判所,0,,,0,,https://www2.njss.info/organizations/proc/2825,2026-08-02,和歌山県,国・省庁,0
最高裁判所 大阪高等裁判所 和歌山地方裁判所 串本簡易裁判所,0,,,0,,https://www2.njss.info/organizations/proc/2826,2026-08-02,和歌山県,国・省庁,0
最高裁判所 名古屋高等裁判所 名古屋家庭裁判所,0,,,0,,https://www2.njss.info/organizations/proc/2827,2026-08-02,愛知県,国・省庁,0
最高裁判所 名古屋高等裁判所 金沢支部,0,,,0,,https://www2.njss.info/organizations/proc/2828,2026-08-02,石川県,国・省庁,0
最高裁判所 名古屋高等裁判所 名古屋地方裁判所 名古屋簡易裁判所,0,,,0,,https://www2.njss.info/organizations/proc/2829,2026-08-02,愛知県,国・省庁,0
最高裁判所 名古屋高等裁判所 名古屋地方裁判所 一宮支部,0,,,0,,https://www2.njss.info/organizations/proc/2830,2026-08-02,愛知県,国・省庁,0
最高裁判所 名古屋高等裁判所 名古屋家庭裁判所 一宮支部,0,,,0,,https://www2.njss.info/organizations/proc/2831,2026-08-02,愛知県,国・省庁,0
最高裁判所 名古屋高等裁判所 名古屋地方裁判所 一宮簡易裁判所,0,,,0,,https://www2.njss.info/organizations/proc/2832,2026-08-02,愛知県,国・省庁,0
最高裁判所 名古屋高等裁判所 名古屋地方裁判所 半田支部,0,,,0,,https://www2.njss.info/organizations/proc/2833,2026-08-02,愛知県,国・省庁,0
最高裁判所 名古屋高等裁判所 名古屋家庭裁判所 半田支部,0,,,0,,https://www2.njss.info/organizations/proc/2834,2026-08-02,愛知県,国・省庁,0
最高裁判所 名古屋高等裁判所 名古屋地方裁判所 半田簡易裁判所,0,,,0,,https://www2.njss.info/organizations/proc/2835,2026-08-02,愛知県,国・省庁,0
最高裁判所 名古屋高等裁判所 名古屋地方裁判所 岡崎支部,0,,,0,,https://www2.njss.info/organizations/proc/2836,2026-08-02,愛知県,国・省庁,0
最高裁判所 名古屋高等裁判所 名古屋家庭裁判所 岡崎支部,0,,,0,,https://www2.njss.info/organizations/proc/2837,2026-08-02,愛知県,国・省庁,0
最高裁判所 名古屋高等裁判所 名古屋地方裁判所 岡崎簡易裁判所,0,,,0,,https://www2.njss.info/organizations/proc/2838,2026-08-02,愛知県,国・省庁,0
最高裁判所 名古屋高等裁判所 名古屋地方裁判所 豊橋支部,0,,,0,,https://www2.njss.info/organizations/proc/2839,2026-08-02,愛知県,国・省庁,0
最高裁判所 名古屋高等裁判所 名古屋家庭裁判所 豊橋支部,0,,,0,,https://www2.njss.info/organizations/proc/2840,2026-08-02,愛知県,国・省庁,0
最高裁判所 名古屋高等裁判所 名古屋地方裁判所 豊橋簡易裁判所,0,,,0,,https://www2.njss.info/organizations/proc/2841,2026-08-02,愛知県,国・省庁,0
最高裁判所 名古屋高等裁判所 名古屋地方裁判所 春日井簡易裁判所,0,,,0,,https://www2.njss.info/organizations/proc/2842,2026-08-02,愛知県,国・省庁,0
最高裁判所 名古屋高等裁判所 名古屋地方裁判所 瀬戸簡易裁判所,0,,,0,,https://www2.njss.info/organizations/proc/2843,2026-08-02,愛知県,国・省庁,0
最高裁判所 名古屋高等裁判所 名古屋地方裁判所 津島簡易裁判所,0,,,0,,https://www2.njss.info/organizations/proc/2844,2026-08-02,愛知県,国・省庁,0
最高裁判所 名古屋高等裁判所 名古屋地方裁判所 犬山簡易裁判所,0,,,0,,https://www2.njss.info/organizations/proc/2845,2026-08-02,愛知県,国・省庁,0
最高裁判所 名古屋高等裁判所 名古屋地方裁判所 安城簡易裁判所,0,,,0,,https://www2.njss.info/organizations/proc/2846,2026-08-02,愛知県,国・省庁,0
最高裁判所 名古屋高等裁判所 名古屋地方裁判所 豊田簡易裁判所,0,,,0,,https://www2.njss.info/organizations/proc/2847,2026-08-02,愛知県,国・省庁,0
最高裁判所 名古屋高等裁判所 名古屋地方裁判所 新城簡易裁判所,0,,,0,,https://www2.njss.info/organizations/proc/2848,2026-08-02,愛知県,国・省庁,0
最高裁判所 名古屋高等裁判所 津家庭裁判所,0,,,0,,https://www2.njss.info/organizations/proc/2849,2026-08-02,三重県,国・省庁,0
最高裁判所 名古屋高等裁判所 津地方裁判所 津簡易裁判所,0,,,0,,https://www2.njss.info/organizations/proc/2850,2026-08-02,三重県,国・省庁,0
最高裁判所 名古屋高等裁判所 津地方裁判所 松阪支部,0,,,0,,https://www2.njss.info/organizations/proc/2851,2026-08-02,三重県,国・省庁,0
最高裁判所 名古屋高等裁判所 津家庭裁判所 松阪支部,0,,,0,,https://www2.njss.info/organizations/proc/2852,2026-08-02,三重県,国・省庁,0
最高裁判所 名古屋高等裁判所 津地方裁判所 松阪簡易裁判所,0,,,0,,https://www2.njss.info/organizations/proc/2853,2026-08-02,三重県,国・省庁,0
最高裁判所 名古屋高等裁判所 津地方裁判所 伊賀支部,0,,,0,,https://www2.njss.info/organizations/proc/2854,2026-08-02,三重県,国・省庁,0
最高裁判所 名古屋高等裁判所 津家庭裁判所 伊賀支部,0,,,0,,https://www2.njss.info/organizations/proc/2855,2026-08-02,三重県,国・省庁,0
最高裁判所 名古屋高等裁判所 津地方裁判所 伊賀簡易裁判所,0,,,0,,https://www2.njss.info/organizations/proc/2856,2026-08-02,三重県,国・省庁,0
最高裁判所 名古屋高等裁判所 津地方裁判所 四日市支部,0,,,0,,https://www2.njss.info/organizations/proc/2857,2026-08-02,三重県,国・省庁,0
最高裁判所 名古屋高等裁判所 津家庭裁判所 四日市支部,0,,,0,,https://www2.njss.info/organizations/proc/2858,2026-08-02,三重県,国・省庁,0
最高裁判所 名古屋高等裁判所 津地方裁判所 四日市簡易裁判所,0,,,0,,https://www2.njss.info/organizations/proc/2859,2026-08-02,三重県,国・省庁,0
最高裁判所 名古屋高等裁判所 津地方裁判所 伊勢支部,0,,,0,,https://www2.njss.info/organizations/proc/2860,2026-08-02,三重県,国・省庁,0
最高裁判所 名古屋高等裁判所 津家庭裁判所 伊勢支部,0,,,0,,https://www2.njss.info/organizations/proc/2861,2026-08-02,三重県,国・省庁,0
最高裁判所 名古屋高等裁判所 津地方裁判所 伊勢簡易裁判所,0,,,0,,https://www2.njss.info/organizations/proc/2862,2026-08-02,三重県,国・省庁,0
最高裁判所 名古屋高等裁判所 津地方裁判所 熊野支部,0,,,0,,https://www2.njss.info/organizations/proc/2863,2026-08-02,三重県,国・省庁,0
最高裁判所 名古屋高等裁判所 津家庭裁判所 熊野支部,0,,,0,,https://www2.njss.info/organizations/proc/2864,2026-08-02,三重県,国・省庁,0
最高裁判所 名古屋高等裁判所 津地方裁判所 熊野簡易裁判所,0,,,0,,https://www2.njss.info/organizations/proc/2865,2026-08-02,三重県,国・省庁,0
最高裁判所 名古屋高等裁判所 津地方裁判所 鈴鹿簡易裁判所,0,,,0,,https://www2.njss.info/organizations/proc/2866,2026-08-02,三重県,国・省庁,0
最高裁判所 名古屋高等裁判所 津地方裁判所 桑名簡易裁判所,0,,,0,,https://www2.njss.info/organizations/proc/2867,2026-08-02,三重県,国・省庁,0
最高裁判所 名古屋高等裁判所 津家庭裁判所 尾鷲出張所,0,,,0,,https://www2.njss.info/organizations/proc/2868,2026-08-02,三重県,国・省庁,0
最高裁判所 名古屋高等裁判所 津地方裁判所 尾鷲簡易裁判所,0,,,0,,https://www2.njss.info/organizations/proc/2869,2026-08-02,三重県,国・省庁,0
最高裁判所 名古屋高等裁判所 岐阜家庭裁判所,0,,,0,,https://www2.njss.info/organizations/proc/2870,2026-08-02,岐阜県,国・省庁,0
最高裁判所 名古屋高等裁判所 岐阜地方裁判所 岐阜簡易裁判所,0,,,0,,https://www2.njss.info/organizations/proc/2871,2026-08-02,岐阜県,国・省庁,0
最高裁判所 名古屋高等裁判所 岐阜地方裁判所 大垣支部,0,,,0,,https://www2.njss.info/organizations/proc/2872,2026-08-02,岐阜県,国・省庁,0
最高裁判所 名古屋高等裁判所 岐阜家庭裁判所 大垣支部,0,,,0,,https://www2.njss.info/organizations/proc/2873,2026-08-02,岐阜県,国・省庁,0
最高裁判所 名古屋高等裁判所 岐阜地方裁判所 大垣簡易裁判所,0,,,0,,https://www2.njss.info/organizations/proc/2874,2026-08-02,岐阜県,国・省庁,0
最高裁判所 名古屋高等裁判所 岐阜地方裁判所 高山支部,0,,,0,,https://www2.njss.info/organizations/proc/2875,2026-08-02,岐阜県,国・省庁,0
最高裁判所 名古屋高等裁判所 岐阜家庭裁判所 高山支部,0,,,0,,https://www2.njss.info/organizations/proc/2876,2026-08-02,岐阜県,国・省庁,0
最高裁判所 名古屋高等裁判所 岐阜地方裁判所 高山簡易裁判所,0,,,0,,https://www2.njss.info/organizations/proc/2877,2026-08-02,岐阜県,国・省庁,0
最高裁判所 名古屋高等裁判所 岐阜地方裁判所 多治見支部,0,,,0,,https://www2.njss.info/organizations/proc/2878,2026-08-02,岐阜県,国・省庁,0
最高裁判所 名古屋高等裁判所 岐阜家庭裁判所 多治見支部,0,,,0,,https://www2.njss.info/organizations/proc/2879,2026-08-02,岐阜県,国・省庁,0
最高裁判所 名古屋高等裁判所 岐阜地方裁判所 多治見簡易裁判所,0,,,0,,https://www2.njss.info/organizations/proc/2880,2026-08-02,岐阜県,国・省庁,0
最高裁判所 名古屋高等裁判所 岐阜地方裁判所 御嵩支部,0,,,0,,https://www2.njss.info/organizations/proc/2881,2026-08-02,岐阜県,国・省庁,0
最高裁判所 名古屋高等裁判所 岐阜家庭裁判所 御嵩支部,0,,,0,,https://www2.njss.info/organizations/proc/2882,2026-08-02,岐阜県,国・省庁,0
最高裁判所 名古屋高等裁判所 岐阜地方裁判所 御嵩簡易裁判所,0,,,0,,https://www2.njss.info/organizations/proc/2883,2026-08-02,岐阜県,国・省庁,0
最高裁判所 名古屋高等裁判所 岐阜家庭裁判所 郡上出張所,0,,,0,,https://www2.njss.info/organizations/proc/2884,2026-08-02,岐阜県,国・省庁,0
最高裁判所 名古屋高等裁判所 岐阜地方裁判所 郡上簡易裁判所,0,,,0,,https://www2.njss.info/organizations/proc/2885,2026-08-02,岐阜県,国・省庁,0
最高裁判所 名古屋高等裁判所 岐阜家庭裁判所 中津川出張所,0,,,0,,https://www2.njss.info/organizations/proc/2886,2026-08-02,岐阜県,国・省庁,0
最高裁判所 名古屋高等裁判所 岐阜地方裁判所 中津川簡易裁判所,0,,,0,,https://www2.njss.info/organizations/proc/2887,2026-08-02,岐阜県,国・省庁,0
最高裁判所 名古屋高等裁判所 福井家庭裁判所,0,,,0,,https://www2.njss.info/organizations/proc/2888,2026-08-02,福井県,国・省庁,0
最高裁判所 名古屋高等裁判所 福井地方裁判所 福井簡易裁判所,0,,,0,,https://www2.njss.info/organizations/proc/2889,2026-08-02,福井県,国・省庁,0
最高裁判所 名古屋高等裁判所 福井地方裁判所 武生支部,0,,,0,,https://www2.njss.info/organizations/proc/2890,2026-08-02,福井県,国・省庁,0
最高裁判所 名古屋高等裁判所 福井家庭裁判所 武生支部,0,,,0,,https://www2.njss.info/organizations/proc/2891,2026-08-02,福井県,国・省庁,0
最高裁判所 名古屋高等裁判所 福井地方裁判所 武生簡易裁判所,0,,,0,,https://www2.njss.info/organizations/proc/2892,2026-08-02,福井県,国・省庁,0
最高裁判所 名古屋高等裁判所 福井地方裁判所 敦賀支部,0,,,0,,https://www2.njss.info/organizations/proc/2893,2026-08-02,福井県,国・省庁,0
最高裁判所 名古屋高等裁判所 福井家庭裁判所 敦賀支部,0,,,0,,https://www2.njss.info/organizations/proc/2894,2026-08-02,福井県,国・省庁,0
最高裁判所 名古屋高等裁判所 福井地方裁判所 敦賀簡易裁判所,0,,,0,,https://www2.njss.info/organizations/proc/2895,2026-08-02,福井県,国・省庁,0
最高裁判所 名古屋高等裁判所 福井地方裁判所 大野簡易裁判所,0,,,0,,https://www2.njss.info/organizations/proc/2896,2026-08-02,福井県,国・省庁,0
最高裁判所 名古屋高等裁判所 福井家庭裁判所 小浜出張所,0,,,0,,https://www2.njss.info/organizations/proc/2897,2026-08-02,福井県,国・省庁,0
最高裁判所 名古屋高等裁判所 福井地方裁判所 小浜簡易裁判所,0,,,0,,https://www2.njss.info/organizations/proc/2898,2026-08-02,福井県,国・省庁,0
最高裁判所 名古屋高等裁判所 金沢家庭裁判所,0,,,0,,https://www2.njss.info/organizations/proc/2899,2026-08-02,石川県,国・省庁,0
最高裁判所 名古屋高等裁判所 金沢地方裁判所 金沢簡易裁判所,0,,,0,,https://www2.njss.info/organizations/proc/2900,2026-08-02,石川県,国・省庁,0
最高裁判所 名古屋高等裁判所 金沢地方裁判所 小松支部,0,,,0,,https://www2.njss.info/organizations/proc/2901,2026-08-02,石川県,国・省庁,0
最高裁判所 名古屋高等裁判所 金沢家庭裁判所 小松支部,0,,,0,,https://www2.njss.info/organizations/proc/2902,2026-08-02,石川県,国・省庁,0
最高裁判所 名古屋高等裁判所 金沢地方裁判所 小松簡易裁判所,0,,,0,,https://www2.njss.info/organizations/proc/2903,2026-08-02,石川県,国・省庁,0
最高裁判所 名古屋高等裁判所 金沢地方裁判所 七尾支部,0,,,0,,https://www2.njss.info/organizations/proc/2904,2026-08-02,石川県,国・省庁,0
最高裁判所 名古屋高等裁判所 金沢家庭裁判所 七尾支部,0,,,0,,https://www2.njss.info/organizations/proc/2905,2026-08-02,石川県,国・省庁,0
最高裁判所 名古屋高等裁判所 金沢地方裁判所 七尾簡易裁判所,0,,,0,,https://www2.njss.info/organizations/proc/2906,2026-08-02,石川県,国・省庁,0
最高裁判所 名古屋高等裁判所 金沢地方裁判所 輪島支部,0,,,0,,https://www2.njss.info/organizations/proc/2907,2026-08-02,石川県,国・省庁,0
最高裁判所 名古屋高等裁判所 金沢家庭裁判所 輪島支部,0,,,0,,https://www2.njss.info/organizations/proc/2908,2026-08-02,石川県,国・省庁,0
最高裁判所 名古屋高等裁判所 金沢地方裁判所 輪島簡易裁判所,0,,,0,,https://www2.njss.info/organizations/proc/2909,2026-08-02,石川県,国・省庁,0
最高裁判所 名古屋高等裁判所 金沢家庭裁判所 珠洲出張所,0,,,0,,https://www2.njss.info/organizations/proc/2910,2026-08-02,石川県,国・省庁,0
最高裁判所 名古屋高等裁判所 金沢地方裁判所 珠洲簡易裁判所,0,,,0,,https://www2.njss.info/organizations/proc/2911,2026-08-02,石川県,国・省庁,0
最高裁判所 名古屋高等裁判所 富山家庭裁判所,0,,,0,,https://www2.njss.info/organizations/proc/2912,2026-08-02,富山県,国・省庁,0
最高裁判所 名古屋高等裁判所 富山地方裁判所 富山簡易裁判所,0,,,0,,https://www2.njss.info/organizations/proc/2913,2026-08-02,富山県,国・省庁,0
最高裁判所 名古屋高等裁判所 富山地方裁判所 高岡支部,0,,,0,,https://www2.njss.info/organizations/proc/2914,2026-08-02,富山県,国・省庁,0
最高裁判所 名古屋高等裁判所 富山家庭裁判所 高岡支部,0,,,0,,https://www2.njss.info/organizations/proc/2915,2026-08-02,富山県,国・省庁,0
最高裁判所 名古屋高等裁判所 富山地方裁判所 高岡簡易裁判所,0,,,0,,https://www2.njss.info/organizations/proc/2916,2026-08-02,富山県,国・省庁,0
最高裁判所 名古屋高等裁判所 富山地方裁判所 魚津支部,0,,,0,,https://www2.njss.info/organizations/proc/2917,2026-08-02,富山県,国・省庁,0
最高裁判所 名古屋高等裁判所 富山家庭裁判所 魚津支部,0,,,0,,https://www2.njss.info/organizations/proc/2918,2026-08-02,富山県,国・省庁,0
最高裁判所 名古屋高等裁判所 富山地方裁判所 魚津簡易裁判所,0,,,0,,https://www2.njss.info/organizations/proc/2919,2026-08-02,富山県,国・省庁,0
最高裁判所 名古屋高等裁判所 富山家庭裁判所 砺波出張所,0,,,0,,https://www2.njss.info/organizations/proc/2920,2026-08-02,富山県,国・省庁,0
最高裁判所 名古屋高等裁判所 富山地方裁判所 砺波簡易裁判所,0,,,0,,https://www2.njss.info/organizations/proc/2921,2026-08-02,富山県,国・省庁,0
最高裁判所 広島高等裁判所 広島家庭裁判所,0,,,0,,https://www2.njss.info/organizations/proc/2923,2026-08-02,広島県,国・省庁,0
最高裁判所 広島高等裁判所 広島地方裁判所 広島簡易裁判所,0,,,0,,https://www2.njss.info/organizations/proc/2924,2026-08-02,広島県,国・省庁,0
最高裁判所 広島高等裁判所 岡山支部,0,,,0,,https://www2.njss.info/organizations/proc/2925,2026-08-02,岡山県,国・省庁,0
最高裁判所 広島高等裁判所 松江支部,0,,,0,,https://www2.njss.info/organizations/proc/2926,2026-08-02,島根県,国・省庁,0
最高裁判所 広島高等裁判所 広島地方裁判所 呉支部,0,,,0,,https://www2.njss.info/organizations/proc/2927,2026-08-02,広島県,国・省庁,0
最高裁判所 広島高等裁判所 広島家庭裁判所 呉支部,0,,,0,,https://www2.njss.info/organizations/proc/2928,2026-08-02,広島県,国・省庁,0
最高裁判所 広島高等裁判所 広島地方裁判所 呉簡易裁判所,0,,,0,,https://www2.njss.info/organizations/proc/2929,2026-08-02,広島県,国・省庁,0
最高裁判所 広島高等裁判所 広島地方裁判所 尾道支部,0,,,0,,https://www2.njss.info/organizations/proc/2930,2026-08-02,広島県,国・省庁,0
最高裁判所 広島高等裁判所 広島家庭裁判所 尾道支部,0,,,0,,https://www2.njss.info/organizations/proc/2931,2026-08-02,広島県,国・省庁,0
最高裁判所 広島高等裁判所 広島地方裁判所 尾道簡易裁判所,0,,,0,,https://www2.njss.info/organizations/proc/2932,2026-08-02,広島県,国・省庁,0
最高裁判所 広島高等裁判所 広島地方裁判所 福山支部,0,,,0,,https://www2.njss.info/organizations/proc/2933,2026-08-02,広島県,国・省庁,0
最高裁判所 広島高等裁判所 広島家庭裁判所 福山支部,0,,,0,,https://www2.njss.info/organizations/proc/2934,2026-08-02,広島県,国・省庁,0
最高裁判所 広島高等裁判所 広島地方裁判所 福山簡易裁判所,0,,,0,,https://www2.njss.info/organizations/proc/2935,2026-08-02,広島県,国・省庁,0
最高裁判所 広島高等裁判所 広島地方裁判所 三次支部,0,,,0,,https://www2.njss.info/organizations/proc/2936,2026-08-02,広島県,国・省庁,0
最高裁判所 広島高等裁判所 広島家庭裁判所 三次支部,0,,,0,,https://www2.njss.info/organizations/proc/2937,2026-08-02,広島県,国・省庁,0
最高裁判所 広島高等裁判所 広島地方裁判所 三次簡易裁判所,0,,,0,,https://www2.njss.info/organizations/proc/2938,2026-08-02,広島県,国・省庁,0
最高裁判所 広島高等裁判所 広島地方裁判所 東広島簡易裁判所,0,,,0,,https://www2.njss.info/organizations/proc/2939,2026-08-02,広島県,国・省庁,0
最高裁判所 広島高等裁判所 広島地方裁判所 可部簡易裁判所,0,,,0,,https://www2.njss.info/organizations/proc/2940,2026-08-02,広島県,国・省庁,0
最高裁判所 広島高等裁判所 広島地方裁判所 大竹簡易裁判所,0,,,0,,https://www2.njss.info/organizations/proc/2941,2026-08-02,広島県,国・省庁,0
最高裁判所 広島高等裁判所 広島地方裁判所 竹原簡易裁判所,0,,,0,,https://www2.njss.info/organizations/proc/2942,2026-08-02,広島県,国・省庁,0
最高裁判所 広島高等裁判所 広島地方裁判所 府中簡易裁判所,0,,,0,,https://www2.njss.info/organizations/proc/2943,2026-08-02,広島県,国・省庁,0
最高裁判所 広島高等裁判所 広島地方裁判所 庄原簡易裁判所,0,,,0,,https://www2.njss.info/organizations/proc/2944,2026-08-02,広島県,国・省庁,0
最高裁判所 広島高等裁判所 山口家庭裁判所,0,,,0,,https://www2.njss.info/organizations/proc/2945,2026-08-02,山口県,国・省庁,0
最高裁判所 広島高等裁判所 山口地方裁判所 山口簡易裁判所,0,,,0,,https://www2.njss.info/organizations/proc/2946,2026-08-02,山口県,国・省庁,0
最高裁判所 広島高等裁判所 山口地方裁判所 周南支部,0,,,0,,https://www2.njss.info/organizations/proc/2947,2026-08-02,山口県,国・省庁,0
最高裁判所 広島高等裁判所 山口家庭裁判所 周南支部,0,,,0,,https://www2.njss.info/organizations/proc/2948,2026-08-02,山口県,国・省庁,0
最高裁判所 広島高等裁判所 山口地方裁判所 周南簡易裁判所,0,,,0,,https://www2.njss.info/organizations/proc/2949,2026-08-02,山口県,国・省庁,0
最高裁判所 広島高等裁判所 山口地方裁判所 萩支部,0,,,0,,https://www2.njss.info/organizations/proc/2950,2026-08-02,山口県,国・省庁,0
最高裁判所 広島高等裁判所 山口家庭裁判所 萩支部,0,,,0,,https://www2.njss.info/organizations/proc/2951,2026-08-02,山口県,国・省庁,0
最高裁判所 広島高等裁判所 山口地方裁判所 萩簡易裁判所,0,,,0,,https://www2.njss.info/organizations/proc/2952,2026-08-02,山口県,国・省庁,0
最高裁判所 広島高等裁判所 山口地方裁判所 岩国支部,0,,,0,,https://www2.njss.info/organizations/proc/2953,2026-08-02,山口県,国・省庁,0
最高裁判所 広島高等裁判所 山口家庭裁判所 岩国支部,0,,,0,,https://www2.njss.info/organizations/proc/2954,2026-08-02,山口県,国・省庁,0
最高裁判所 広島高等裁判所 山口地方裁判所 岩国簡易裁判所,0,,,0,,https://www2.njss.info/organizations/proc/2955,2026-08-02,山口県,国・省庁,0
最高裁判所 広島高等裁判所 山口地方裁判所 下関支部,0,,,0,,https://www2.njss.info/organizations/proc/2956,2026-08-02,山口県,国・省庁,0
最高裁判所 広島高等裁判所 山口家庭裁判所 下関支部,0,,,0,,https://www2.njss.info/organizations/proc/2957,2026-08-02,山口県,国・省庁,0
最高裁判所 広島高等裁判所 山口地方裁判所 下関簡易裁判所,0,,,0,,https://www2.njss.info/organizations/proc/2958,2026-08-02,山口県,国・省庁,0
最高裁判所 広島高等裁判所 山口地方裁判所 宇部支部,0,,,0,,https://www2.njss.info/organizations/proc/2959,2026-08-02,山口県,国・省庁,0
最高裁判所 広島高等裁判所 山口家庭裁判所 宇部支部,0,,,0,,https://www2.njss.info/organizations/proc/2960,2026-08-02,山口県,国・省庁,0
最高裁判所 広島高等裁判所 山口地方裁判所 宇部簡易裁判所,0,,,0,,https://www2.njss.info/organizations/proc/2961,2026-08-02,山口県,国・省庁,0
最高裁判所 広島高等裁判所 山口地方裁判所 防府簡易裁判所,0,,,0,,https://www2.njss.info/organizations/proc/2962,2026-08-02,山口県,国・省庁,0
最高裁判所 広島高等裁判所 山口地方裁判所 長門簡易裁判所,0,,,0,,https://www2.njss.info/organizations/proc/2963,2026-08-02,山口県,国・省庁,0
最高裁判所 広島高等裁判所 山口家庭裁判所 柳井出張所,0,,,0,,https://www2.njss.info/organizations/proc/2964,2026-08-02,山口県,国・省庁,0
最高裁判所 広島高等裁判所 山口地方裁判所 柳井簡易裁判所,0,,,0,,https://www2.njss.info/organizations/proc/2965,2026-08-02,山口県,国・省庁,0
最高裁判所 広島高等裁判所 山口家庭裁判所 船木出張所,0,,,0,,https://www2.njss.info/organizations/proc/2966,2026-08-02,山口県,国・省庁,0
最高裁判所 広島高等裁判所 山口地方裁判所 船木簡易裁判所,0,,,0,,https://www2.njss.info/organizations/proc/2967,2026-08-02,山口県,国・省庁,0
最高裁判所 広島高等裁判所 岡山家庭裁判所,0,,,0,,https://www2.njss.info/organizations/proc/2968,2026-08-02,岡山県,国・省庁,0
最高裁判所 広島高等裁判所 岡山地方裁判所 岡山簡易裁判所,0,,,0,,https://www2.njss.info/organizations/proc/2969,2026-08-02,岡山県,国・省庁,0
最高裁判所 広島高等裁判所 岡山地方裁判所 倉敷支部,0,,,0,,https://www2.njss.info/organizations/proc/2970,2026-08-02,岡山県,国・省庁,0
最高裁判所 広島高等裁判所 岡山家庭裁判所 倉敷支部,0,,,0,,https://www2.njss.info/organizations/proc/2971,2026-08-02,岡山県,国・省庁,0
最高裁判所 広島高等裁判所 岡山地方裁判所 倉敷簡易裁判所,0,,,0,,https://www2.njss.info/organizations/proc/2972,2026-08-02,岡山県,国・省庁,0
最高裁判所 広島高等裁判所 岡山地方裁判所 新見支部,0,,,0,,https://www2.njss.info/organizations/proc/2973,2026-08-02,岡山県,国・省庁,0
最高裁判所 広島高等裁判所 岡山家庭裁判所 新見支部,0,,,0,,https://www2.njss.info/organizations/proc/2974,2026-08-02,岡山県,国・省庁,0
最高裁判所 広島高等裁判所 岡山地方裁判所 新見簡易裁判所,0,,,0,,https://www2.njss.info/organizations/proc/2975,2026-08-02,岡山県,国・省庁,0
最高裁判所 広島高等裁判所 岡山地方裁判所 津山支部,0,,,0,,https://www2.njss.info/organizations/proc/2976,2026-08-02,岡山県,国・省庁,0
最高裁判所 広島高等裁判所 岡山家庭裁判所 津山支部,0,,,0,,https://www2.njss.info/organizations/proc/2977,2026-08-02,岡山県,国・省庁,0
最高裁判所 広島高等裁判所 岡山地方裁判所 津山簡易裁判所,0,,,0,,https://www2.njss.info/organizations/proc/2978,2026-08-02,岡山県,国・省庁,0
最高裁判所 広島高等裁判所 岡山家庭裁判所 玉野出張所,0,,,0,,https://www2.njss.info/organizations/proc/2979,2026-08-02,岡山県,国・省庁,0
最高裁判所 広島高等裁判所 岡山地方裁判所 玉野簡易裁判所,0,,,0,,https://www2.njss.info/organizations/proc/2980,2026-08-02,岡山県,国・省庁,0
最高裁判所 広島高等裁判所 岡山家庭裁判所 児島出張所,0,,,0,,https://www2.njss.info/organizations/proc/2981,2026-08-02,岡山県,国・省庁,0
最高裁判所 広島高等裁判所 岡山地方裁判所 児島簡易裁判所,0,,,0,,https://www2.njss.info/organizations/proc/2982,2026-08-02,岡山県,国・省庁,0
最高裁判所 広島高等裁判所 岡山家庭裁判所 玉島出張所,0,,,0,,https://www2.njss.info/organizations/proc/2983,2026-08-02,岡山県,国・省庁,0
最高裁判所 広島高等裁判所 岡山地方裁判所 玉島簡易裁判所,0,,,0,,https://www2.njss.info/organizations/proc/2984,2026-08-02,岡山県,国・省庁,0
最高裁判所 広島高等裁判所 岡山家庭裁判所 笠岡出張所,0,,,0,,https://www2.njss.info/organizations/proc/2985,2026-08-02,岡山県,国・省庁,0
最高裁判所 広島高等裁判所 岡山地方裁判所 笠岡簡易裁判所,0,,,0,,https://www2.njss.info/organizations/proc/2986,2026-08-02,岡山県,国・省庁,0
最高裁判所 広島高等裁判所 岡山地方裁判所 高梁簡易裁判所,0,,,0,,https://www2.njss.info/organizations/proc/2987,2026-08-02,岡山県,国・省庁,0
最高裁判所 広島高等裁判所 岡山地方裁判所 勝山簡易裁判所,0,,,0,,https://www2.njss.info/organizations/proc/2988,2026-08-02,岡山県,国・省庁,0
最高裁判所 広島高等裁判所 鳥取家庭裁判所,0,,,0,,https://www2.njss.info/organizations/proc/2989,2026-08-02,鳥取県,国・省庁,0
最高裁判所 広島高等裁判所 鳥取地方裁判所 鳥取簡易裁判所,0,,,0,,https://www2.njss.info/organizations/proc/2990,2026-08-02,鳥取県,国・省庁,0
最高裁判所 広島高等裁判所 鳥取地方裁判所 倉吉支部,0,,,0,,https://www2.njss.info/organizations/proc/2991,2026-08-02,鳥取県,国・省庁,0
最高裁判所 広島高等裁判所 鳥取家庭裁判所 倉吉支部,0,,,0,,https://www2.njss.info/organizations/proc/2992,2026-08-02,鳥取県,国・省庁,0
最高裁判所 広島高等裁判所 鳥取地方裁判所 倉吉簡易裁判所,0,,,0,,https://www2.njss.info/organizations/proc/2993,2026-08-02,鳥取県,国・省庁,0
最高裁判所 広島高等裁判所 鳥取地方裁判所 米子支部,0,,,0,,https://www2.njss.info/organizations/proc/2994,2026-08-02,鳥取県,国・省庁,0
最高裁判所 広島高等裁判所 鳥取家庭裁判所 米子支部,0,,,0,,https://www2.njss.info/organizations/proc/2995,2026-08-02,鳥取県,国・省庁,0
最高裁判所 広島高等裁判所 鳥取地方裁判所 米子簡易裁判所,0,,,0,,https://www2.njss.info/organizations/proc/2996,2026-08-02,鳥取県,国・省庁,0
最高裁判所 広島高等裁判所 松江家庭裁判所,0,,,0,,https://www2.njss.info/organizations/proc/2997,2026-08-02,島根県,国・省庁,0
最高裁判所 広島高等裁判所 松江地方裁判所 松江簡易裁判所,0,,,0,,https://www2.njss.info/organizations/proc/2998,2026-08-02,島根県,国・省庁,0
最高裁判所 広島高等裁判所 松江地方裁判所 出雲支部,0,,,0,,https://www2.njss.info/organizations/proc/2999,2026-08-02,島根県,国・省庁,0
最高裁判所 広島高等裁判所 松江家庭裁判所 出雲支部,0,,,0,,https://www2.njss.info/organizations/proc/3000,2026-08-02,島根県,国・省庁,0
最高裁判所 広島高等裁判所 松江地方裁判所 出雲簡易裁判所,0,,,0,,https://www2.njss.info/organizations/proc/3001,2026-08-02,島根県,国・省庁,0
最高裁判所 広島高等裁判所 松江地方裁判所 浜田支部,0,,,0,,https://www2.njss.info/organizations/proc/3002,2026-08-02,島根県,国・省庁,0
最高裁判所 広島高等裁判所 松江家庭裁判所 浜田支部,0,,,0,,https://www2.njss.info/organizations/proc/3003,2026-08-02,島根県,国・省庁,0
最高裁判所 広島高等裁判所 松江地方裁判所 浜田簡易裁判所,0,,,0,,https://www2.njss.info/organizations/proc/3004,2026-08-02,島根県,国・省庁,0
最高裁判所 広島高等裁判所 松江地方裁判所 益田支部,0,,,0,,https://www2.njss.info/organizations/proc/3005,2026-08-02,島根県,国・省庁,0
最高裁判所 広島高等裁判所 松江家庭裁判所 益田支部,0,,,0,,https://www2.njss.info/organizations/proc/3006,2026-08-02,島根県,国・省庁,0
最高裁判所 広島高等裁判所 松江地方裁判所 益田簡易裁判所,0,,,0,,https://www2.njss.info/organizations/proc/3007,2026-08-02,島根県,国・省庁,0
最高裁判所 広島高等裁判所 松江地方裁判所 西郷支部,0,,,0,,https://www2.njss.info/organizations/proc/3008,2026-08-02,島根県,国・省庁,0
最高裁判所 広島高等裁判所 松江家庭裁判所 西郷支部,0,,,0,,https://www2.njss.info/organizations/proc/3009,2026-08-02,島根県,国・省庁,0
最高裁判所 広島高等裁判所 松江地方裁判所 西郷簡易裁判所,0,,,0,,https://www2.njss.info/organizations/proc/3010,2026-08-02,島根県,国・省庁,0
最高裁判所 広島高等裁判所 松江家庭裁判所 雲南出張所,0,,,0,,https://www2.njss.info/organizations/proc/3011,2026-08-02,島根県,国・省庁,0
最高裁判所 広島高等裁判所 松江地方裁判所 雲南簡易裁判所,0,,,0,,https://www2.njss.info/organizations/proc/3012,2026-08-02,島根県,国・省庁,0
最高裁判所 広島高等裁判所 松江家庭裁判所 川本出張所,0,,,0,,https://www2.njss.info/organizations/proc/3013,2026-08-02,島根県,国・省庁,0
最高裁判所 広島高等裁判所 松江地方裁判所 川本簡易裁判所,0,,,0,,https://www2.njss.info/organizations/proc/3014,2026-08-02,島根県,国・省庁,0
最高裁判所 福岡高等裁判所 福岡家庭裁判所,0,,,0,,https://www2.njss.info/organizations/proc/3015,2026-08-02,福岡県,国・省庁,0
最高裁判所 福岡高等裁判所 宮崎支部,0,,,0,,https://www2.njss.info/organizations/proc/3016,2026-08-02,宮崎県,国・省庁,0
最高裁判所 福岡高等裁判所 那覇支部,0,,,0,,https://www2.njss.info/organizations/proc/3017,2026-08-02,沖縄県,国・省庁,0
最高裁判所 福岡高等裁判所 福岡地方裁判所 福岡簡易裁判所,0,,,0,,https://www2.njss.info/organizations/proc/3018,2026-08-02,福岡県,国・省庁,0
最高裁判所 福岡高等裁判所 福岡地方裁判所 飯塚支部,0,,,0,,https://www2.njss.info/organizations/proc/3019,2026-08-02,福岡県,国・省庁,0
最高裁判所 福岡高等裁判所 福岡家庭裁判所 飯塚支部,0,,,0,,https://www2.njss.info/organizations/proc/3020,2026-08-02,福岡県,国・省庁,0
最高裁判所 福岡高等裁判所 福岡地方裁判所 飯塚簡易裁判所,0,,,0,,https://www2.njss.info/organizations/proc/3021,2026-08-02,福岡県,国・省庁,0
最高裁判所 福岡高等裁判所 福岡地方裁判所 直方支部,0,,,0,,https://www2.njss.info/organizations/proc/3022,2026-08-02,福岡県,国・省庁,0
最高裁判所 福岡高等裁判所 福岡家庭裁判所 直方支部,0,,,0,,https://www2.njss.info/organizations/proc/3023,2026-08-02,福岡県,国・省庁,0
最高裁判所 福岡高等裁判所 福岡地方裁判所 直方簡易裁判所,0,,,0,,https://www2.njss.info/organizations/proc/3024,2026-08-02,福岡県,国・省庁,0
最高裁判所 福岡高等裁判所 福岡地方裁判所 久留米支部,0,,,0,,https://www2.njss.info/organizations/proc/3025,2026-08-02,福岡県,国・省庁,0
最高裁判所 福岡高等裁判所 福岡家庭裁判所 久留米支部,0,,,0,,https://www2.njss.info/organizations/proc/3026,2026-08-02,福岡県,国・省庁,0
最高裁判所 福岡高等裁判所 福岡地方裁判所 久留米簡易裁判所,0,,,0,,https://www2.njss.info/organizations/proc/3027,2026-08-02,福岡県,国・省庁,0
最高裁判所 福岡高等裁判所 福岡地方裁判所 柳川支部,0,,,0,,https://www2.njss.info/organizations/proc/3028,2026-08-02,福岡県,国・省庁,0
最高裁判所 福岡高等裁判所 福岡家庭裁判所 柳川支部,0,,,0,,https://www2.njss.info/organizations/proc/3029,2026-08-02,福岡県,国・省庁,0
最高裁判所 福岡高等裁判所 福岡地方裁判所 柳川簡易裁判所,0,,,0,,https://www2.njss.info/organizations/proc/3030,2026-08-02,福岡県,国・省庁,0
最高裁判所 福岡高等裁判所 福岡地方裁判所 大牟田支部,0,,,0,,https://www2.njss.info/organizations/proc/3031,2026-08-02,福岡県,国・省庁,0
最高裁判所 福岡高等裁判所 福岡家庭裁判所 大牟田支部,0,,,0,,https://www2.njss.info/organizations/proc/3032,2026-08-02,福岡県,国・省庁,0
最高裁判所 福岡高等裁判所 福岡地方裁判所 大牟田簡易裁判所,0,,,0,,https://www2.njss.info/organizations/proc/3033,2026-08-02,福岡県,国・省庁,0
最高裁判所 福岡高等裁判所 福岡地方裁判所 八女支部,0,,,0,,https://www2.njss.info/organizations/proc/3034,2026-08-02,福岡県,国・省庁,0
最高裁判所 福岡高等裁判所 福岡家庭裁判所 八女支部,0,,,0,,https://www2.njss.info/organizations/proc/3035,2026-08-02,福岡県,国・省庁,0
最高裁判所 福岡高等裁判所 福岡地方裁判所 八女簡易裁判所,0,,,0,,https://www2.njss.info/organizations/proc/3036,2026-08-02,福岡県,国・省庁,0
最高裁判所 福岡高等裁判所 福岡地方裁判所 小倉支部,0,,,0,,https://www2.njss.info/organizations/proc/3037,2026-08-02,福岡県,国・省庁,0
最高裁判所 福岡高等裁判所 福岡家庭裁判所 小倉支部,0,,,0,,https://www2.njss.info/organizations/proc/3038,2026-08-02,福岡県,国・省庁,0
最高裁判所 福岡高等裁判所 福岡地方裁判所 小倉簡易裁判所,0,,,0,,https://www2.njss.info/organizations/proc/3039,2026-08-02,福岡県,国・省庁,0
最高裁判所 福岡高等裁判所 福岡地方裁判所 行橋支部,0,,,0,,https://www2.njss.info/organizations/proc/3040,2026-08-02,福岡県,国・省庁,0
最高裁判所 福岡高等裁判所 福岡家庭裁判所 行橋支部,0,,,0,,https://www2.njss.info/organizations/proc/3041,2026-08-02,福岡県,国・省庁,0
最高裁判所 福岡高等裁判所 福岡地方裁判所 行橋簡易裁判所,0,,,0,,https://www2.njss.info/organizations/proc/3042,2026-08-02,福岡県,国・省庁,0
最高裁判所 福岡高等裁判所 福岡地方裁判所 田川支部,0,,,0,,https://www2.njss.info/organizations/proc/3043,2026-08-02,福岡県,国・省庁,0
最高裁判所 福岡高等裁判所 福岡家庭裁判所 田川支部,0,,,0,,https://www2.njss.info/organizations/proc/3044,2026-08-02,福岡県,国・省庁,0
最高裁判所 福岡高等裁判所 福岡地方裁判所 田川簡易裁判所,0,,,0,,https://www2.njss.info/organizations/proc/3045,2026-08-02,福岡県,国・省庁,0
最高裁判所 福岡高等裁判所 福岡地方裁判所 宗像簡易裁判所,0,,,0,,https://www2.njss.info/organizations/proc/3046,2026-08-02,福岡県,国・省庁,0
最高裁判所 福岡高等裁判所 福岡家庭裁判所 甘木出張所,0,,,0,,https://www2.njss.info/organizations/proc/3047,2026-08-02,福岡県,国・省庁,0
最高裁判所 福岡高等裁判所 福岡地方裁判所 甘木簡易裁判所,0,,,0,,https://www2.njss.info/organizations/proc/3048,2026-08-02,福岡県,国・省庁,0
最高裁判所 福岡高等裁判所 福岡地方裁判所 うきは簡易裁判所,0,,,0,,https://www2.njss.info/organizations/proc/3049,2026-08-02,福岡県,国・省庁,0
最高裁判所 福岡高等裁判所 福岡地方裁判所 折尾簡易裁判所,0,,,0,,https://www2.njss.info/organizations/proc/3050,2026-08-02,福岡県,国・省庁,0
最高裁判所 福岡高等裁判所 佐賀家庭裁判所,0,,,0,,https://www2.njss.info/organizations/proc/3051,2026-08-02,佐賀県,国・省庁,0
最高裁判所 福岡高等裁判所 佐賀地方裁判所 佐賀簡易裁判所,0,,,0,,https://www2.njss.info/organizations/proc/3052,2026-08-02,佐賀県,国・省庁,0
最高裁判所 福岡高等裁判所 佐賀地方裁判所 武雄支部,0,,,0,,https://www2.njss.info/organizations/proc/3053,2026-08-02,佐賀県,国・省庁,0
最高裁判所 福岡高等裁判所 佐賀家庭裁判所 武雄支部,0,,,0,,https://www2.njss.info/organizations/proc/3054,2026-08-02,佐賀県,国・省庁,0
最高裁判所 福岡高等裁判所 佐賀地方裁判所 武雄簡易裁判所,0,,,0,,https://www2.njss.info/organizations/proc/3055,2026-08-02,佐賀県,国・省庁,0
最高裁判所 福岡高等裁判所 佐賀地方裁判所 唐津支部,0,,,0,,https://www2.njss.info/organizations/proc/3056,2026-08-02,佐賀県,国・省庁,0
最高裁判所 福岡高等裁判所 佐賀家庭裁判所 唐津支部,0,,,0,,https://www2.njss.info/organizations/proc/3057,2026-08-02,佐賀県,国・省庁,0
最高裁判所 福岡高等裁判所 佐賀地方裁判所 唐津簡易裁判所,0,,,0,,https://www2.njss.info/organizations/proc/3058,2026-08-02,佐賀県,国・省庁,0
最高裁判所 福岡高等裁判所 佐賀地方裁判所 鳥栖簡易裁判所,0,,,0,,https://www2.njss.info/organizations/proc/3059,2026-08-02,佐賀県,国・省庁,0
最高裁判所 福岡高等裁判所 佐賀家庭裁判所 鹿島出張所,0,,,0,,https://www2.njss.info/organizations/proc/3060,2026-08-02,佐賀県,国・省庁,0
最高裁判所 福岡高等裁判所 佐賀地方裁判所 鹿島簡易裁判所,0,,,0,,https://www2.njss.info/organizations/proc/3061,2026-08-02,佐賀県,国・省庁,0
最高裁判所 福岡高等裁判所 佐賀地方裁判所 伊万里簡易裁判所,0,,,0,,https://www2.njss.info/organizations/proc/3062,2026-08-02,佐賀県,国・省庁,0
最高裁判所 福岡高等裁判所 長崎家庭裁判所,0,,,0,,https://www2.njss.info/organizations/proc/3063,2026-08-02,長崎県,国・省庁,0
最高裁判所 福岡高等裁判所 長崎地方裁判所 長崎簡易裁判所,0,,,0,,https://www2.njss.info/organizations/proc/3064,2026-08-02,長崎県,国・省庁,0
最高裁判所 福岡高等裁判所 長崎地方裁判所 大村支部,0,,,0,,https://www2.njss.info/organizations/proc/3065,2026-08-02,長崎県,国・省庁,0
最高裁判所 福岡高等裁判所 長崎家庭裁判所 大村支部,0,,,0,,https://www2.njss.info/organizations/proc/3066,2026-08-02,長崎県,国・省庁,0
最高裁判所 福岡高等裁判所 長崎地方裁判所 大村簡易裁判所,0,,,0,,https://www2.njss.info/organizations/proc/3067,2026-08-02,長崎県,国・省庁,0
最高裁判所 福岡高等裁判所 長崎地方裁判所 島原支部,0,,,0,,https://www2.njss.info/organizations/proc/3068,2026-08-02,長崎県,国・省庁,0
最高裁判所 福岡高等裁判所 長崎家庭裁判所 島原支部,0,,,0,,https://www2.njss.info/organizations/proc/3069,2026-08-02,長崎県,国・省庁,0
最高裁判所 福岡高等裁判所 長崎地方裁判所 島原簡易裁判所,0,,,0,,https://www2.njss.info/organizations/proc/3070,2026-08-02,長崎県,国・省庁,0
最高裁判所 福岡高等裁判所 長崎地方裁判所 佐世保支部,0,,,0,,https://www2.njss.info/organizations/proc/3071,2026-08-02,長崎県,国・省庁,0
最高裁判所 福岡高等裁判所 長崎家庭裁判所 佐世保支部,0,,,0,,https://www2.njss.info/organizations/proc/3072,2026-08-02,長崎県,国・省庁,0
最高裁判所 福岡高等裁判所 長崎地方裁判所 佐世保簡易裁判所,0,,,0,,https://www2.njss.info/organizations/proc/3073,2026-08-02,長崎県,国・省庁,0
最高裁判所 福岡高等裁判所 長崎地方裁判所 平戸支部,0,,,0,,https://www2.njss.info/organizations/proc/3074,2026-08-02,長崎県,国・省庁,0
最高裁判所 福岡高等裁判所 長崎家庭裁判所 平戸支部,0,,,0,,https://www2.njss.info/organizations/proc/3075,2026-08-02,長崎県,国・省庁,0
最高裁判所 福岡高等裁判所 長崎地方裁判所 平戸簡易裁判所,0,,,0,,https://www2.njss.info/organizations/proc/3076,2026-08-02,長崎県,国・省庁,0
最高裁判所 福岡高等裁判所 長崎地方裁判所 壱岐支部,0,,,0,,https://www2.njss.info/organizations/proc/3077,2026-08-02,長崎県,国・省庁,0
最高裁判所 福岡高等裁判所 長崎家庭裁判所 壱岐支部,0,,,0,,https://www2.njss.info/organizations/proc/3078,2026-08-02,長崎県,国・省庁,0
最高裁判所 福岡高等裁判所 長崎地方裁判所 壱岐簡易裁判所,0,,,0,,https://www2.njss.info/organizations/proc/3079,2026-08-02,長崎県,国・省庁,0
最高裁判所 福岡高等裁判所 長崎地方裁判所 五島支部,0,,,0,,https://www2.njss.info/organizations/proc/3080,2026-08-02,長崎県,国・省庁,0
最高裁判所 福岡高等裁判所 長崎家庭裁判所 五島支部,0,,,0,,https://www2.njss.info/organizations/proc/3081,2026-08-02,長崎県,国・省庁,0
最高裁判所 福岡高等裁判所 長崎地方裁判所 五島簡易裁判所,0,,,0,,https://www2.njss.info/organizations/proc/3082,2026-08-02,長崎県,国・省庁,0
最高裁判所 福岡高等裁判所 長崎地方裁判所 厳原支部,0,,,0,,https://www2.njss.info/organizations/proc/3083,2026-08-02,長崎県,国・省庁,0
最高裁判所 福岡高等裁判所 長崎家庭裁判所 厳原支部,0,,,0,,https://www2.njss.info/organizations/proc/3084,2026-08-02,長崎県,国・省庁,0
最高裁判所 福岡高等裁判所 長崎地方裁判所 厳原簡易裁判所,0,,,0,,https://www2.njss.info/organizations/proc/3085,2026-08-02,長崎県,国・省庁,0
最高裁判所 福岡高等裁判所 長崎家庭裁判所 諫早出張所,0,,,0,,https://www2.njss.info/organizations/proc/3086,2026-08-02,長崎県,国・省庁,0
最高裁判所 福岡高等裁判所 長崎地方裁判所 諫早簡易裁判所,0,,,0,,https://www2.njss.info/organizations/proc/3087,2026-08-02,長崎県,国・省庁,0
最高裁判所 福岡高等裁判所 長崎家庭裁判所 新上五島出張所,0,,,0,,https://www2.njss.info/organizations/proc/3088,2026-08-02,長崎県,国・省庁,0
最高裁判所 福岡高等裁判所 長崎地方裁判所 新上五島簡易裁判所,0,,,0,,https://www2.njss.info/organizations/proc/3089,2026-08-02,長崎県,国・省庁,0
最高裁判所 福岡高等裁判所 長崎家庭裁判所 上県出張所,0,,,0,,https://www2.njss.info/organizations/proc/3090,2026-08-02,長崎県,国・省庁,0
最高裁判所 福岡高等裁判所 長崎地方裁判所 上県簡易裁判所,0,,,0,,https://www2.njss.info/organizations/proc/3091,2026-08-02,長崎県,国・省庁,0
最高裁判所 福岡高等裁判所 大分家庭裁判所,0,,,0,,https://www2.njss.info/organizations/proc/3092,2026-08-02,大分県,国・省庁,0
最高裁判所 福岡高等裁判所 大分地方裁判所 大分簡易裁判所,0,,,0,,https://www2.njss.info/organizations/proc/3093,2026-08-02,大分県,国・省庁,0
最高裁判所 福岡高等裁判所 大分地方裁判所 杵築支部,0,,,0,,https://www2.njss.info/organizations/proc/3094,2026-08-02,大分県,国・省庁,0
最高裁判所 福岡高等裁判所 大分家庭裁判所 杵築支部,0,,,0,,https://www2.njss.info/organizations/proc/3095,2026-08-02,大分県,国・省庁,0
最高裁判所 福岡高等裁判所 大分地方裁判所 杵築簡易裁判所,0,,,0,,https://www2.njss.info/organizations/proc/3096,2026-08-02,大分県,国・省庁,0
最高裁判所 福岡高等裁判所 大分地方裁判所 佐伯支部,0,,,0,,https://www2.njss.info/organizations/proc/3097,2026-08-02,大分県,国・省庁,0
最高裁判所 福岡高等裁判所 大分家庭裁判所 佐伯支部,0,,,0,,https://www2.njss.info/organizations/proc/3098,2026-08-02,大分県,国・省庁,0
最高裁判所 福岡高等裁判所 大分地方裁判所 佐伯簡易裁判所,0,,,0,,https://www2.njss.info/organizations/proc/3099,2026-08-02,大分県,国・省庁,0
最高裁判所 福岡高等裁判所 大分地方裁判所 竹田支部,0,,,0,,https://www2.njss.info/organizations/proc/3100,2026-08-02,大分県,国・省庁,0
最高裁判所 福岡高等裁判所 大分家庭裁判所 竹田支部,0,,,0,,https://www2.njss.info/organizations/proc/3101,2026-08-02,大分県,国・省庁,0
最高裁判所 福岡高等裁判所 大分地方裁判所 竹田簡易裁判所,0,,,0,,https://www2.njss.info/organizations/proc/3102,2026-08-02,大分県,国・省庁,0
最高裁判所 福岡高等裁判所 大分地方裁判所 中津支部,0,,,0,,https://www2.njss.info/organizations/proc/3103,2026-08-02,大分県,国・省庁,0
最高裁判所 福岡高等裁判所 大分家庭裁判所 中津支部,0,,,0,,https://www2.njss.info/organizations/proc/3104,2026-08-02,大分県,国・省庁,0
最高裁判所 福岡高等裁判所 大分地方裁判所 中津簡易裁判所,0,,,0,,https://www2.njss.info/organizations/proc/3105,2026-08-02,大分県,国・省庁,0
最高裁判所 福岡高等裁判所 大分地方裁判所 日田支部,0,,,0,,https://www2.njss.info/organizations/proc/3106,2026-08-02,大分県,国・省庁,0
最高裁判所 福岡高等裁判所 大分家庭裁判所 日田支部,0,,,0,,https://www2.njss.info/organizations/proc/3107,2026-08-02,大分県,国・省庁,0
最高裁判所 福岡高等裁判所 大分地方裁判所 日田簡易裁判所,0,,,0,,https://www2.njss.info/organizations/proc/3108,2026-08-02,大分県,国・省庁,0
最高裁判所 福岡高等裁判所 大分家庭裁判所 豊後高田出張所,0,,,0,,https://www2.njss.info/organizations/proc/3109,2026-08-02,大分県,国・省庁,0
最高裁判所 福岡高等裁判所 大分地方裁判所 豊後高田簡易裁判所,0,,,0,,https://www2.njss.info/organizations/proc/3110,2026-08-02,大分県,国・省庁,0
最高裁判所 福岡高等裁判所 大分地方裁判所 別府簡易裁判所,0,,,0,,https://www2.njss.info/organizations/proc/3111,2026-08-02,大分県,国・省庁,0
最高裁判所 福岡高等裁判所 大分地方裁判所 臼杵簡易裁判所,0,,,0,,https://www2.njss.info/organizations/proc/3112,2026-08-02,大分県,国・省庁,0
最高裁判所 福岡高等裁判所 熊本家庭裁判所,0,,,0,,https://www2.njss.info/organizations/proc/3113,2026-08-02,熊本県,国・省庁,0
最高裁判所 福岡高等裁判所 熊本地方裁判所 熊本簡易裁判所,0,,,0,,https://www2.njss.info/organizations/proc/3114,2026-08-02,熊本県,国・省庁,0
最高裁判所 福岡高等裁判所 熊本地方裁判所 玉名支部,0,,,0,,https://www2.njss.info/organizations/proc/3115,2026-08-02,熊本県,国・省庁,0
最高裁判所 福岡高等裁判所 熊本家庭裁判所 玉名支部,0,,,0,,https://www2.njss.info/organizations/proc/3116,2026-08-02,熊本県,国・省庁,0
最高裁判所 福岡高等裁判所 熊本地方裁判所 玉名簡易裁判所,0,,,0,,https://www2.njss.info/organizations/proc/3117,2026-08-02,熊本県,国・省庁,0
最高裁判所 福岡高等裁判所 熊本地方裁判所 山鹿支部,0,,,0,,https://www2.njss.info/organizations/proc/3118,2026-08-02,熊本県,国・省庁,0
最高裁判所 福岡高等裁判所 熊本家庭裁判所 山鹿支部,0,,,0,,https://www2.njss.info/organizations/proc/3119,2026-08-02,熊本県,国・省庁,0
最高裁判所 福岡高等裁判所 熊本地方裁判所 山鹿簡易裁判所,0,,,0,,https://www2.njss.info/organizations/proc/3120,2026-08-02,熊本県,国・省庁,0
最高裁判所 福岡高等裁判所 熊本地方裁判所 阿蘇支部,0,,,0,,https://www2.njss.info/organizations/proc/3121,2026-08-02,熊本県,国・省庁,0
最高裁判所 福岡高等裁判所 熊本家庭裁判所 阿蘇支部,0,,,0,,https://www2.njss.info/organizations/proc/3122,2026-08-02,熊本県,国・省庁,0
最高裁判所 福岡高等裁判所 熊本地方裁判所 阿蘇簡易裁判所,0,,,0,,https://www2.njss.info/organizations/proc/3123,2026-08-02,熊本県,国・省庁,0
最高裁判所 福岡高等裁判所 熊本地方裁判所 八代支部,0,,,0,,https://www2.njss.info/organizations/proc/3124,2026-08-02,熊本県,国・省庁,0
最高裁判所 福岡高等裁判所 熊本家庭裁判所 八代支部,0,,,0,,https://www2.njss.info/organizations/proc/3125,2026-08-02,熊本県,国・省庁,0
最高裁判所 福岡高等裁判所 熊本地方裁判所 八代簡易裁判所,0,,,0,,https://www2.njss.info/organizations/proc/3126,2026-08-02,熊本県,国・省庁,0
最高裁判所 福岡高等裁判所 熊本地方裁判所 人吉支部,0,,,0,,https://www2.njss.info/organizations/proc/3127,2026-08-02,熊本県,国・省庁,0
最高裁判所 福岡高等裁判所 熊本家庭裁判所 人吉支部,0,,,0,,https://www2.njss.info/organizations/proc/3128,2026-08-02,熊本県,国・省庁,0
最高裁判所 福岡高等裁判所 熊本地方裁判所 人吉簡易裁判所,0,,,0,,https://www2.njss.info/organizations/proc/3129,2026-08-02,熊本県,国・省庁,0
最高裁判所 福岡高等裁判所 熊本地方裁判所 天草支部,0,,,0,,https://www2.njss.info/organizations/proc/3130,2026-08-02,熊本県,国・省庁,0
最高裁判所 福岡高等裁判所 熊本家庭裁判所 天草支部,0,,,0,,https://www2.njss.info/organizations/proc/3131,2026-08-02,熊本県,国・省庁,0
最高裁判所 福岡高等裁判所 熊本地方裁判所 天草簡易裁判所,0,,,0,,https://www2.njss.info/organizations/proc/3132,2026-08-02,熊本県,国・省庁,0
最高裁判所 福岡高等裁判所 熊本家庭裁判所 高森出張所,0,,,0,,https://www2.njss.info/organizations/proc/3133,2026-08-02,熊本県,国・省庁,0
最高裁判所 福岡高等裁判所 熊本地方裁判所 高森簡易裁判所,0,,,0,,https://www2.njss.info/organizations/proc/3134,2026-08-02,熊本県,国・省庁,0
最高裁判所 福岡高等裁判所 熊本家庭裁判所 御船主張所,0,,,0,,https://www2.njss.info/organizations/proc/3135,2026-08-02,熊本県,国・省庁,0
最高裁判所 福岡高等裁判所 熊本地方裁判所 御船簡易裁判所,0,,,0,,https://www2.njss.info/organizations/proc/3136,2026-08-02,熊本県,国・省庁,0
最高裁判所 福岡高等裁判所 熊本家庭裁判所 水俣出張所,0,,,0,,https://www2.njss.info/organizations/proc/3137,2026-08-02,熊本県,国・省庁,0
最高裁判所 福岡高等裁判所 熊本地方裁判所 水俣簡易裁判所,0,,,0,,https://www2.njss.info/organizations/proc/3138,2026-08-02,熊本県,国・省庁,0
最高裁判所 福岡高等裁判所 熊本家庭裁判所 牛深出張所,0,,,0,,https://www2.njss.info/organizations/proc/3139,2026-08-02,熊本県,国・省庁,0
最高裁判所 福岡高等裁判所 熊本地方裁判所 牛深簡易裁判所,0,,,0,,https://www2.njss.info/organizations/proc/3140,2026-08-02,熊本県,国・省庁,0
最高裁判所 福岡高等裁判所 熊本地方裁判所 宇城簡易裁判所,0,,,0,,https://www2.njss.info/organizations/proc/3141,2026-08-02,熊本県,国・省庁,0
最高裁判所 福岡高等裁判所 熊本地方裁判所 荒尾簡易裁判所,0,,,0,,https://www2.njss.info/organizations/proc/3142,2026-08-02,熊本県,国・省庁,0
最高裁判所 福岡高等裁判所 鹿児島家庭裁判所,0,,,0,,https://www2.njss.info/organizations/proc/3143,2026-08-02,鹿児島県,国・省庁,0
最高裁判所 福岡高等裁判所 鹿児島地方裁判所 鹿児島簡易裁判所,0,,,0,,https://www2.njss.info/organizations/proc/3144,2026-08-02,鹿児島県,国・省庁,0
最高裁判所 福岡高等裁判所 鹿児島地方裁判所 名瀬支部,0,,,0,,https://www2.njss.info/organizations/proc/3145,2026-08-02,鹿児島県,国・省庁,0
最高裁判所 福岡高等裁判所 鹿児島家庭裁判所 名瀬支部,0,,,0,,https://www2.njss.info/organizations/proc/3146,2026-08-02,鹿児島県,国・省庁,0
最高裁判所 福岡高等裁判所 鹿児島地方裁判所 名瀬簡易裁判所,0,,,0,,https://www2.njss.info/organizations/proc/3147,2026-08-02,鹿児島県,国・省庁,0
最高裁判所 福岡高等裁判所 鹿児島地方裁判所 加治木支部,0,,,0,,https://www2.njss.info/organizations/proc/3148,2026-08-02,鹿児島県,国・省庁,0
最高裁判所 福岡高等裁判所 鹿児島家庭裁判所 加治木支部,0,,,0,,https://www2.njss.info/organizations/proc/3149,2026-08-02,鹿児島県,国・省庁,0
最高裁判所 福岡高等裁判所 鹿児島地方裁判所 加治木簡易裁判所,0,,,0,,https://www2.njss.info/organizations/proc/3150,2026-08-02,鹿児島県,国・省庁,0
最高裁判所 福岡高等裁判所 鹿児島地方裁判所 知覧支部,0,,,0,,https://www2.njss.info/organizations/proc/3151,2026-08-02,鹿児島県,国・省庁,0
最高裁判所 福岡高等裁判所 鹿児島家庭裁判所 知覧支部,0,,,0,,https://www2.njss.info/organizations/proc/3152,2026-08-02,鹿児島県,国・省庁,0
最高裁判所 福岡高等裁判所 鹿児島地方裁判所 知覧簡易裁判所,0,,,0,,https://www2.njss.info/organizations/proc/3153,2026-08-02,鹿児島県,国・省庁,0
最高裁判所 福岡高等裁判所 鹿児島地方裁判所 川内支部,0,,,0,,https://www2.njss.info/organizations/proc/3154,2026-08-02,鹿児島県,国・省庁,0
最高裁判所 福岡高等裁判所 鹿児島家庭裁判所 川内支部,0,,,0,,https://www2.njss.info/organizations/proc/3155,2026-08-02,鹿児島県,国・省庁,0
最高裁判所 福岡高等裁判所 鹿児島地方裁判所 川内簡易裁判所,0,,,0,,https://www2.njss.info/organizations/proc/3156,2026-08-02,鹿児島県,国・省庁,0
最高裁判所 福岡高等裁判所 鹿児島地方裁判所 鹿屋支部,0,,,0,,https://www2.njss.info/organizations/proc/3157,2026-08-02,鹿児島県,国・省庁,0
最高裁判所 福岡高等裁判所 鹿児島家庭裁判所 鹿屋支部,0,,,0,,https://www2.njss.info/organizations/proc/3158,2026-08-02,鹿児島県,国・省庁,0
最高裁判所 福岡高等裁判所 鹿児島地方裁判所 鹿屋簡易裁判所,0,,,0,,https://www2.njss.info/organizations/proc/3159,2026-08-02,鹿児島県,国・省庁,0
最高裁判所 福岡高等裁判所 鹿児島家庭裁判所 種子島出張所,0,,,0,,https://www2.njss.info/organizations/proc/3160,2026-08-02,鹿児島県,国・省庁,0
最高裁判所 福岡高等裁判所 鹿児島地方裁判所 種子島簡易裁判所,0,,,0,,https://www2.njss.info/organizations/proc/3161,2026-08-02,鹿児島県,国・省庁,0
最高裁判所 福岡高等裁判所 鹿児島家庭裁判所 屋久島出張所,0,,,0,,https://www2.njss.info/organizations/proc/3162,2026-08-02,鹿児島県,国・省庁,0
最高裁判所 福岡高等裁判所 鹿児島地方裁判所 屋久島簡易裁判所,0,,,0,,https://www2.njss.info/organizations/proc/3163,2026-08-02,鹿児島県,国・省庁,0
最高裁判所 福岡高等裁判所 鹿児島家庭裁判所 徳之島出張所,0,,,0,,https://www2.njss.info/organizations/proc/3164,2026-08-02,鹿児島県,国・省庁,0
最高裁判所 福岡高等裁判所 鹿児島地方裁判所 徳之島簡易裁判所,0,,,0,,https://www2.njss.info/organizations/proc/3165,2026-08-02,鹿児島県,国・省庁,0
最高裁判所 福岡高等裁判所 鹿児島家庭裁判所 大口出張所,0,,,0,,https://www2.njss.info/organizations/proc/3166,2026-08-02,鹿児島県,国・省庁,0
最高裁判所 福岡高等裁判所 鹿児島地方裁判所 大口簡易裁判所,0,,,0,,https://www2.njss.info/organizations/proc/3167,2026-08-02,鹿児島県,国・省庁,0
最高裁判所 福岡高等裁判所 鹿児島家庭裁判所 指宿出張所,0,,,0,,https://www2.njss.info/organizations/proc/3168,2026-08-02,鹿児島県,国・省庁,0
最高裁判所 福岡高等裁判所 鹿児島地方裁判所 指宿簡易裁判所,0,,,0,,https://www2.njss.info/organizations/proc/3169,2026-08-02,鹿児島県,国・省庁,0
最高裁判所 福岡高等裁判所 鹿児島地方裁判所 伊集院簡易裁判所,0,,,0,,https://www2.njss.info/organizations/proc/3170,2026-08-02,鹿児島県,国・省庁,0
最高裁判所 福岡高等裁判所 鹿児島地方裁判所 大隅簡易裁判所,0,,,0,,https://www2.njss.info/organizations/proc/3171,2026-08-02,鹿児島県,国・省庁,0
最高裁判所 福岡高等裁判所 鹿児島地方裁判所 加世田簡易裁判所,0,,,0,,https://www2.njss.info/organizations/proc/3172,2026-08-02,鹿児島県,国・省庁,0
最高裁判所 福岡高等裁判所 鹿児島地方裁判所 出水簡易裁判所,0,,,0,,https://www2.njss.info/organizations/proc/3173,2026-08-02,鹿児島県,国・省庁,0
最高裁判所 福岡高等裁判所 鹿児島地方裁判所 甑島簡易裁判所,0,,,0,,https://www2.njss.info/organizations/proc/3174,2026-08-02,鹿児島県,国・省庁,0
最高裁判所 福岡高等裁判所 宮崎家庭裁判所,0,,,0,,https://www2.njss.info/organizations/proc/3175,2026-08-02,宮崎県,国・省庁,0
最高裁判所 福岡高等裁判所 宮崎地方裁判所 宮崎簡易裁判所,0,,,0,,https://www2.njss.info/organizations/proc/3176,2026-08-02,宮崎県,国・省庁,0
最高裁判所 福岡高等裁判所 宮崎地方裁判所 日南支部,0,,,0,,https://www2.njss.info/organizations/proc/3177,2026-08-02,宮崎県,国・省庁,0
最高裁判所 福岡高等裁判所 宮崎家庭裁判所 日南支部,0,,,0,,https://www2.njss.info/organizations/proc/3178,2026-08-02,宮崎県,国・省庁,0
最高裁判所 福岡高等裁判所 宮崎地方裁判所 日南簡易裁判所,0,,,0,,https://www2.njss.info/organizations/proc/3179,2026-08-02,宮崎県,国・省庁,0
最高裁判所 福岡高等裁判所 宮崎地方裁判所 都城支部,0,,,0,,https://www2.njss.info/organizations/proc/3180,2026-08-02,宮崎県,国・省庁,0
最高裁判所 福岡高等裁判所 宮崎家庭裁判所 都城支部,0,,,0,,https://www2.njss.info/organizations/proc/3181,2026-08-02,宮崎県,国・省庁,0
最高裁判所 福岡高等裁判所 宮崎地方裁判所 都城簡易裁判所,0,,,0,,https://www2.njss.info/organizations/proc/3182,2026-08-02,宮崎県,国・省庁,0
最高裁判所 福岡高等裁判所 宮崎地方裁判所 延岡支部,0,,,0,,https://www2.njss.info/organizations/proc/3183,2026-08-02,宮崎県,国・省庁,0
最高裁判所 福岡高等裁判所 宮崎家庭裁判所 延岡支部,0,,,0,,https://www2.njss.info/organizations/proc/3184,2026-08-02,宮崎県,国・省庁,0
最高裁判所 福岡高等裁判所 宮崎地方裁判所 延岡簡易裁判所,0,,,0,,https://www2.njss.info/organizations/proc/3185,2026-08-02,宮崎県,国・省庁,0
最高裁判所 福岡高等裁判所 宮崎家庭裁判所 日向出張所,0,,,0,,https://www2.njss.info/organizations/proc/3186,2026-08-02,宮崎県,国・省庁,0
最高裁判所 福岡高等裁判所 宮崎地方裁判所 日向簡易裁判所,0,,,0,,https://www2.njss.info/organizations/proc/3187,2026-08-02,宮崎県,国・省庁,0
最高裁判所 福岡高等裁判所 宮崎家庭裁判所 高千穂出張所,0,,,0,,https://www2.njss.info/organizations/proc/3188,2026-08-02,宮崎県,国・省庁,0
最高裁判所 福岡高等裁判所 宮崎地方裁判所 高千穂簡易裁判所,0,,,0,,https://www2.njss.info/organizations/proc/3189,2026-08-02,宮崎県,国・省庁,0
最高裁判所 福岡高等裁判所 宮崎地方裁判所 西都簡易裁判所,0,,,0,,https://www2.njss.info/organizations/proc/3190,2026-08-02,宮崎県,国・省庁,0
最高裁判所 福岡高等裁判所 宮崎地方裁判所 小林簡易裁判所,0,,,0,,https://www2.njss.info/organizations/proc/3191,2026-08-02,宮崎県,国・省庁,0
最高裁判所 福岡高等裁判所 那覇家庭裁判所,0,,,0,,https://www2.njss.info/organizations/proc/3192,2026-08-02,沖縄県,国・省庁,0
最高裁判所 福岡高等裁判所 那覇地方裁判所 那覇簡易裁判所,0,,,0,,https://www2.njss.info/organizations/proc/3193,2026-08-02,沖縄県,国・省庁,0
最高裁判所 福岡高等裁判所 那覇地方裁判所 沖縄支部,0,,,0,,https://www2.njss.info/organizations/proc/3194,2026-08-02,沖縄県,国・省庁,0
最高裁判所 福岡高等裁判所 那覇家庭裁判所 沖縄支部,0,,,0,,https://www2.njss.info/organizations/proc/3195,2026-08-02,沖縄県,国・省庁,0
最高裁判所 福岡高等裁判所 那覇地方裁判所 沖縄簡易裁判所,0,,,0,,https://www2.njss.info/organizations/proc/3196,2026-08-02,沖縄県,国・省庁,0
最高裁判所 福岡高等裁判所 那覇地方裁判所 名護支部,0,,,0,,https://www2.njss.info/organizations/proc/3197,2026-08-02,沖縄県,国・省庁,0
最高裁判所 福岡高等裁判所 那覇家庭裁判所 名護支部,0,,,0,,https://www2.njss.info/organizations/proc/3198,2026-08-02,沖縄県,国・省庁,0
最高裁判所 福岡高等裁判所 那覇地方裁判所 名護簡易裁判所,0,,,0,,https://www2.njss.info/organizations/proc/3199,2026-08-02,沖縄県,国・省庁,0
最高裁判所 福岡高等裁判所 那覇地方裁判所 平良支部,0,,,0,,https://www2.njss.info/organizations/proc/3200,2026-08-02,沖縄県,国・省庁,0
最高裁判所 福岡高等裁判所 那覇家庭裁判所 平良支部,0,,,0,,https://www2.njss.info/organizations/proc/3201,2026-08-02,沖縄県,国・省庁,0
最高裁判所 福岡高等裁判所 那覇地方裁判所 平良簡易裁判所,0,,,0,,https://www2.njss.info/organizations/proc/3202,2026-08-02,沖縄県,国・省庁,0
最高裁判所 福岡高等裁判所 那覇地方裁判所 石垣支部,0,,,0,,https://www2.njss.info/organizations/proc/3203,2026-08-02,沖縄県,国・省庁,0
最高裁判所 福岡高等裁判所 那覇家庭裁判所 石垣支部,0,,,0,,https://www2.njss.info/organizations/proc/3204,2026-08-02,沖縄県,国・省庁,0
最高裁判所 福岡高等裁判所 那覇地方裁判所 石垣簡易裁判所,0,,,0,,https://www2.njss.info/organizations/proc/3205,2026-08-02,沖縄県,国・省庁,0
最高裁判所 仙台高等裁判所 仙台家庭裁判所,0,,,0,,https://www2.njss.info/organizations/proc/3206,2026-08-02,宮城県,国・省庁,0
最高裁判所 仙台高等裁判所 秋田支部,0,,,0,,https://www2.njss.info/organizations/proc/3207,2026-08-02,秋田県,国・省庁,0
最高裁判所 仙台高等裁判所 仙台地方裁判所 仙台簡易裁判所,0,,,0,,https://www2.njss.info/organizations/proc/3208,2026-08-02,宮城県,国・省庁,0
最高裁判所 仙台高等裁判所 仙台地方裁判所 大河原支部,0,,,0,,https://www2.njss.info/organizations/proc/3209,2026-08-02,宮城県,国・省庁,0
最高裁判所 仙台高等裁判所 仙台家庭裁判所 大河原支部,0,,,0,,https://www2.njss.info/organizations/proc/3210,2026-08-02,宮城県,国・省庁,0
最高裁判所 仙台高等裁判所 仙台地方裁判所 大河原簡易裁判所,0,,,0,,https://www2.njss.info/organizations/proc/3211,2026-08-02,宮城県,国・省庁,0
最高裁判所 仙台高等裁判所 仙台地方裁判所 古川支部,0,,,0,,https://www2.njss.info/organizations/proc/3212,2026-08-02,宮城県,国・省庁,0
最高裁判所 仙台高等裁判所 仙台家庭裁判所 古川支部,0,,,0,,https://www2.njss.info/organizations/proc/3213,2026-08-02,宮城県,国・省庁,0
最高裁判所 仙台高等裁判所 仙台地方裁判所 古川簡易裁判所,0,,,0,,https://www2.njss.info/organizations/proc/3214,2026-08-02,宮城県,国・省庁,0
最高裁判所 仙台高等裁判所 仙台地方裁判所 石巻支部,0,,,0,,https://www2.njss.info/organizations/proc/3215,2026-08-02,宮城県,国・省庁,0
最高裁判所 仙台高等裁判所 仙台家庭裁判所 石巻支部,0,,,0,,https://www2.njss.info/organizations/proc/3216,2026-08-02,宮城県,国・省庁,0
最高裁判所 仙台高等裁判所 仙台地方裁判所 石巻簡易裁判所,0,,,0,,https://www2.njss.info/organizations/proc/3217,2026-08-02,宮城県,国・省庁,0
最高裁判所 仙台高等裁判所 仙台地方裁判所 登米支部,0,,,0,,https://www2.njss.info/organizations/proc/3218,2026-08-02,宮城県,国・省庁,0
最高裁判所 仙台高等裁判所 仙台家庭裁判所 登米支部,0,,,0,,https://www2.njss.info/organizations/proc/3219,2026-08-02,宮城県,国・省庁,0
最高裁判所 仙台高等裁判所 仙台地方裁判所 登米簡易裁判所,0,,,0,,https://www2.njss.info/organizations/proc/3220,2026-08-02,宮城県,国・省庁,0
最高裁判所 仙台高等裁判所 仙台地方裁判所 気仙沼支部,0,,,0,,https://www2.njss.info/organizations/proc/3221,2026-08-02,宮城県,国・省庁,0
最高裁判所 仙台高等裁判所 仙台家庭裁判所 気仙沼支部,0,,,0,,https://www2.njss.info/organizations/proc/3222,2026-08-02,宮城県,国・省庁,0
最高裁判所 仙台高等裁判所 仙台地方裁判所 気仙沼簡易裁判所,0,,,0,,https://www2.njss.info/organizations/proc/3223,2026-08-02,宮城県,国・省庁,0
最高裁判所 仙台高等裁判所 仙台地方裁判所 築館簡易裁判所,0,,,0,,https://www2.njss.info/organizations/proc/3224,2026-08-02,宮城県,国・省庁,0
最高裁判所 仙台高等裁判所 福島家庭裁判所,0,,,0,,https://www2.njss.info/organizations/proc/3225,2026-08-02,福島県,国・省庁,0
最高裁判所 仙台高等裁判所 福島地方裁判所 福島簡易裁判所,0,,,0,,https://www2.njss.info/organizations/proc/3226,2026-08-02,福島県,国・省庁,0
最高裁判所 仙台高等裁判所 福島地方裁判所 相馬支部,0,,,0,,https://www2.njss.info/organizations/proc/3227,2026-08-02,福島県,国・省庁,0
最高裁判所 仙台高等裁判所 福島家庭裁判所 相馬支部,0,,,0,,https://www2.njss.info/organizations/proc/3228,2026-08-02,福島県,国・省庁,0
最高裁判所 仙台高等裁判所 福島地方裁判所 相馬簡易裁判所,0,,,0,,https://www2.njss.info/organizations/proc/3229,2026-08-02,福島県,国・省庁,0
最高裁判所 仙台高等裁判所 福島地方裁判所 郡山支部,0,,,0,,https://www2.njss.info/organizations/proc/3230,2026-08-02,福島県,国・省庁,0
最高裁判所 仙台高等裁判所 福島家庭裁判所 郡山支部,0,,,0,,https://www2.njss.info/organizations/proc/3231,2026-08-02,福島県,国・省庁,0
最高裁判所 仙台高等裁判所 福島地方裁判所 郡山簡易裁判所,0,,,0,,https://www2.njss.info/organizations/proc/3232,2026-08-02,福島県,国・省庁,0
最高裁判所 仙台高等裁判所 福島地方裁判所 白河支部,0,,,0,,https://www2.njss.info/organizations/proc/3233,2026-08-02,福島県,国・省庁,0
最高裁判所 仙台高等裁判所 福島家庭裁判所 白河支部,0,,,0,,https://www2.njss.info/organizations/proc/3234,2026-08-02,福島県,国・省庁,0
最高裁判所 仙台高等裁判所 福島地方裁判所 白河簡易裁判所,0,,,0,,https://www2.njss.info/organizations/proc/3235,2026-08-02,福島県,国・省庁,0
最高裁判所 仙台高等裁判所 福島地方裁判所 会津若松支部,0,,,0,,https://www2.njss.info/organizations/proc/3236,2026-08-02,福島県,国・省庁,0
最高裁判所 仙台高等裁判所 福島家庭裁判所 会津若松支部,0,,,0,,https://www2.njss.info/organizations/proc/3237,2026-08-02,福島県,国・省庁,0
最高裁判所 仙台高等裁判所 福島地方裁判所 会津若松簡易裁判所,0,,,0,,https://www2.njss.info/organizations/proc/3238,2026-08-02,福島県,国・省庁,0
最高裁判所 仙台高等裁判所 福島地方裁判所 いわき支部,0,,,0,,https://www2.njss.info/organizations/proc/3239,2026-08-02,福島県,国・省庁,0
最高裁判所 仙台高等裁判所 福島家庭裁判所 いわき支部,0,,,0,,https://www2.njss.info/organizations/proc/3240,2026-08-02,福島県,国・省庁,0
最高裁判所 仙台高等裁判所 福島地方裁判所 いわき簡易裁判所,0,,,0,,https://www2.njss.info/organizations/proc/3241,2026-08-02,福島県,国・省庁,0
最高裁判所 仙台高等裁判所 福島家庭裁判所 棚倉出張所,0,,,0,,https://www2.njss.info/organizations/proc/3242,2026-08-02,福島県,国・省庁,0
最高裁判所 仙台高等裁判所 福島地方裁判所 棚倉簡易裁判所,0,,,0,,https://www2.njss.info/organizations/proc/3243,2026-08-02,福島県,国・省庁,0
最高裁判所 仙台高等裁判所 福島家庭裁判所 田島出張所,0,,,0,,https://www2.njss.info/organizations/proc/3244,2026-08-02,福島県,国・省庁,0
最高裁判所 仙台高等裁判所 福島地方裁判所 田島簡易裁判所,0,,,0,,https://www2.njss.info/organizations/proc/3245,2026-08-02,福島県,国・省庁,0
最高裁判所 仙台高等裁判所 福島地方裁判所 福島富岡簡易裁判所,0,,,0,,https://www2.njss.info/organizations/proc/3246,2026-08-02,福島県,国・省庁,0
最高裁判所 仙台高等裁判所 山形家庭裁判所,0,,,0,,https://www2.njss.info/organizations/proc/3247,2026-08-02,山形県,国・省庁,0
最高裁判所 仙台高等裁判所 山形地方裁判所 山形簡易裁判所,0,,,0,,https://www2.njss.info/organizations/proc/3248,2026-08-02,山形県,国・省庁,0
最高裁判所 仙台高等裁判所 山形地方裁判所 新庄支部,0,,,0,,https://www2.njss.info/organizations/proc/3249,2026-08-02,山形県,国・省庁,0
最高裁判所 仙台高等裁判所 山形家庭裁判所 新庄支部,0,,,0,,https://www2.njss.info/organizations/proc/3250,2026-08-02,山形県,国・省庁,0
最高裁判所 仙台高等裁判所 山形地方裁判所 新庄簡易裁判所,0,,,0,,https://www2.njss.info/organizations/proc/3251,2026-08-02,山形県,国・省庁,0
最高裁判所 仙台高等裁判所 山形地方裁判所 米沢支部,0,,,0,,https://www2.njss.info/organizations/proc/3252,2026-08-02,山形県,国・省庁,0
最高裁判所 仙台高等裁判所 山形家庭裁判所 米沢支部,0,,,0,,https://www2.njss.info/organizations/proc/3253,2026-08-02,山形県,国・省庁,0
最高裁判所 仙台高等裁判所 山形地方裁判所 米沢簡易裁判所,0,,,0,,https://www2.njss.info/organizations/proc/3254,2026-08-02,山形県,国・省庁,0
最高裁判所 仙台高等裁判所 山形地方裁判所 鶴岡支部,0,,,0,,https://www2.njss.info/organizations/proc/3255,2026-08-02,山形県,国・省庁,0
最高裁判所 仙台高等裁判所 山形家庭裁判所 鶴岡支部,0,,,0,,https://www2.njss.info/organizations/proc/3256,2026-08-02,山形県,国・省庁,0
最高裁判所 仙台高等裁判所 山形地方裁判所 鶴岡簡易裁判所,0,,,0,,https://www2.njss.info/organizations/proc/3257,2026-08-02,山形県,国・省庁,0
最高裁判所 仙台高等裁判所 山形地方裁判所 酒田支部,0,,,0,,https://www2.njss.info/organizations/proc/3258,2026-08-02,山形県,国・省庁,0
最高裁判所 仙台高等裁判所 山形家庭裁判所 酒田支部,0,,,0,,https://www2.njss.info/organizations/proc/3259,2026-08-02,山形県,国・省庁,0
最高裁判所 仙台高等裁判所 山形地方裁判所 酒田簡易裁判所,0,,,0,,https://www2.njss.info/organizations/proc/3260,2026-08-02,山形県,国・省庁,0
最高裁判所 仙台高等裁判所 山形家庭裁判所 赤湯出張所,0,,,0,,https://www2.njss.info/organizations/proc/3261,2026-08-02,山形県,国・省庁,0
最高裁判所 仙台高等裁判所 山形地方裁判所 赤湯簡易裁判所,0,,,0,,https://www2.njss.info/organizations/proc/3262,2026-08-02,山形県,国・省庁,0
最高裁判所 仙台高等裁判所 山形家庭裁判所 長井出張所,0,,,0,,https://www2.njss.info/organizations/proc/3263,2026-08-02,山形県,国・省庁,0
最高裁判所 仙台高等裁判所 山形地方裁判所 長井簡易裁判所,0,,,0,,https://www2.njss.info/organizations/proc/3264,2026-08-02,山形県,国・省庁,0
最高裁判所 仙台高等裁判所 盛岡家庭裁判所,0,,,0,,https://www2.njss.info/organizations/proc/3265,2026-08-02,岩手県,国・省庁,0
最高裁判所 仙台高等裁判所 盛岡地方裁判所 盛岡簡易裁判所,0,,,0,,https://www2.njss.info/organizations/proc/3266,2026-08-02,岩手県,国・省庁,0
最高裁判所 仙台高等裁判所 盛岡地方裁判所 花巻支部,0,,,0,,https://www2.njss.info/organizations/proc/3267,2026-08-02,岩手県,国・省庁,0
最高裁判所 仙台高等裁判所 盛岡家庭裁判所 花巻支部,0,,,0,,https://www2.njss.info/organizations/proc/3268,2026-08-02,岩手県,国・省庁,0
最高裁判所 仙台高等裁判所 盛岡地方裁判所 花巻簡易裁判所,0,,,0,,https://www2.njss.info/organizations/proc/3269,2026-08-02,岩手県,国・省庁,0
最高裁判所 仙台高等裁判所 盛岡地方裁判所 二戸支部,0,,,0,,https://www2.njss.info/organizations/proc/3270,2026-08-02,岩手県,国・省庁,0
最高裁判所 仙台高等裁判所 盛岡家庭裁判所 二戸支部,0,,,0,,https://www2.njss.info/organizations/proc/3271,2026-08-02,岩手県,国・省庁,0
最高裁判所 仙台高等裁判所 盛岡地方裁判所 二戸簡易裁判所,0,,,0,,https://www2.njss.info/organizations/proc/3272,2026-08-02,岩手県,国・省庁,0
最高裁判所 仙台高等裁判所 盛岡地方裁判所 遠野支部,0,,,0,,https://www2.njss.info/organizations/proc/3273,2026-08-02,岩手県,国・省庁,0
最高裁判所 仙台高等裁判所 盛岡家庭裁判所 遠野支部,0,,,0,,https://www2.njss.info/organizations/proc/3274,2026-08-02,岩手県,国・省庁,0
最高裁判所 仙台高等裁判所 盛岡地方裁判所 遠野簡易裁判所,0,,,0,,https://www2.njss.info/organizations/proc/3275,2026-08-02,岩手県,国・省庁,0
最高裁判所 仙台高等裁判所 盛岡地方裁判所 宮古支部,0,,,0,,https://www2.njss.info/organizations/proc/3276,2026-08-02,岩手県,国・省庁,0
最高裁判所 仙台高等裁判所 盛岡家庭裁判所 宮古支部,0,,,0,,https://www2.njss.info/organizations/proc/3277,2026-08-02,岩手県,国・省庁,0
最高裁判所 仙台高等裁判所 盛岡地方裁判所 宮古簡易裁判所,0,,,0,,https://www2.njss.info/organizations/proc/3278,2026-08-02,岩手県,国・省庁,0
最高裁判所 仙台高等裁判所 盛岡地方裁判所 一関支部,0,,,0,,https://www2.njss.info/organizations/proc/3279,2026-08-02,岩手県,国・省庁,0
最高裁判所 仙台高等裁判所 盛岡家庭裁判所 一関支部,0,,,0,,https://www2.njss.info/organizations/proc/3280,2026-08-02,岩手県,国・省庁,0
最高裁判所 仙台高等裁判所 盛岡地方裁判所 一関簡易裁判所,0,,,0,,https://www2.njss.info/organizations/proc/3281,2026-08-02,岩手県,国・省庁,0
最高裁判所 仙台高等裁判所 盛岡地方裁判所 水沢支部,0,,,0,,https://www2.njss.info/organizations/proc/3282,2026-08-02,岩手県,国・省庁,0
最高裁判所 仙台高等裁判所 盛岡家庭裁判所 水沢支部,0,,,0,,https://www2.njss.info/organizations/proc/3283,2026-08-02,岩手県,国・省庁,0
最高裁判所 仙台高等裁判所 盛岡地方裁判所 水沢簡易裁判所,0,,,0,,https://www2.njss.info/organizations/proc/3284,2026-08-02,岩手県,国・省庁,0
最高裁判所 仙台高等裁判所 盛岡家庭裁判所 久慈出張所,0,,,0,,https://www2.njss.info/organizations/proc/3285,2026-08-02,岩手県,国・省庁,0
最高裁判所 仙台高等裁判所 盛岡地方裁判所 久慈簡易裁判所,0,,,0,,https://www2.njss.info/organizations/proc/3286,2026-08-02,岩手県,国・省庁,0
最高裁判所 仙台高等裁判所 盛岡家庭裁判所 大船渡出張所,0,,,0,,https://www2.njss.info/organizations/proc/3287,2026-08-02,岩手県,国・省庁,0
最高裁判所 仙台高等裁判所 盛岡地方裁判所 大船渡簡易裁判所,0,,,0,,https://www2.njss.info/organizations/proc/3288,2026-08-02,岩手県,国・省庁,0
最高裁判所 仙台高等裁判所 盛岡地方裁判所 釜石簡易裁判所,0,,,0,,https://www2.njss.info/organizations/proc/3289,2026-08-02,岩手県,国・省庁,0
最高裁判所 仙台高等裁判所 秋田家庭裁判所,0,,,0,,https://www2.njss.info/organizations/proc/3290,2026-08-02,秋田県,国・省庁,0
最高裁判所 仙台高等裁判所 秋田地方裁判所 秋田簡易裁判所,0,,,0,,https://www2.njss.info/organizations/proc/3291,2026-08-02,秋田県,国・省庁,0
最高裁判所 仙台高等裁判所 秋田地方裁判所 能代支部,0,,,0,,https://www2.njss.info/organizations/proc/3292,2026-08-02,秋田県,国・省庁,0
最高裁判所 仙台高等裁判所 秋田家庭裁判所 能代支部,0,,,0,,https://www2.njss.info/organizations/proc/3293,2026-08-02,秋田県,国・省庁,0
最高裁判所 仙台高等裁判所 秋田地方裁判所 能代簡易裁判所,0,,,0,,https://www2.njss.info/organizations/proc/3294,2026-08-02,秋田県,国・省庁,0
最高裁判所 仙台高等裁判所 秋田地方裁判所 本荘支部,0,,,0,,https://www2.njss.info/organizations/proc/3295,2026-08-02,秋田県,国・省庁,0
最高裁判所 仙台高等裁判所 秋田家庭裁判所 本荘支部,0,,,0,,https://www2.njss.info/organizations/proc/3296,2026-08-02,秋田県,国・省庁,0
最高裁判所 仙台高等裁判所 秋田地方裁判所 本荘簡易裁判所,0,,,0,,https://www2.njss.info/organizations/proc/3297,2026-08-02,秋田県,国・省庁,0
最高裁判所 仙台高等裁判所 秋田地方裁判所 大館支部,0,,,0,,https://www2.njss.info/organizations/proc/3298,2026-08-02,秋田県,国・省庁,0
最高裁判所 仙台高等裁判所 秋田家庭裁判所 大館支部,0,,,0,,https://www2.njss.info/organizations/proc/3299,2026-08-02,秋田県,国・省庁,0
最高裁判所 仙台高等裁判所 秋田地方裁判所 大館簡易裁判所,0,,,0,,https://www2.njss.info/organizations/proc/3300,2026-08-02,秋田県,国・省庁,0
最高裁判所 仙台高等裁判所 秋田地方裁判所 横手支部,0,,,0,,https://www2.njss.info/organizations/proc/3301,2026-08-02,秋田県,国・省庁,0
最高裁判所 仙台高等裁判所 秋田家庭裁判所 横手支部,0,,,0,,https://www2.njss.info/organizations/proc/3302,2026-08-02,秋田県,国・省庁,0
最高裁判所 仙台高等裁判所 秋田地方裁判所 横手簡易裁判所,0,,,0,,https://www2.njss.info/organizations/proc/3303,2026-08-02,秋田県,国・省庁,0
最高裁判所 仙台高等裁判所 秋田地方裁判所 大曲支部,0,,,0,,https://www2.njss.info/organizations/proc/3304,2026-08-02,秋田県,国・省庁,0
最高裁判所 仙台高等裁判所 秋田家庭裁判所 大曲支部,0,,,0,,https://www2.njss.info/organizations/proc/3305,2026-08-02,秋田県,国・省庁,0
最高裁判所 仙台高等裁判所 秋田地方裁判所 大曲簡易裁判所,0,,,0,,https://www2.njss.info/organizations/proc/3306,2026-08-02,秋田県,国・省庁,0
最高裁判所 仙台高等裁判所 秋田家庭裁判所 鹿角出張所,0,,,0,,https://www2.njss.info/organizations/proc/3307,2026-08-02,秋田県,国・省庁,0
最高裁判所 仙台高等裁判所 秋田地方裁判所 鹿角簡易裁判所,0,,,0,,https://www2.njss.info/organizations/proc/3308,2026-08-02,秋田県,国・省庁,0
最高裁判所 仙台高等裁判所 秋田家庭裁判所 角館出張所,0,,,0,,https://www2.njss.info/organizations/proc/3309,2026-08-02,秋田県,国・省庁,0
最高裁判所 仙台高等裁判所 秋田地方裁判所 角館簡易裁判所,0,,,0,,https://www2.njss.info/organizations/proc/3310,2026-08-02,秋田県,国・省庁,0
最高裁判所 仙台高等裁判所 秋田地方裁判所 男鹿簡易裁判所,0,,,0,,https://www2.njss.info/organizations/proc/3311,2026-08-02,秋田県,国・省庁,0
最高裁判所 仙台高等裁判所 秋田地方裁判所 湯沢簡易裁判所,0,,,0,,https://www2.njss.info/organizations/proc/3312,2026-08-02,秋田県,国・省庁,0
最高裁判所 仙台高等裁判所 青森家庭裁判所,0,,,0,,https://www2.njss.info/organizations/proc/3313,2026-08-02,青森県,国・省庁,0
最高裁判所 仙台高等裁判所 青森地方裁判所 青森簡易裁判所,0,,,0,,https://www2.njss.info/organizations/proc/3314,2026-08-02,青森県,国・省庁,0
最高裁判所 仙台高等裁判所 青森地方裁判所 弘前支部,0,,,0,,https://www2.njss.info/organizations/proc/3315,2026-08-02,青森県,国・省庁,0
最高裁判所 仙台高等裁判所 青森家庭裁判所 弘前支部,0,,,0,,https://www2.njss.info/organizations/proc/3316,2026-08-02,青森県,国・省庁,0
最高裁判所 仙台高等裁判所 青森地方裁判所 弘前簡易裁判所,0,,,0,,https://www2.njss.info/organizations/proc/3317,2026-08-02,青森県,国・省庁,0
最高裁判所 仙台高等裁判所 青森地方裁判所 八戸支部,0,,,0,,https://www2.njss.info/organizations/proc/3318,2026-08-02,青森県,国・省庁,0
最高裁判所 仙台高等裁判所 青森家庭裁判所 八戸支部,0,,,0,,https://www2.njss.info/organizations/proc/3319,2026-08-02,青森県,国・省庁,0
最高裁判所 仙台高等裁判所 青森地方裁判所 八戸簡易裁判所,0,,,0,,https://www2.njss.info/organizations/proc/3320,2026-08-02,青森県,国・省庁,0
最高裁判所 仙台高等裁判所 青森地方裁判所 五所川原支部,0,,,0,,https://www2.njss.info/organizations/proc/3321,2026-08-02,青森県,国・省庁,0
最高裁判所 仙台高等裁判所 青森家庭裁判所 五所川原支部,0,,,0,,https://www2.njss.info/organizations/proc/3322,2026-08-02,青森県,国・省庁,0
最高裁判所 仙台高等裁判所 青森地方裁判所 五所川原簡易裁判所,0,,,0,,https://www2.njss.info/organizations/proc/3323,2026-08-02,青森県,国・省庁,0
最高裁判所 仙台高等裁判所 青森地方裁判所 十和田支部,0,,,0,,https://www2.njss.info/organizations/proc/3324,2026-08-02,青森県,国・省庁,0
最高裁判所 仙台高等裁判所 青森家庭裁判所 十和田支部,0,,,0,,https://www2.njss.info/organizations/proc/3325,2026-08-02,青森県,国・省庁,0
最高裁判所 仙台高等裁判所 青森地方裁判所 十和田簡易裁判所,0,,,0,,https://www2.njss.info/organizations/proc/3326,2026-08-02,青森県,国・省庁,0
最高裁判所 仙台高等裁判所 青森家庭裁判所 むつ出張所,0,,,0,,https://www2.njss.info/organizations/proc/3327,2026-08-02,青森県,国・省庁,0
最高裁判所 仙台高等裁判所 青森地方裁判所 むつ簡易裁判所,0,,,0,,https://www2.njss.info/organizations/proc/3328,2026-08-02,青森県,国・省庁,0
最高裁判所 仙台高等裁判所 青森家庭裁判所 野辺地出張所,0,,,0,,https://www2.njss.info/organizations/proc/3329,2026-08-02,青森県,国・省庁,0
最高裁判所 仙台高等裁判所 青森地方裁判所 野辺地簡易裁判所,0,,,0,,https://www2.njss.info/organizations/proc/3330,2026-08-02,青森県,国・省庁,0
最高裁判所 仙台高等裁判所 青森地方裁判所 鰺ヶ沢簡易裁判所,0,,,0,,https://www2.njss.info/organizations/proc/3331,2026-08-02,青森県,国・省庁,0
最高裁判所 札幌高等裁判所 札幌家庭裁判所,0,,,0,,https://www2.njss.info/organizations/proc/3332,2026-08-02,北海道,国・省庁,0
最高裁判所 札幌高等裁判所 札幌地方裁判所 札幌簡易裁判所,0,,,0,,https://www2.njss.info/organizations/proc/3333,2026-08-02,北海道,国・省庁,0
最高裁判所 札幌高等裁判所 札幌地方裁判所 岩見沢支部,0,,,0,,https://www2.njss.info/organizations/proc/3334,2026-08-02,北海道,国・省庁,0
最高裁判所 札幌高等裁判所 札幌家庭裁判所 岩見沢支部,0,,,0,,https://www2.njss.info/organizations/proc/3335,2026-08-02,北海道,国・省庁,0
最高裁判所 札幌高等裁判所 札幌地方裁判所 岩見沢簡易裁判所,0,,,0,,https://www2.njss.info/organizations/proc/3336,2026-08-02,北海道,国・省庁,0
最高裁判所 札幌高等裁判所 札幌地方裁判所 滝川支部,0,,,0,,https://www2.njss.info/organizations/proc/3337,2026-08-02,北海道,国・省庁,0
最高裁判所 札幌高等裁判所 札幌家庭裁判所 滝川支部,0,,,0,,https://www2.njss.info/organizations/proc/3338,2026-08-02,北海道,国・省庁,0
最高裁判所 札幌高等裁判所 札幌地方裁判所 滝川簡易裁判所,0,,,0,,https://www2.njss.info/organizations/proc/3339,2026-08-02,北海道,国・省庁,0
最高裁判所 札幌高等裁判所 札幌地方裁判所 室蘭支部,0,,,0,,https://www2.njss.info/organizations/proc/3340,2026-08-02,北海道,国・省庁,0
最高裁判所 札幌高等裁判所 札幌家庭裁判所 室蘭支部,0,,,0,,https://www2.njss.info/organizations/proc/3341,2026-08-02,北海道,国・省庁,0
最高裁判所 札幌高等裁判所 札幌地方裁判所 室蘭簡易裁判所,0,,,0,,https://www2.njss.info/organizations/proc/3342,2026-08-02,北海道,国・省庁,0
最高裁判所 札幌高等裁判所 札幌地方裁判所 苫小牧支部,0,,,0,,https://www2.njss.info/organizations/proc/3343,2026-08-02,北海道,国・省庁,0
最高裁判所 札幌高等裁判所 札幌家庭裁判所 苫小牧支部,0,,,0,,https://www2.njss.info/organizations/proc/3344,2026-08-02,北海道,国・省庁,0
最高裁判所 札幌高等裁判所 札幌地方裁判所 苫小牧簡易裁判所,0,,,0,,https://www2.njss.info/organizations/proc/3345,2026-08-02,北海道,国・省庁,0
最高裁判所 札幌高等裁判所 札幌地方裁判所 浦河支部,0,,,0,,https://www2.njss.info/organizations/proc/3346,2026-08-02,北海道,国・省庁,0
最高裁判所 札幌高等裁判所 札幌家庭裁判所 浦河支部,0,,,0,,https://www2.njss.info/organizations/proc/3347,2026-08-02,北海道,国・省庁,0
最高裁判所 札幌高等裁判所 札幌地方裁判所 浦河簡易裁判所,0,,,0,,https://www2.njss.info/organizations/proc/3348,2026-08-02,北海道,国・省庁,0
最高裁判所 札幌高等裁判所 札幌地方裁判所 小樽支部,0,,,0,,https://www2.njss.info/organizations/proc/3349,2026-08-02,北海道,国・省庁,0
最高裁判所 札幌高等裁判所 札幌家庭裁判所 小樽支部,0,,,0,,https://www2.njss.info/organizations/proc/3350,2026-08-02,北海道,国・省庁,0
最高裁判所 札幌高等裁判所 札幌地方裁判所 小樽簡易裁判所,0,,,0,,https://www2.njss.info/organizations/proc/3351,2026-08-02,北海道,国・省庁,0
最高裁判所 札幌高等裁判所 札幌地方裁判所 岩内支部,0,,,0,,https://www2.njss.info/organizations/proc/3352,2026-08-02,北海道,国・省庁,0
最高裁判所 札幌高等裁判所 札幌家庭裁判所 岩内支部,0,,,0,,https://www2.njss.info/organizations/proc/3353,2026-08-02,北海道,国・省庁,0
最高裁判所 札幌高等裁判所 札幌地方裁判所 岩内簡易裁判所,0,,,0,,https://www2.njss.info/organizations/proc/3354,2026-08-02,北海道,国・省庁,0
最高裁判所 札幌高等裁判所 札幌家庭裁判所 夕張出張所,0,,,0,,https://www2.njss.info/organizations/proc/3355,2026-08-02,北海道,国・省庁,0
最高裁判所 札幌高等裁判所 札幌地方裁判所 夕張簡易裁判所,0,,,0,,https://www2.njss.info/organizations/proc/3356,2026-08-02,北海道,国・省庁,0
最高裁判所 札幌高等裁判所 札幌家庭裁判所 静内出張所,0,,,0,,https://www2.njss.info/organizations/proc/3357,2026-08-02,北海道,国・省庁,0
最高裁判所 札幌高等裁判所 札幌地方裁判所 静内簡易裁判所,0,,,0,,https://www2.njss.info/organizations/proc/3358,2026-08-02,北海道,国・省庁,0
最高裁判所 札幌高等裁判所 札幌地方裁判所 伊達簡易裁判所,0,,,0,,https://www2.njss.info/organizations/proc/3359,2026-08-02,北海道,国・省庁,0
最高裁判所 札幌高等裁判所 函館家庭裁判所,0,,,0,,https://www2.njss.info/organizations/proc/3360,2026-08-02,北海道,国・省庁,0
最高裁判所 札幌高等裁判所 函館地方裁判所 函館簡易裁判所,0,,,0,,https://www2.njss.info/organizations/proc/3361,2026-08-02,北海道,国・省庁,0
最高裁判所 札幌高等裁判所 函館地方裁判所 江差支部,0,,,0,,https://www2.njss.info/organizations/proc/3362,2026-08-02,北海道,国・省庁,0
最高裁判所 札幌高等裁判所 函館家庭裁判所 江差支部,0,,,0,,https://www2.njss.info/organizations/proc/3363,2026-08-02,北海道,国・省庁,0
最高裁判所 札幌高等裁判所 函館地方裁判所 江差簡易裁判所,0,,,0,,https://www2.njss.info/organizations/proc/3364,2026-08-02,北海道,国・省庁,0
最高裁判所 札幌高等裁判所 函館家庭裁判所 松前出張所,0,,,0,,https://www2.njss.info/organizations/proc/3365,2026-08-02,北海道,国・省庁,0
最高裁判所 札幌高等裁判所 函館地方裁判所 松前簡易裁判所,0,,,0,,https://www2.njss.info/organizations/proc/3366,2026-08-02,北海道,国・省庁,0
最高裁判所 札幌高等裁判所 函館家庭裁判所 八雲出張所,0,,,0,,https://www2.njss.info/organizations/proc/3367,2026-08-02,北海道,国・省庁,0
最高裁判所 札幌高等裁判所 函館地方裁判所 八雲簡易裁判所,0,,,0,,https://www2.njss.info/organizations/proc/3368,2026-08-02,北海道,国・省庁,0
最高裁判所 札幌高等裁判所 函館家庭裁判所 寿都出張所,0,,,0,,https://www2.njss.info/organizations/proc/3369,2026-08-02,北海道,国・省庁,0
最高裁判所 札幌高等裁判所 函館地方裁判所 寿都簡易裁判所,0,,,0,,https://www2.njss.info/organizations/proc/3370,2026-08-02,北海道,国・省庁,0
最高裁判所 札幌高等裁判所 旭川家庭裁判所,0,,,0,,https://www2.njss.info/organizations/proc/3371,2026-08-02,北海道,国・省庁,0
最高裁判所 札幌高等裁判所 旭川地方裁判所 旭川簡易裁判所,0,,,0,,https://www2.njss.info/organizations/proc/3372,2026-08-02,北海道,国・省庁,0
最高裁判所 札幌高等裁判所 旭川地方裁判所 名寄支部,0,,,0,,https://www2.njss.info/organizations/proc/3373,2026-08-02,北海道,国・省庁,0
最高裁判所 札幌高等裁判所 旭川家庭裁判所 名寄支部,0,,,0,,https://www2.njss.info/organizations/proc/3374,2026-08-02,北海道,国・省庁,0
最高裁判所 札幌高等裁判所 旭川地方裁判所 名寄簡易裁判所,0,,,0,,https://www2.njss.info/organizations/proc/3375,2026-08-02,北海道,国・省庁,0
最高裁判所 札幌高等裁判所 旭川地方裁判所 紋別支部,0,,,0,,https://www2.njss.info/organizations/proc/3376,2026-08-02,北海道,国・省庁,0
最高裁判所 札幌高等裁判所 旭川家庭裁判所 紋別支部,0,,,0,,https://www2.njss.info/organizations/proc/3377,2026-08-02,北海道,国・省庁,0
最高裁判所 札幌高等裁判所 旭川地方裁判所 紋別簡易裁判所,0,,,0,,https://www2.njss.info/organizations/proc/3378,2026-08-02,北海道,国・省庁,0
最高裁判所 札幌高等裁判所 旭川地方裁判所 留萌支部,0,,,0,,https://www2.njss.info/organizations/proc/3379,2026-08-02,北海道,国・省庁,0
最高裁判所 札幌高等裁判所 旭川家庭裁判所 留萌支部,0,,,0,,https://www2.njss.info/organizations/proc/3380,2026-08-02,北海道,国・省庁,0
最高裁判所 札幌高等裁判所 旭川地方裁判所 留萌簡易裁判所,0,,,0,,https://www2.njss.info/organizations/proc/3381,2026-08-02,北海道,国・省庁,0
最高裁判所 札幌高等裁判所 旭川地方裁判所 稚内支部,0,,,0,,https://www2.njss.info/organizations/proc/3382,2026-08-02,北海道,国・省庁,0
最高裁判所 札幌高等裁判所 旭川家庭裁判所 稚内支部,0,,,0,,https://www2.njss.info/organizations/proc/3383,2026-08-02,北海道,国・省庁,0
最高裁判所 札幌高等裁判所 旭川地方裁判所 稚内簡易裁判所,0,,,0,,https://www2.njss.info/organizations/proc/3384,2026-08-02,北海道,国・省庁,0
最高裁判所 札幌高等裁判所 旭川家庭裁判所 深川出張所,0,,,0,,https://www2.njss.info/organizations/proc/3385,2026-08-02,北海道,国・省庁,0
最高裁判所 札幌高等裁判所 旭川地方裁判所 深川簡易裁判所,0,,,0,,https://www2.njss.info/organizations/proc/3386,2026-08-02,北海道,国・省庁,0
最高裁判所 札幌高等裁判所 旭川家庭裁判所 富良野出張所,0,,,0,,https://www2.njss.info/organizations/proc/3387,2026-08-02,北海道,国・省庁,0
最高裁判所 札幌高等裁判所 旭川地方裁判所 富良野簡易裁判所,0,,,0,,https://www2.njss.info/organizations/proc/3388,2026-08-02,北海道,国・省庁,0
最高裁判所 札幌高等裁判所 旭川家庭裁判所 中頓別出張所,0,,,0,,https://www2.njss.info/organizations/proc/3389,2026-08-02,北海道,国・省庁,0
最高裁判所 札幌高等裁判所 旭川地方裁判所 中頓別簡易裁判所,0,,,0,,https://www2.njss.info/organizations/proc/3390,2026-08-02,北海道,国・省庁,0
最高裁判所 札幌高等裁判所 旭川家庭裁判所 天塩出張所,0,,,0,,https://www2.njss.info/organizations/proc/3391,2026-08-02,北海道,国・省庁,0
最高裁判所 札幌高等裁判所 旭川地方裁判所 天塩簡易裁判所,0,,,0,,https://www2.njss.info/organizations/proc/3392,2026-08-02,北海道,国・省庁,0
最高裁判所 札幌高等裁判所 釧路家庭裁判所,0,,,0,,https://www2.njss.info/organizations/proc/3393,2026-08-02,北海道,国・省庁,0
最高裁判所 札幌高等裁判所 釧路地方裁判所 釧路簡易裁判所,0,,,0,,https://www2.njss.info/organizations/proc/3394,2026-08-02,北海道,国・省庁,0
最高裁判所 札幌高等裁判所 釧路地方裁判所 帯広支部,0,,,0,,https://www2.njss.info/organizations/proc/3395,2026-08-02,北海道,国・省庁,0
最高裁判所 札幌高等裁判所 釧路家庭裁判所 帯広支部,0,,,0,,https://www2.njss.info/organizations/proc/3396,2026-08-02,北海道,国・省庁,0
最高裁判所 札幌高等裁判所 釧路地方裁判所 帯広簡易裁判所,0,,,0,,https://www2.njss.info/organizations/proc/3397,2026-08-02,北海道,国・省庁,0
最高裁判所 札幌高等裁判所 釧路地方裁判所 網走支部,0,,,0,,https://www2.njss.info/organizations/proc/3398,2026-08-02,北海道,国・省庁,0
最高裁判所 札幌高等裁判所 釧路家庭裁判所 網走支部,0,,,0,,https://www2.njss.info/organizations/proc/3399,2026-08-02,北海道,国・省庁,0
最高裁判所 札幌高等裁判所 釧路地方裁判所 網走簡易裁判所,0,,,0,,https://www2.njss.info/organizations/proc/3400,2026-08-02,北海道,国・省庁,0
最高裁判所 札幌高等裁判所 釧路地方裁判所 北見支部,0,,,0,,https://www2.njss.info/organizations/proc/3401,2026-08-02,北海道,国・省庁,0
最高裁判所 札幌高等裁判所 釧路家庭裁判所 北見支部,0,,,0,,https://www2.njss.info/organizations/proc/3402,2026-08-02,北海道,国・省庁,0
最高裁判所 札幌高等裁判所 釧路地方裁判所 北見簡易裁判所,0,,,0,,https://www2.njss.info/organizations/proc/3403,2026-08-02,北海道,国・省庁,0
最高裁判所 札幌高等裁判所 釧路地方裁判所 根室支部,0,,,0,,https://www2.njss.info/organizations/proc/3404,2026-08-02,北海道,国・省庁,0
最高裁判所 札幌高等裁判所 釧路家庭裁判所 根室支部,0,,,0,,https://www2.njss.info/organizations/proc/3405,2026-08-02,北海道,国・省庁,0
最高裁判所 札幌高等裁判所 釧路地方裁判所 根室簡易裁判所,0,,,0,,https://www2.njss.info/organizations/proc/3406,2026-08-02,北海道,国・省庁,0
最高裁判所 札幌高等裁判所 釧路家庭裁判所 本別出張所,0,,,0,,https://www2.njss.info/organizations/proc/3407,2026-08-02,北海道,国・省庁,0
最高裁判所 札幌高等裁判所 釧路地方裁判所 本別簡易裁判所,0,,,0,,https://www2.njss.info/organizations/proc/3408,2026-08-02,北海道,国・省庁,0
最高裁判所 札幌高等裁判所 釧路家庭裁判所 遠軽出張所,0,,,0,,https://www2.njss.info/organizations/proc/3409,2026-08-02,北海道,国・省庁,0
最高裁判所 札幌高等裁判所 釧路地方裁判所 遠軽簡易裁判所,0,,,0,,https://www2.njss.info/organizations/proc/3410,2026-08-02,北海道,国・省庁,0
最高裁判所 札幌高等裁判所 釧路家庭裁判所 標津出張所,0,,,0,,https://www2.njss.info/organizations/proc/3411,2026-08-02,北海道,国・省庁,0
最高裁判所 札幌高等裁判所 釧路地方裁判所 標津簡易裁判所,0,,,0,,https://www2.njss.info/organizations/proc/3412,2026-08-02,北海道,国・省庁,0
最高裁判所 高松高等裁判所 高松家庭裁判所,0,,,0,,https://www2.njss.info/organizations/proc/3413,2026-08-02,香川県,国・省庁,0
最高裁判所 高松高等裁判所 高松地方裁判所 高松簡易裁判所,0,,,0,,https://www2.njss.info/organizations/proc/3414,2026-08-02,香川県,国・省庁,0
最高裁判所 高松高等裁判所 高松地方裁判所 丸亀支部,0,,,0,,https://www2.njss.info/organizations/proc/3415,2026-08-02,香川県,国・省庁,0
最高裁判所 高松高等裁判所 高松家庭裁判所 丸亀支部,0,,,0,,https://www2.njss.info/organizations/proc/3416,2026-08-02,香川県,国・省庁,0
最高裁判所 高松高等裁判所 高松地方裁判所 丸亀簡易裁判所,0,,,0,,https://www2.njss.info/organizations/proc/3417,2026-08-02,香川県,国・省庁,0
最高裁判所 高松高等裁判所 高松地方裁判所 観音寺支部,0,,,0,,https://www2.njss.info/organizations/proc/3418,2026-08-02,香川県,国・省庁,0
最高裁判所 高松高等裁判所 高松家庭裁判所 観音寺支部,0,,,0,,https://www2.njss.info/organizations/proc/3419,2026-08-02,香川県,国・省庁,0
最高裁判所 高松高等裁判所 高松地方裁判所 観音寺簡易裁判所,0,,,0,,https://www2.njss.info/organizations/proc/3420,2026-08-02,香川県,国・省庁,0
最高裁判所 高松高等裁判所 高松家庭裁判所 土庄出張所,0,,,0,,https://www2.njss.info/organizations/proc/3421,2026-08-02,香川県,国・省庁,0
最高裁判所 高松高等裁判所 高松地方裁判所 土庄簡易裁判所,0,,,0,,https://www2.njss.info/organizations/proc/3422,2026-08-02,香川県,国・省庁,0
最高裁判所 高松高等裁判所 高松地方裁判所 善通寺簡易裁判所,0,,,0,,https://www2.njss.info/organizations/proc/3423,2026-08-02,香川県,国・省庁,0
最高裁判所 高松高等裁判所 徳島家庭裁判所,0,,,0,,https://www2.njss.info/organizations/proc/3424,2026-08-02,徳島県,国・省庁,0
最高裁判所 高松高等裁判所 徳島地方裁判所 徳島簡易裁判所,0,,,0,,https://www2.njss.info/organizations/proc/3425,2026-08-02,徳島県,国・省庁,0
最高裁判所 高松高等裁判所 徳島地方裁判所 阿南支部,0,,,0,,https://www2.njss.info/organizations/proc/3426,2026-08-02,徳島県,国・省庁,0
最高裁判所 高松高等裁判所 徳島家庭裁判所 阿南支部,0,,,0,,https://www2.njss.info/organizations/proc/3427,2026-08-02,徳島県,国・省庁,0
最高裁判所 高松高等裁判所 徳島地方裁判所 阿南簡易裁判所,0,,,0,,https://www2.njss.info/organizations/proc/3428,2026-08-02,徳島県,国・省庁,0
最高裁判所 高松高等裁判所 徳島地方裁判所 美馬支部,0,,,0,,https://www2.njss.info/organizations/proc/3429,2026-08-02,徳島県,国・省庁,0
最高裁判所 高松高等裁判所 徳島家庭裁判所 美馬支部,0,,,0,,https://www2.njss.info/organizations/proc/3430,2026-08-02,徳島県,国・省庁,0
最高裁判所 高松高等裁判所 徳島地方裁判所 美馬簡易裁判所,0,,,0,,https://www2.njss.info/organizations/proc/3431,2026-08-02,徳島県,国・省庁,0
最高裁判所 高松高等裁判所 徳島家庭裁判所 牟岐出張所,0,,,0,,https://www2.njss.info/organizations/proc/3432,2026-08-02,徳島県,国・省庁,0
最高裁判所 高松高等裁判所 徳島地方裁判所 牟岐簡易裁判所,0,,,0,,https://www2.njss.info/organizations/proc/3433,2026-08-02,徳島県,国・省庁,0
最高裁判所 高松高等裁判所 徳島家庭裁判所 池田出張所,0,,,0,,https://www2.njss.info/organizations/proc/3434,2026-08-02,徳島県,国・省庁,0
最高裁判所 高松高等裁判所 徳島地方裁判所 徳島池田簡易裁判所,0,,,0,,https://www2.njss.info/organizations/proc/3435,2026-08-02,徳島県,国・省庁,0
最高裁判所 高松高等裁判所 徳島地方裁判所 鳴門簡易裁判所,0,,,0,,https://www2.njss.info/organizations/proc/3436,2026-08-02,徳島県,国・省庁,0
最高裁判所 高松高等裁判所 徳島地方裁判所 吉野川簡易裁判所,0,,,0,,https://www2.njss.info/organizations/proc/3437,2026-08-02,徳島県,国・省庁,0
最高裁判所 高松高等裁判所 高知家庭裁判所,0,,,0,,https://www2.njss.info/organizations/proc/3438,2026-08-02,高知県,国・省庁,0
最高裁判所 高松高等裁判所 高知地方裁判所 高知簡易裁判所,0,,,0,,https://www2.njss.info/organizations/proc/3439,2026-08-02,高知県,国・省庁,0
最高裁判所 高松高等裁判所 高知地方裁判所 須崎支部,0,,,0,,https://www2.njss.info/organizations/proc/3440,2026-08-02,高知県,国・省庁,0
最高裁判所 高松高等裁判所 高知家庭裁判所 須崎支部,0,,,0,,https://www2.njss.info/organizations/proc/3441,2026-08-02,高知県,国・省庁,0
最高裁判所 高松高等裁判所 高知地方裁判所 須崎簡易裁判所,0,,,0,,https://www2.njss.info/organizations/proc/3442,2026-08-02,高知県,国・省庁,0
最高裁判所 高松高等裁判所 高知地方裁判所 安芸支部,0,,,0,,https://www2.njss.info/organizations/proc/3443,2026-08-02,高知県,国・省庁,0
最高裁判所 高松高等裁判所 高知家庭裁判所 安芸支部,0,,,0,,https://www2.njss.info/organizations/proc/3444,2026-08-02,高知県,国・省庁,0
最高裁判所 高松高等裁判所 高知地方裁判所 安芸簡易裁判所,0,,,0,,https://www2.njss.info/organizations/proc/3445,2026-08-02,高知県,国・省庁,0
最高裁判所 高松高等裁判所 高知地方裁判所 中村支部,0,,,0,,https://www2.njss.info/organizations/proc/3446,2026-08-02,高知県,国・省庁,0
最高裁判所 高松高等裁判所 高知家庭裁判所 中村支部,0,,,0,,https://www2.njss.info/organizations/proc/3447,2026-08-02,高知県,国・省庁,0
最高裁判所 高松高等裁判所 高知地方裁判所 中村簡易裁判所,0,,,0,,https://www2.njss.info/organizations/proc/3448,2026-08-02,高知県,国・省庁,0
最高裁判所 高松高等裁判所 松山家庭裁判所,0,,,0,,https://www2.njss.info/organizations/proc/3449,2026-08-02,愛媛県,国・省庁,0
最高裁判所 高松高等裁判所 松山地方裁判所 松山簡易裁判所,0,,,0,,https://www2.njss.info/organizations/proc/3450,2026-08-02,愛媛県,国・省庁,0
最高裁判所 高松高等裁判所 松山地方裁判所 大洲支部,0,,,0,,https://www2.njss.info/organizations/proc/3451,2026-08-02,愛媛県,国・省庁,0
最高裁判所 高松高等裁判所 松山家庭裁判所 大洲支部,0,,,0,,https://www2.njss.info/organizations/proc/3452,2026-08-02,愛媛県,国・省庁,0
最高裁判所 高松高等裁判所 松山地方裁判所 大洲簡易裁判所,0,,,0,,https://www2.njss.info/organizations/proc/3453,2026-08-02,愛媛県,国・省庁,0
最高裁判所 高松高等裁判所 松山地方裁判所 西条支部,0,,,0,,https://www2.njss.info/organizations/proc/3454,2026-08-02,愛媛県,国・省庁,0
最高裁判所 高松高等裁判所 松山家庭裁判所 西条支部,0,,,0,,https://www2.njss.info/organizations/proc/3455,2026-08-02,愛媛県,国・省庁,0
最高裁判所 高松高等裁判所 松山地方裁判所 西条簡易裁判所,0,,,0,,https://www2.njss.info/organizations/proc/3456,2026-08-02,愛媛県,国・省庁,0
最高裁判所 高松高等裁判所 松山地方裁判所 今治支部,0,,,0,,https://www2.njss.info/organizations/proc/3457,2026-08-02,愛媛県,国・省庁,0
最高裁判所 高松高等裁判所 松山家庭裁判所 今治支部,0,,,0,,https://www2.njss.info/organizations/proc/3458,2026-08-02,愛媛県,国・省庁,0
最高裁判所 高松高等裁判所 松山地方裁判所 今治簡易裁判所,0,,,0,,https://www2.njss.info/organizations/proc/3459,2026-08-02,愛媛県,国・省庁,0
最高裁判所 高松高等裁判所 松山地方裁判所 宇和島支部,0,,,0,,https://www2.njss.info/organizations/proc/3460,2026-08-02,愛媛県,国・省庁,0
最高裁判所 高松高等裁判所 松山家庭裁判所 宇和島支部,0,,,0,,https://www2.njss.info/organizations/proc/3461,2026-08-02,愛媛県,国・省庁,0
最高裁判所 高松高等裁判所 松山地方裁判所 宇和島簡易裁判所,0,,,0,,https://www2.njss.info/organizations/proc/3462,2026-08-02,愛媛県,国・省庁,0
最高裁判所 高松高等裁判所 松山家庭裁判所 愛南出張所,0,,,0,,https://www2.njss.info/organizations/proc/3463,2026-08-02,愛媛県,国・省庁,0
最高裁判所 高松高等裁判所 松山地方裁判所 愛南簡易裁判所,0,,,0,,https://www2.njss.info/organizations/proc/3464,2026-08-02,愛媛県,国・省庁,0
最高裁判所 高松高等裁判所 松山地方裁判所 八幡浜簡易裁判所,0,,,0,,https://www2.njss.info/organizations/proc/3465,2026-08-02,愛媛県,国・省庁,0
最高裁判所 高松高等裁判所 松山地方裁判所 新居浜簡易裁判所,0,,,0,,https://www2.njss.info/organizations/proc/3466,2026-08-02,愛媛県,国・省庁,0
最高裁判所 高松高等裁判所 松山地方裁判所 四国中央簡易裁判所,0,,,0,,https://www2.njss.info/organizations/proc/3467,2026-08-02,愛媛県,国・省庁,0
防衛省(MOD) 陸上自衛隊 北部方面隊 北部方面会計隊 帯広駐屯地 第374会計隊,0,,,0,,https://www2.njss.info/organizations/proc/3468,2026-08-02,北海道,国・省庁,0
防衛省(MOD) 陸上自衛隊 北部方面隊 北部方面会計隊 稚内分屯地 第439会計隊,0,,,0,,https://www2.njss.info/organizations/proc/3471,2026-08-02,北海道,国・省庁,0
防衛省(MOD) 陸上自衛隊 北部方面隊 北部方面会計隊 別海駐屯地 第424会計隊,0,,,0,,https://www2.njss.info/organizations/proc/3473,2026-08-02,北海道,国・省庁,0
防衛省(MOD) 陸上自衛隊 北部方面隊 島松駐屯地 北海道補給処 日高弾薬支処,0,,,0,,https://www2.njss.info/organizations/proc/3478,2026-08-02,北海道,国・省庁,0
防衛省(MOD) 仙台駐屯地 自衛隊仙台病院,0,,,0,,https://www2.njss.info/organizations/proc/3481,2026-08-02,宮城県,国・省庁,0
防衛省(MOD) 陸上自衛隊 東北方面隊 東北方面会計隊 青森駐屯地 第380会計隊,0,,,0,,https://www2.njss.info/organizations/proc/3482,2026-08-02,青森県,国・省庁,0
防衛省(MOD) 陸上自衛隊 東北方面隊 東北方面会計隊 弘前駐屯地 第427会計隊,0,,,0,,https://www2.njss.info/organizations/proc/3483,2026-08-02,青森県,国・省庁,0
防衛省(MOD) 陸上自衛隊 東北方面隊 東北方面会計隊 八戸駐屯地 第384会計隊,0,,,0,,https://www2.njss.info/organizations/proc/3484,2026-08-02,青森県,国・省庁,0
防衛省(MOD) 陸上自衛隊 東北方面隊 東北方面会計隊 岩手駐屯地 第389会計隊,0,,,0,,https://www2.njss.info/organizations/proc/3485,2026-08-02,岩手県,国・省庁,0
防衛省(MOD) 陸上自衛隊 東北方面隊 東北方面会計隊 秋田駐屯地 第383会計隊,0,,,0,,https://www2.njss.info/organizations/proc/3486,2026-08-02,秋田県,国・省庁,0
防衛省(MOD) 陸上自衛隊 東部方面隊 東部方面会計隊 習志野駐屯地 第316会計隊,0,,,0,,https://www2.njss.info/organizations/proc/3487,2026-08-02,千葉県,国・省庁,0
防衛省(MOD) 陸上自衛隊 東部方面隊 東部方面会計隊 大宮駐屯地 第402会計隊,0,,,0,,https://www2.njss.info/organizations/proc/3490,2026-08-02,埼玉県,国・省庁,0
防衛省(MOD) 陸上自衛隊 東部方面隊 東部方面会計隊 板妻駐屯地 第420会計隊,0,,,0,,https://www2.njss.info/organizations/proc/3492,2026-08-02,静岡県,国・省庁,0
防衛省(MOD) 陸上自衛隊 東部方面隊 東部方面会計隊 練馬駐屯地 第338会計隊,0,,,0,,https://www2.njss.info/organizations/proc/3493,2026-08-02,東京都,国・省庁,0
防衛省(MOD) 陸上自衛隊 東部方面隊 東部方面会計隊 宇都宮駐屯地 第334会計隊,0,,,0,,https://www2.njss.info/organizations/proc/3494,2026-08-02,栃木県,国・省庁,0
防衛省(MOD) 陸上自衛隊 東部方面隊 東部方面会計隊 新町駐屯地 第339会計隊,0,,,0,,https://www2.njss.info/organizations/proc/3495,2026-08-02,群馬県,国・省庁,0
防衛省(MOD) 陸上自衛隊 東部方面隊 東部方面会計隊 松本駐屯地 第335会計隊,0,,,0,,https://www2.njss.info/organizations/proc/3496,2026-08-02,長野県,国・省庁,0
防衛省(MOD) 陸上自衛隊 東部方面隊 東部方面会計隊 高田駐屯地 第379会計隊,0,,,0,,https://www2.njss.info/organizations/proc/3497,2026-08-02,新潟県,国・省庁,0
防衛省(MOD) 陸上自衛隊 東部方面隊 東部方面会計隊 新発田駐屯地 第382会計隊,0,,,0,,https://www2.njss.info/organizations/proc/3498,2026-08-02,新潟県,国・省庁,0
防衛省(MOD) 陸上自衛隊 中部方面隊 中部方面会計隊 今津駐屯地 第351会計隊,0,,,0,,https://www2.njss.info/organizations/proc/3501,2026-08-02,滋賀県,国・省庁,0
防衛省(MOD) 陸上自衛隊 中部方面隊 中部方面会計隊 青野原駐屯地 第434会計隊,0,,,0,,https://www2.njss.info/organizations/proc/3502,2026-08-02,兵庫県,国・省庁,0
防衛省(MOD) 陸上自衛隊 中部方面隊 中部方面会計隊 福知山駐屯地 第349会計隊,0,,,0,,https://www2.njss.info/organizations/proc/3503,2026-08-02,京都府,国・省庁,0
防衛省(MOD) 陸上自衛隊 中部方面隊 中部方面会計隊 和歌山駐屯地 第418会計隊,0,,,0,,https://www2.njss.info/organizations/proc/3504,2026-08-02,和歌山県,国・省庁,0
防衛省(MOD) 陸上自衛隊 中部方面隊 中部方面会計隊 海田市駐屯地 第350会計隊,0,,,0,,https://www2.njss.info/organizations/proc/3506,2026-08-02,広島県,国・省庁,0
防衛省(MOD) 陸上自衛隊 中部方面隊 中部方面会計隊 日本原駐屯地 第421会計隊,0,,,0,,https://www2.njss.info/organizations/proc/3507,2026-08-02,岡山県,国・省庁,0
防衛省(MOD) 陸上自衛隊 中部方面隊 中部方面会計隊 出雲駐屯地 第357会計隊,0,,,0,,https://www2.njss.info/organizations/proc/3509,2026-08-02,島根県,国・省庁,0
防衛省(MOD) 陸上自衛隊 中部方面隊 中部方面会計隊 善通寺駐屯地 第348会計隊,0,,,0,,https://www2.njss.info/organizations/proc/3510,2026-08-02,香川県,国・省庁,0
防衛省(MOD) 陸上自衛隊 中部方面隊 中部方面会計隊 高知駐屯地 第419会計隊,0,,,0,,https://www2.njss.info/organizations/proc/3511,2026-08-02,高知県,国・省庁,0
防衛省(MOD) 陸上自衛隊 中部方面隊 中部方面会計隊 山口駐屯地 第322会計隊,0,,,0,,https://www2.njss.info/organizations/proc/3512,2026-08-02,山口県,国・省庁,0
防衛省(MOD) 陸上自衛隊 西部方面隊 西部方面会計隊 北熊本駐屯地 第392会計隊,0,,,0,,https://www2.njss.info/organizations/proc/3514,2026-08-02,熊本県,国・省庁,0
防衛省(MOD) 陸上自衛隊 西部方面隊 西部方面会計隊 都城駐屯地 第373会計隊,0,,,0,,https://www2.njss.info/organizations/proc/3515,2026-08-02,宮崎県,国・省庁,0
防衛省(MOD) 陸上自衛隊 西部方面隊 西部方面会計隊 国分駐屯地 第364会計隊,0,,,0,,https://www2.njss.info/organizations/proc/3516,2026-08-02,鹿児島県,国・省庁,0
防衛省(MOD) 陸上自衛隊 西部方面隊 西部方面会計隊 那覇駐屯地 第430会計隊,0,,,0,,https://www2.njss.info/organizations/proc/3517,2026-08-02,沖縄県,国・省庁,0
防衛省(MOD) 熊本駐屯地 自衛隊熊本病院,0,,,0,,https://www2.njss.info/organizations/proc/3518,2026-08-02,熊本県,国・省庁,0
防衛省(MOD) 南別府駐屯地 自衛隊別府病院,0,,,0,,https://www2.njss.info/organizations/proc/3519,2026-08-02,大分県,国・省庁,0
防衛省(MOD) 陸上自衛隊 西部方面隊 西部方面会計隊 川内駐屯地 第438会計隊,0,,,0,,https://www2.njss.info/organizations/proc/3520,2026-08-02,鹿児島県,国・省庁,0
防衛省(MOD) 陸上自衛隊 西部方面隊 西部方面会計隊 えびの駐屯地 第437会計隊,0,,,0,,https://www2.njss.info/organizations/proc/3521,2026-08-02,宮崎県,国・省庁,0
防衛省(MOD) 陸上自衛隊 西部方面隊 目達原駐屯地 九州補給処 健軍支処,0,,,0,,https://www2.njss.info/organizations/proc/3522,2026-08-02,熊本県,国・省庁,0
防衛省(MOD) 陸上自衛隊 西部方面隊 西部方面会計隊 飯塚駐屯地 第422会計隊,0,,,0,,https://www2.njss.info/organizations/proc/3524,2026-08-02,福岡県,国・省庁,0
防衛省(MOD) 陸上自衛隊 西部方面隊 西部方面会計隊 別府駐屯地 第404会計隊,0,,,0,,https://www2.njss.info/organizations/proc/3526,2026-08-02,大分県,国・省庁,0
防衛省(MOD) 陸上自衛隊 西部方面隊 西部方面会計隊 久留米駐屯地 第359会計隊,0,,,0,,https://www2.njss.info/organizations/proc/3528,2026-08-02,福岡県,国・省庁,0
防衛省(MOD) 陸上自衛隊 西部方面隊 西部方面会計隊 小郡駐屯地 第361会計隊,0,,,0,,https://www2.njss.info/organizations/proc/3529,2026-08-02,福岡県,国・省庁,0
防衛省(MOD) 陸上自衛隊 西部方面隊 西部方面会計隊 大村駐屯地 第363会計隊,0,,,0,,https://www2.njss.info/organizations/proc/3531,2026-08-02,長崎県,国・省庁,0
防衛省(MOD) 陸上自衛隊 西部方面隊 西部方面会計隊 竹松駐屯地 第363会計隊 竹松派遣隊,0,,,0,,https://www2.njss.info/organizations/proc/3532,2026-08-02,長崎県,国・省庁,0
防衛省(MOD) 陸上自衛隊 西部方面隊 西部方面会計隊 竹松駐屯地 第371会計隊,0,,,0,,https://www2.njss.info/organizations/proc/3533,2026-08-02,長崎県,国・省庁,0
法務省(MOJ) 矯正局 札幌矯正管区,0,,,0,,https://www2.njss.info/organizations/proc/3534,2026-08-02,北海道,国・省庁,0
法務省(MOJ) 矯正局 仙台矯正管区,0,,,0,,https://www2.njss.info/organizations/proc/3535,2026-08-02,宮城県,国・省庁,0
法務省(MOJ) 矯正局 東京矯正管区,0,,,0,,https://www2.njss.info/organizations/proc/3536,2026-08-02,埼玉県,国・省庁,0
法務省(MOJ) 矯正局 名古屋矯正管区,0,,,0,,https://www2.njss.info/organizations/proc/3537,2026-08-02,愛知県,国・省庁,0
法務省(MOJ) 矯正局 大阪矯正管区,0,,,0,,https://www2.njss.info/organizations/proc/3538,2026-08-02,大阪府,国・省庁,0
法務省(MOJ) 矯正局 広島矯正管区,0,,,0,,https://www2.njss.info/organizations/proc/3539,2026-08-02,広島県,国・省庁,0
法務省(MOJ) 矯正局 高松矯正管区,0,,,0,,https://www2.njss.info/organizations/proc/3540,2026-08-02,香川県,国・省庁,0
法務省(MOJ) 矯正局 福岡矯正管区,0,,,0,,https://www2.njss.info/organizations/proc/3541,2026-08-02,福岡県,国・省庁,0
法務省(MOJ) 矯正局 札幌矯正管区 札幌刑務所,0,,,0,,https://www2.njss.info/organizations/proc/3542,2026-08-02,北海道,国・省庁,0
法務省(MOJ) 矯正局 札幌矯正管区 札幌刑務所 札幌刑務支所,0,,,0,,https://www2.njss.info/organizations/proc/3543,2026-08-02,北海道,国・省庁,0
法務省(MOJ) 矯正局 札幌矯正管区 札幌刑務所 札幌拘置支所,0,,,0,,https://www2.njss.info/organizations/proc/3544,2026-08-02,北海道,国・省庁,0
法務省(MOJ) 矯正局 札幌矯正管区 札幌刑務所 小樽拘置支所,0,,,0,,https://www2.njss.info/organizations/proc/3545,2026-08-02,北海道,国・省庁,0
法務省(MOJ) 矯正局 札幌矯正管区 札幌刑務所 室蘭拘置支所,0,,,0,,https://www2.njss.info/organizations/proc/3546,2026-08-02,北海道,国・省庁,0
法務省(MOJ) 矯正局 札幌矯正管区 旭川刑務所,0,,,0,,https://www2.njss.info/organizations/proc/3547,2026-08-02,北海道,国・省庁,0
法務省(MOJ) 矯正局 札幌矯正管区 旭川刑務所 名寄拘置支所,0,,,0,,https://www2.njss.info/organizations/proc/3548,2026-08-02,北海道,国・省庁,0
法務省(MOJ) 矯正局 札幌矯正管区 帯広刑務所,0,,,0,,https://www2.njss.info/organizations/proc/3549,2026-08-02,北海道,国・省庁,0
法務省(MOJ) 矯正局 札幌矯正管区 帯広刑務所 釧路刑務支所,0,,,0,,https://www2.njss.info/organizations/proc/3550,2026-08-02,北海道,国・省庁,0
法務省(MOJ) 矯正局 札幌矯正管区 網走刑務所,0,,,0,,https://www2.njss.info/organizations/proc/3551,2026-08-02,北海道,国・省庁,0
法務省(MOJ) 矯正局 札幌矯正管区 月形刑務所,0,,,0,,https://www2.njss.info/organizations/proc/3552,2026-08-02,北海道,国・省庁,0
法務省(MOJ) 矯正局 札幌矯正管区 月形刑務所 岩見沢拘置支所,0,,,0,,https://www2.njss.info/organizations/proc/3553,2026-08-02,北海道,国・省庁,0
法務省(MOJ) 矯正局 札幌矯正管区 函館少年刑務所,0,,,0,,https://www2.njss.info/organizations/proc/3554,2026-08-02,北海道,国・省庁,0
法務省(MOJ) 矯正局 仙台矯正管区 青森刑務所,0,,,0,,https://www2.njss.info/organizations/proc/3555,2026-08-02,青森県,国・省庁,0
法務省(MOJ) 矯正局 仙台矯正管区 青森刑務所 弘前拘置支所,0,,,0,,https://www2.njss.info/organizations/proc/3556,2026-08-02,青森県,国・省庁,0
法務省(MOJ) 矯正局 仙台矯正管区 宮城刑務所,0,,,0,,https://www2.njss.info/organizations/proc/3557,2026-08-02,宮城県,国・省庁,0
法務省(MOJ) 矯正局 仙台矯正管区 宮城刑務所 仙台拘置支所,0,,,0,,https://www2.njss.info/organizations/proc/3558,2026-08-02,宮城県,国・省庁,0
法務省(MOJ) 矯正局 仙台矯正管区 宮城刑務所 石巻拘置支所,0,,,0,,https://www2.njss.info/organizations/proc/3559,2026-08-02,宮城県,国・省庁,0
法務省(MOJ) 矯正局 仙台矯正管区 宮城刑務所 古川拘置支所,0,,,0,,https://www2.njss.info/organizations/proc/3560,2026-08-02,宮城県,国・省庁,0
法務省(MOJ) 矯正局 仙台矯正管区 秋田刑務所,0,,,0,,https://www2.njss.info/organizations/proc/3561,2026-08-02,秋田県,国・省庁,0
法務省(MOJ) 矯正局 仙台矯正管区 秋田刑務所 横手拘置支所,0,,,0,,https://www2.njss.info/organizations/proc/3562,2026-08-02,秋田県,国・省庁,0
法務省(MOJ) 矯正局 仙台矯正管区 秋田刑務所 大館拘置支所,0,,,0,,https://www2.njss.info/organizations/proc/3563,2026-08-02,秋田県,国・省庁,0
法務省(MOJ) 矯正局 仙台矯正管区 秋田刑務所 大曲拘置支所,0,,,0,,https://www2.njss.info/organizations/proc/3564,2026-08-02,秋田県,国・省庁,0
法務省(MOJ) 矯正局 仙台矯正管区 山形刑務所,0,,,0,,https://www2.njss.info/organizations/proc/3565,2026-08-02,山形県,国・省庁,0
法務省(MOJ) 矯正局 仙台矯正管区 山形刑務所 米沢拘置支所,0,,,0,,https://www2.njss.info/organizations/proc/3566,2026-08-02,山形県,国・省庁,0
法務省(MOJ) 矯正局 仙台矯正管区 山形刑務所 鶴岡拘置支所,0,,,0,,https://www2.njss.info/organizations/proc/3567,2026-08-02,山形県,国・省庁,0
法務省(MOJ) 矯正局 仙台矯正管区 山形刑務所 酒田拘置支所,0,,,0,,https://www2.njss.info/organizations/proc/3568,2026-08-02,山形県,国・省庁,0
法務省(MOJ) 矯正局 仙台矯正管区 福島刑務所,0,,,0,,https://www2.njss.info/organizations/proc/3569,2026-08-02,福島県,国・省庁,0
法務省(MOJ) 矯正局 仙台矯正管区 福島刑務所 福島刑務支所,0,,,0,,https://www2.njss.info/organizations/proc/3570,2026-08-02,福島県,国・省庁,0
法務省(MOJ) 矯正局 仙台矯正管区 福島刑務所 会津若松拘置支所,0,,,0,,https://www2.njss.info/organizations/proc/3571,2026-08-02,福島県,国・省庁,0
法務省(MOJ) 矯正局 仙台矯正管区 福島刑務所 郡山拘置支所,0,,,0,,https://www2.njss.info/organizations/proc/3572,2026-08-02,福島県,国・省庁,0
法務省(MOJ) 矯正局 仙台矯正管区 福島刑務所 いわき拘置支所,0,,,0,,https://www2.njss.info/organizations/proc/3573,2026-08-02,福島県,国・省庁,0
法務省(MOJ) 矯正局 仙台矯正管区 福島刑務所 白河拘置支所,0,,,0,,https://www2.njss.info/organizations/proc/3574,2026-08-02,福島県,国・省庁,0
法務省(MOJ) 矯正局 仙台矯正管区 盛岡少年刑務所,0,,,0,,https://www2.njss.info/organizations/proc/3575,2026-08-02,岩手県,国・省庁,0
法務省(MOJ) 矯正局 仙台矯正管区 盛岡少年刑務所 一関拘置支所,0,,,0,,https://www2.njss.info/organizations/proc/3576,2026-08-02,岩手県,国・省庁,0
法務省(MOJ) 矯正局 東京矯正管区 水戸刑務所,0,,,0,,https://www2.njss.info/organizations/proc/3577,2026-08-02,茨城県,国・省庁,0
法務省(MOJ) 矯正局 東京矯正管区 水戸刑務所 水戸拘置支所,0,,,0,,https://www2.njss.info/organizations/proc/3578,2026-08-02,茨城県,国・省庁,0
法務省(MOJ) 矯正局 東京矯正管区 水戸刑務所 土浦拘置支所,0,,,0,,https://www2.njss.info/organizations/proc/3579,2026-08-02,茨城県,国・省庁,0
法務省(MOJ) 矯正局 東京矯正管区 水戸刑務所 下妻拘置支所,0,,,0,,https://www2.njss.info/organizations/proc/3580,2026-08-02,茨城県,国・省庁,0
法務省(MOJ) 矯正局 東京矯正管区 栃木刑務所,0,,,0,,https://www2.njss.info/organizations/proc/3581,2026-08-02,栃木県,国・省庁,0
法務省(MOJ) 矯正局 東京矯正管区 黒羽刑務所,0,,,0,,https://www2.njss.info/organizations/proc/3582,2026-08-02,栃木県,国・省庁,0
法務省(MOJ) 矯正局 東京矯正管区 黒羽刑務所 宇都宮拘置支所,0,,,0,,https://www2.njss.info/organizations/proc/3583,2026-08-02,栃木県,国・省庁,0
法務省(MOJ) 矯正局 東京矯正管区 黒羽刑務所 足利拘置支所,0,,,0,,https://www2.njss.info/organizations/proc/3584,2026-08-02,栃木県,国・省庁,0
法務省(MOJ) 矯正局 東京矯正管区 黒羽刑務所 大田原拘置支所,0,,,0,,https://www2.njss.info/organizations/proc/3585,2026-08-02,栃木県,国・省庁,0
法務省(MOJ) 矯正局 東京矯正管区 前橋刑務所,0,,,0,,https://www2.njss.info/organizations/proc/3586,2026-08-02,群馬県,国・省庁,0
法務省(MOJ) 矯正局 東京矯正管区 前橋刑務所 高崎拘置支所,0,,,0,,https://www2.njss.info/organizations/proc/3587,2026-08-02,群馬県,国・省庁,0
法務省(MOJ) 矯正局 東京矯正管区 前橋刑務所 太田拘置支所,0,,,0,,https://www2.njss.info/organizations/proc/3588,2026-08-02,群馬県,国・省庁,0
法務省(MOJ) 矯正局 東京矯正管区 千葉刑務所,0,,,0,,https://www2.njss.info/organizations/proc/3589,2026-08-02,千葉県,国・省庁,0
法務省(MOJ) 矯正局 東京矯正管区 千葉刑務所 木更津拘置支所,0,,,0,,https://www2.njss.info/organizations/proc/3590,2026-08-02,千葉県,国・省庁,0
法務省(MOJ) 矯正局 東京矯正管区 千葉刑務所 松戸拘置支所,0,,,0,,https://www2.njss.info/organizations/proc/3591,2026-08-02,千葉県,国・省庁,0
法務省(MOJ) 矯正局 東京矯正管区 千葉刑務所 八日市場拘置支所,0,,,0,,https://www2.njss.info/organizations/proc/3592,2026-08-02,千葉県,国・省庁,0
法務省(MOJ) 矯正局 東京矯正管区 市原刑務所,0,,,0,,https://www2.njss.info/organizations/proc/3593,2026-08-02,千葉県,国・省庁,0
法務省(MOJ) 矯正局 東京矯正管区 八王子医療刑務所,0,,,0,,https://www2.njss.info/organizations/proc/3594,2026-08-02,東京都,国・省庁,0
法務省(MOJ) 矯正局 東京矯正管区 府中刑務所,0,,,0,,https://www2.njss.info/organizations/proc/3595,2026-08-02,東京都,国・省庁,0
法務省(MOJ) 矯正局 東京矯正管区 横浜刑務所,0,,,0,,https://www2.njss.info/organizations/proc/3596,2026-08-02,神奈川県,国・省庁,0
法務省(MOJ) 矯正局 東京矯正管区 横浜刑務所 横須賀刑務支所,0,,,0,,https://www2.njss.info/organizations/proc/3597,2026-08-02,神奈川県,国・省庁,0
法務省(MOJ) 矯正局 東京矯正管区 横浜刑務所 横浜拘置支所,0,,,0,,https://www2.njss.info/organizations/proc/3598,2026-08-02,神奈川県,国・省庁,0
法務省(MOJ) 矯正局 東京矯正管区 横浜刑務所 小田原拘置支所,0,,,0,,https://www2.njss.info/organizations/proc/3599,2026-08-02,神奈川県,国・省庁,0
法務省(MOJ) 矯正局 東京矯正管区 横浜刑務所 相模原拘置支所,0,,,0,,https://www2.njss.info/organizations/proc/3600,2026-08-02,神奈川県,国・省庁,0
法務省(MOJ) 矯正局 東京矯正管区 新潟刑務所,0,,,0,,https://www2.njss.info/organizations/proc/3601,2026-08-02,新潟県,国・省庁,0
法務省(MOJ) 矯正局 東京矯正管区 新潟刑務所 長岡拘置支所,0,,,0,,https://www2.njss.info/organizations/proc/3602,2026-08-02,新潟県,国・省庁,0
法務省(MOJ) 矯正局 東京矯正管区 新潟刑務所 上越拘置支所,0,,,0,,https://www2.njss.info/organizations/proc/3603,2026-08-02,新潟県,国・省庁,0
法務省(MOJ) 矯正局 東京矯正管区 新潟刑務所 佐渡拘置支所,0,,,0,,https://www2.njss.info/organizations/proc/3604,2026-08-02,新潟県,国・省庁,0
法務省(MOJ) 矯正局 東京矯正管区 甲府刑務所,0,,,0,,https://www2.njss.info/organizations/proc/3605,2026-08-02,山梨県,国・省庁,0
法務省(MOJ) 矯正局 東京矯正管区 長野刑務所,0,,,0,,https://www2.njss.info/organizations/proc/3606,2026-08-02,長野県,国・省庁,0
法務省(MOJ) 矯正局 東京矯正管区 長野刑務所 長野拘置支所,0,,,0,,https://www2.njss.info/organizations/proc/3607,2026-08-02,長野県,国・省庁,0
法務省(MOJ) 矯正局 東京矯正管区 長野刑務所 上田拘置支所,0,,,0,,https://www2.njss.info/organizations/proc/3608,2026-08-02,長野県,国・省庁,0
法務省(MOJ) 矯正局 東京矯正管区 静岡刑務所,0,,,0,,https://www2.njss.info/organizations/proc/3609,2026-08-02,静岡県,国・省庁,0
法務省(MOJ) 矯正局 東京矯正管区 静岡刑務所 浜松拘置支所,0,,,0,,https://www2.njss.info/organizations/proc/3610,2026-08-02,静岡県,国・省庁,0
法務省(MOJ) 矯正局 東京矯正管区 静岡刑務所 沼津拘置支所,0,,,0,,https://www2.njss.info/organizations/proc/3611,2026-08-02,静岡県,国・省庁,0
法務省(MOJ) 矯正局 東京矯正管区 川越少年刑務所,0,,,0,,https://www2.njss.info/organizations/proc/3612,2026-08-02,埼玉県,国・省庁,0
法務省(MOJ) 矯正局 東京矯正管区 川越少年刑務所 さいたま拘置支所,0,,,0,,https://www2.njss.info/organizations/proc/3613,2026-08-02,埼玉県,国・省庁,0
法務省(MOJ) 矯正局 東京矯正管区 川越少年刑務所 熊谷拘置支所,0,,,0,,https://www2.njss.info/organizations/proc/3614,2026-08-02,埼玉県,国・省庁,0
法務省(MOJ) 矯正局 東京矯正管区 松本少年刑務所,0,,,0,,https://www2.njss.info/organizations/proc/3615,2026-08-02,長野県,国・省庁,0
法務省(MOJ) 矯正局 東京矯正管区 松本少年刑務所 飯田拘置支所,0,,,0,,https://www2.njss.info/organizations/proc/3616,2026-08-02,長野県,国・省庁,0
法務省(MOJ) 矯正局 東京矯正管区 松本少年刑務所 上諏訪拘置支所,0,,,0,,https://www2.njss.info/organizations/proc/3617,2026-08-02,長野県,国・省庁,0
法務省(MOJ) 矯正局 東京矯正管区 東京拘置所,0,,,0,,https://www2.njss.info/organizations/proc/3618,2026-08-02,東京都,国・省庁,0
法務省(MOJ) 矯正局 東京矯正管区 立川拘置所,0,,,0,,https://www2.njss.info/organizations/proc/3619,2026-08-02,東京都,国・省庁,0
法務省(MOJ) 矯正局 名古屋矯正管区 富山刑務所,0,,,0,,https://www2.njss.info/organizations/proc/3620,2026-08-02,富山県,国・省庁,0
法務省(MOJ) 矯正局 名古屋矯正管区 富山刑務所 高岡拘置支所,0,,,0,,https://www2.njss.info/organizations/proc/3621,2026-08-02,富山県,国・省庁,0
法務省(MOJ) 矯正局 名古屋矯正管区 金沢刑務所,0,,,0,,https://www2.njss.info/organizations/proc/3622,2026-08-02,石川県,国・省庁,0
法務省(MOJ) 矯正局 名古屋矯正管区 金沢刑務所 七尾拘置支所,0,,,0,,https://www2.njss.info/organizations/proc/3623,2026-08-02,石川県,国・省庁,0
法務省(MOJ) 矯正局 名古屋矯正管区 福井刑務所,0,,,0,,https://www2.njss.info/organizations/proc/3624,2026-08-02,福井県,国・省庁,0
法務省(MOJ) 矯正局 名古屋矯正管区 岐阜刑務所,0,,,0,,https://www2.njss.info/organizations/proc/3625,2026-08-02,岐阜県,国・省庁,0
法務省(MOJ) 矯正局 名古屋矯正管区 岐阜刑務所 岐阜拘置支所,0,,,0,,https://www2.njss.info/organizations/proc/3626,2026-08-02,岐阜県,国・省庁,0
法務省(MOJ) 矯正局 名古屋矯正管区 岐阜刑務所 高山拘置支所,0,,,0,,https://www2.njss.info/organizations/proc/3627,2026-08-02,岐阜県,国・省庁,0
法務省(MOJ) 矯正局 名古屋矯正管区 岐阜刑務所 御嵩拘置支所,0,,,0,,https://www2.njss.info/organizations/proc/3628,2026-08-02,岐阜県,国・省庁,0
法務省(MOJ) 矯正局 名古屋矯正管区 笠松刑務所,0,,,0,,https://www2.njss.info/organizations/proc/3629,2026-08-02,岐阜県,国・省庁,0
法務省(MOJ) 矯正局 名古屋矯正管区 岡崎医療刑務所,0,,,0,,https://www2.njss.info/organizations/proc/3630,2026-08-02,愛知県,国・省庁,0
法務省(MOJ) 矯正局 名古屋矯正管区 名古屋刑務所,0,,,0,,https://www2.njss.info/organizations/proc/3631,2026-08-02,愛知県,国・省庁,0
法務省(MOJ) 矯正局 名古屋矯正管区 名古屋刑務所 豊橋刑務支所,0,,,0,,https://www2.njss.info/organizations/proc/3632,2026-08-02,愛知県,国・省庁,0
法務省(MOJ) 矯正局 名古屋矯正管区 名古屋刑務所 岡崎拘置支所,0,,,0,,https://www2.njss.info/organizations/proc/3633,2026-08-02,愛知県,国・省庁,0
法務省(MOJ) 矯正局 名古屋矯正管区 三重刑務所,0,,,0,,https://www2.njss.info/organizations/proc/3634,2026-08-02,三重県,国・省庁,0
法務省(MOJ) 矯正局 名古屋矯正管区 三重刑務所 四日市拘置支所,0,,,0,,https://www2.njss.info/organizations/proc/3635,2026-08-02,三重県,国・省庁,0
法務省(MOJ) 矯正局 名古屋矯正管区 三重刑務所 伊勢拘置支所,0,,,0,,https://www2.njss.info/organizations/proc/3636,2026-08-02,三重県,国・省庁,0
法務省(MOJ) 矯正局 名古屋矯正管区 名古屋拘置所,0,,,0,,https://www2.njss.info/organizations/proc/3637,2026-08-02,愛知県,国・省庁,0
法務省(MOJ) 矯正局 名古屋矯正管区 名古屋拘置所 一宮拘置支所,0,,,0,,https://www2.njss.info/organizations/proc/3638,2026-08-02,愛知県,国・省庁,0
法務省(MOJ) 矯正局 名古屋矯正管区 名古屋拘置所 半田拘置支所,0,,,0,,https://www2.njss.info/organizations/proc/3639,2026-08-02,愛知県,国・省庁,0
法務省(MOJ) 矯正局 大阪矯正管区 滋賀刑務所,0,,,0,,https://www2.njss.info/organizations/proc/3640,2026-08-02,滋賀県,国・省庁,0
法務省(MOJ) 矯正局 大阪矯正管区 滋賀刑務所 彦根拘置支所,0,,,0,,https://www2.njss.info/organizations/proc/3641,2026-08-02,滋賀県,国・省庁,0
法務省(MOJ) 矯正局 大阪矯正管区 京都刑務所,0,,,0,,https://www2.njss.info/organizations/proc/3642,2026-08-02,京都府,国・省庁,0
法務省(MOJ) 矯正局 大阪矯正管区 京都刑務所 舞鶴拘置支所,0,,,0,,https://www2.njss.info/organizations/proc/3643,2026-08-02,京都府,国・省庁,0
法務省(MOJ) 矯正局 大阪矯正管区 大阪刑務所,0,,,0,,https://www2.njss.info/organizations/proc/3644,2026-08-02,大阪府,国・省庁,0
法務省(MOJ) 矯正局 大阪矯正管区 大阪刑務所 堺拘置支所,0,,,0,,https://www2.njss.info/organizations/proc/3645,2026-08-02,大阪府,国・省庁,0
法務省(MOJ) 矯正局 大阪矯正管区 大阪刑務所 岸和田拘置支所,0,,,0,,https://www2.njss.info/organizations/proc/3646,2026-08-02,大阪府,国・省庁,0
法務省(MOJ) 矯正局 大阪矯正管区 大阪刑務所 丸の内拘置支所,0,,,0,,https://www2.njss.info/organizations/proc/3647,2026-08-02,大阪府,国・省庁,0
法務省(MOJ) 矯正局 大阪矯正管区 大阪刑務所 田辺拘置支所,0,,,0,,https://www2.njss.info/organizations/proc/3648,2026-08-02,大阪府,国・省庁,0
法務省(MOJ) 矯正局 大阪矯正管区 大阪刑務所 新宮拘置支所,0,,,0,,https://www2.njss.info/organizations/proc/3649,2026-08-02,大阪府,国・省庁,0
法務省(MOJ) 矯正局 大阪矯正管区 大阪医療刑務所,0,,,0,,https://www2.njss.info/organizations/proc/3650,2026-08-02,大阪府,国・省庁,0
法務省(MOJ) 矯正局 大阪矯正管区 神戸刑務所,0,,,0,,https://www2.njss.info/organizations/proc/3651,2026-08-02,兵庫県,国・省庁,0
法務省(MOJ) 矯正局 大阪矯正管区 神戸刑務所 洲本拘置支所,0,,,0,,https://www2.njss.info/organizations/proc/3652,2026-08-02,兵庫県,国・省庁,0
法務省(MOJ) 矯正局 大阪矯正管区 神戸刑務所 豊岡拘置支所,0,,,0,,https://www2.njss.info/organizations/proc/3653,2026-08-02,兵庫県,国・省庁,0
法務省(MOJ) 矯正局 大阪矯正管区 加古川刑務所,0,,,0,,https://www2.njss.info/organizations/proc/3654,2026-08-02,兵庫県,国・省庁,0
法務省(MOJ) 矯正局 大阪矯正管区 和歌山刑務所,0,,,0,,https://www2.njss.info/organizations/proc/3655,2026-08-02,和歌山県,国・省庁,0
法務省(MOJ) 矯正局 大阪矯正管区 姫路少年刑務所,0,,,0,,https://www2.njss.info/organizations/proc/3656,2026-08-02,兵庫県,国・省庁,0
法務省(MOJ) 矯正局 大阪矯正管区 姫路少年刑務所 姫路拘置支所,0,,,0,,https://www2.njss.info/organizations/proc/3657,2026-08-02,兵庫県,国・省庁,0
法務省(MOJ) 矯正局 大阪矯正管区 奈良少年刑務所,0,,,0,,https://www2.njss.info/organizations/proc/3658,2026-08-02,奈良県,国・省庁,0
法務省(MOJ) 矯正局 大阪矯正管区 奈良少年刑務所 葛城拘置支所,0,,,0,,https://www2.njss.info/organizations/proc/3659,2026-08-02,奈良県,国・省庁,0
法務省(MOJ) 矯正局 大阪矯正管区 京都拘置所,0,,,0,,https://www2.njss.info/organizations/proc/3660,2026-08-02,京都府,国・省庁,0
法務省(MOJ) 矯正局 大阪矯正管区 大阪拘置所,0,,,0,,https://www2.njss.info/organizations/proc/3661,2026-08-02,大阪府,国・省庁,0
法務省(MOJ) 矯正局 大阪矯正管区 神戸拘置所,0,,,0,,https://www2.njss.info/organizations/proc/3662,2026-08-02,兵庫県,国・省庁,0
法務省(MOJ) 矯正局 大阪矯正管区 神戸拘置所 尼崎拘置支所,0,,,0,,https://www2.njss.info/organizations/proc/3663,2026-08-02,兵庫県,国・省庁,0
法務省(MOJ) 矯正局 広島矯正管区 鳥取刑務所,0,,,0,,https://www2.njss.info/organizations/proc/3664,2026-08-02,鳥取県,国・省庁,0
法務省(MOJ) 矯正局 広島矯正管区 松江刑務所,0,,,0,,https://www2.njss.info/organizations/proc/3665,2026-08-02,島根県,国・省庁,0
法務省(MOJ) 矯正局 広島矯正管区 松江刑務所 米子拘置支所,0,,,0,,https://www2.njss.info/organizations/proc/3666,2026-08-02,鳥取県,国・省庁,0
法務省(MOJ) 矯正局 広島矯正管区 島根あさひ社会復帰促進センター 浜田拘置支所,0,,,0,,https://www2.njss.info/organizations/proc/3667,2026-08-02,島根県,国・省庁,0
法務省(MOJ) 矯正局 広島矯正管区 岡山刑務所,0,,,0,,https://www2.njss.info/organizations/proc/3668,2026-08-02,岡山県,国・省庁,0
法務省(MOJ) 矯正局 広島矯正管区 岡山刑務所 津山拘置支所,0,,,0,,https://www2.njss.info/organizations/proc/3669,2026-08-02,岡山県,国・省庁,0
法務省(MOJ) 矯正局 広島矯正管区 広島刑務所,0,,,0,,https://www2.njss.info/organizations/proc/3670,2026-08-02,広島県,国・省庁,0
法務省(MOJ) 矯正局 広島矯正管区 広島刑務所 尾道刑務支所,0,,,0,,https://www2.njss.info/organizations/proc/3671,2026-08-02,広島県,国・省庁,0
法務省(MOJ) 矯正局 広島矯正管区 広島刑務所 呉拘置支所,0,,,0,,https://www2.njss.info/organizations/proc/3672,2026-08-02,広島県,国・省庁,0
法務省(MOJ) 矯正局 広島矯正管区 広島刑務所 福山拘置支所,0,,,0,,https://www2.njss.info/organizations/proc/3673,2026-08-02,広島県,国・省庁,0
法務省(MOJ) 矯正局 広島矯正管区 広島刑務所 三次拘置支所,0,,,0,,https://www2.njss.info/organizations/proc/3674,2026-08-02,広島県,国・省庁,0
法務省(MOJ) 矯正局 広島矯正管区 山口刑務所,0,,,0,,https://www2.njss.info/organizations/proc/3675,2026-08-02,山口県,国・省庁,0
法務省(MOJ) 矯正局 広島矯正管区 山口刑務所 下関拘置支所,0,,,0,,https://www2.njss.info/organizations/proc/3676,2026-08-02,山口県,国・省庁,0
法務省(MOJ) 矯正局 広島矯正管区 山口刑務所 宇部拘置支所,0,,,0,,https://www2.njss.info/organizations/proc/3677,2026-08-02,山口県,国・省庁,0
法務省(MOJ) 矯正局 広島矯正管区 山口刑務所 萩拘置支所,0,,,0,,https://www2.njss.info/organizations/proc/3678,2026-08-02,山口県,国・省庁,0
法務省(MOJ) 矯正局 広島矯正管区 山口刑務所 周南拘置支所,0,,,0,,https://www2.njss.info/organizations/proc/3679,2026-08-02,山口県,国・省庁,0
法務省(MOJ) 矯正局 広島矯正管区 岩国刑務所,0,,,0,,https://www2.njss.info/organizations/proc/3680,2026-08-02,山口県,国・省庁,0
法務省(MOJ) 矯正局 広島矯正管区 広島拘置所,0,,,0,,https://www2.njss.info/organizations/proc/3681,2026-08-02,広島県,国・省庁,0
法務省(MOJ) 矯正局 高松矯正管区 徳島刑務所,0,,,0,,https://www2.njss.info/organizations/proc/3682,2026-08-02,徳島県,国・省庁,0
法務省(MOJ) 矯正局 高松矯正管区 高松刑務所,0,,,0,,https://www2.njss.info/organizations/proc/3683,2026-08-02,香川県,国・省庁,0
法務省(MOJ) 矯正局 高松矯正管区 高松刑務所 丸亀拘置支所,0,,,0,,https://www2.njss.info/organizations/proc/3684,2026-08-02,香川県,国・省庁,0
法務省(MOJ) 矯正局 高松矯正管区 松山刑務所,0,,,0,,https://www2.njss.info/organizations/proc/3685,2026-08-02,愛媛県,国・省庁,0
法務省(MOJ) 矯正局 高松矯正管区 松山刑務所 西条刑務支所,0,,,0,,https://www2.njss.info/organizations/proc/3686,2026-08-02,愛媛県,国・省庁,0
法務省(MOJ) 矯正局 高松矯正管区 松山刑務所 今治拘置支所,0,,,0,,https://www2.njss.info/organizations/proc/3687,2026-08-02,愛媛県,国・省庁,0
法務省(MOJ) 矯正局 高松矯正管区 松山刑務所 宇和島拘置支所,0,,,0,,https://www2.njss.info/organizations/proc/3688,2026-08-02,愛媛県,国・省庁,0
法務省(MOJ) 矯正局 高松矯正管区 松山刑務所 大洲拘置支所,0,,,0,,https://www2.njss.info/organizations/proc/3689,2026-08-02,愛媛県,国・省庁,0
法務省(MOJ) 矯正局 高松矯正管区 高知刑務所,0,,,0,,https://www2.njss.info/organizations/proc/3690,2026-08-02,高知県,国・省庁,0
法務省(MOJ) 矯正局 高松矯正管区 高知刑務所 中村拘置支所,0,,,0,,https://www2.njss.info/organizations/proc/3691,2026-08-02,高知県,国・省庁,0
法務省(MOJ) 矯正局 福岡矯正管区 北九州医療刑務所,0,,,0,,https://www2.njss.info/organizations/proc/3692,2026-08-02,福岡県,国・省庁,0
法務省(MOJ) 矯正局 福岡矯正管区 福岡刑務所,0,,,0,,https://www2.njss.info/organizations/proc/3693,2026-08-02,福岡県,国・省庁,0
法務省(MOJ) 矯正局 福岡矯正管区 福岡刑務所 大牟田拘置支所,0,,,0,,https://www2.njss.info/organizations/proc/3694,2026-08-02,福岡県,国・省庁,0
法務省(MOJ) 矯正局 福岡矯正管区 福岡刑務所 久留米拘置支所,0,,,0,,https://www2.njss.info/organizations/proc/3695,2026-08-02,福岡県,国・省庁,0
法務省(MOJ) 矯正局 福岡矯正管区 福岡刑務所 飯塚拘置支所,0,,,0,,https://www2.njss.info/organizations/proc/3696,2026-08-02,福岡県,国・省庁,0
法務省(MOJ) 矯正局 福岡矯正管区 福岡刑務所 田川拘置支所,0,,,0,,https://www2.njss.info/organizations/proc/3697,2026-08-02,福岡県,国・省庁,0
法務省(MOJ) 矯正局 福岡矯正管区 福岡刑務所 厳原拘置支所,0,,,0,,https://www2.njss.info/organizations/proc/3698,2026-08-02,福岡県,国・省庁,0
法務省(MOJ) 矯正局 福岡矯正管区 麓刑務所,0,,,0,,https://www2.njss.info/organizations/proc/3699,2026-08-02,佐賀県,国・省庁,0
法務省(MOJ) 矯正局 福岡矯正管区 長崎刑務所 佐世保拘置支所,0,,,0,,https://www2.njss.info/organizations/proc/3700,2026-08-02,長崎県,国・省庁,0
法務省(MOJ) 矯正局 福岡矯正管区 長崎刑務所,0,,,0,,https://www2.njss.info/organizations/proc/3701,2026-08-02,長崎県,国・省庁,0
法務省(MOJ) 矯正局 福岡矯正管区 長崎刑務所 長崎拘置支所,0,,,0,,https://www2.njss.info/organizations/proc/3702,2026-08-02,長崎県,国・省庁,0
法務省(MOJ) 矯正局 福岡矯正管区 長崎刑務所 島原拘置支所,0,,,0,,https://www2.njss.info/organizations/proc/3703,2026-08-02,長崎県,国・省庁,0
法務省(MOJ) 矯正局 福岡矯正管区 長崎刑務所 五島拘置支所,0,,,0,,https://www2.njss.info/organizations/proc/3704,2026-08-02,長崎県,国・省庁,0
法務省(MOJ) 矯正局 福岡矯正管区 熊本刑務所,0,,,0,,https://www2.njss.info/organizations/proc/3705,2026-08-02,熊本県,国・省庁,0
法務省(MOJ) 矯正局 福岡矯正管区 熊本刑務所 京町拘置支所,0,,,0,,https://www2.njss.info/organizations/proc/3706,2026-08-02,熊本県,国・省庁,0
法務省(MOJ) 矯正局 福岡矯正管区 熊本刑務所 八代拘置支所,0,,,0,,https://www2.njss.info/organizations/proc/3707,2026-08-02,熊本県,国・省庁,0
法務省(MOJ) 矯正局 福岡矯正管区 熊本刑務所 天草拘置支所,0,,,0,,https://www2.njss.info/organizations/proc/3708,2026-08-02,熊本県,国・省庁,0
法務省(MOJ) 矯正局 福岡矯正管区 大分刑務所,0,,,0,,https://www2.njss.info/organizations/proc/3709,2026-08-02,大分県,国・省庁,0
法務省(MOJ) 矯正局 福岡矯正管区 大分刑務所 中津拘置支所,0,,,0,,https://www2.njss.info/organizations/proc/3710,2026-08-02,大分県,国・省庁,0
法務省(MOJ) 矯正局 福岡矯正管区 宮崎刑務所,0,,,0,,https://www2.njss.info/organizations/proc/3711,2026-08-02,宮崎県,国・省庁,0
法務省(MOJ) 矯正局 福岡矯正管区 宮崎刑務所 都城拘置支所,0,,,0,,https://www2.njss.info/organizations/proc/3712,2026-08-02,宮崎県,国・省庁,0
法務省(MOJ) 矯正局 福岡矯正管区 宮崎刑務所 延岡拘置支所,0,,,0,,https://www2.njss.info/organizations/proc/3713,2026-08-02,宮崎県,国・省庁,0
法務省(MOJ) 矯正局 福岡矯正管区 鹿児島刑務所,0,,,0,,https://www2.njss.info/organizations/proc/3714,2026-08-02,鹿児島県,国・省庁,0
法務省(MOJ) 矯正局 福岡矯正管区 鹿児島刑務所 鹿児島拘置支所,0,,,0,,https://www2.njss.info/organizations/proc/3715,2026-08-02,鹿児島県,国・省庁,0
法務省(MOJ) 矯正局 福岡矯正管区 鹿児島刑務所 大島拘置支所,0,,,0,,https://www2.njss.info/organizations/proc/3716,2026-08-02,鹿児島県,国・省庁,0
法務省(MOJ) 矯正局 福岡矯正管区 沖縄刑務所,0,,,0,,https://www2.njss.info/organizations/proc/3717,2026-08-02,沖縄県,国・省庁,0
法務省(MOJ) 矯正局 福岡矯正管区 沖縄刑務所 八重山刑務支所,0,,,0,,https://www2.njss.info/organizations/proc/3718,2026-08-02,沖縄県,国・省庁,0
法務省(MOJ) 矯正局 福岡矯正管区 沖縄刑務所 那覇拘置支所,0,,,0,,https://www2.njss.info/organizations/proc/3719,2026-08-02,沖縄県,国・省庁,0
法務省(MOJ) 矯正局 福岡矯正管区 沖縄刑務所 宮古拘置支所,0,,,0,,https://www2.njss.info/organizations/proc/3720,2026-08-02,沖縄県,国・省庁,0
法務省(MOJ) 矯正局 福岡矯正管区 佐賀少年刑務所,0,,,0,,https://www2.njss.info/organizations/proc/3721,2026-08-02,佐賀県,国・省庁,0
法務省(MOJ) 矯正局 福岡矯正管区 福岡拘置所,0,,,0,,https://www2.njss.info/organizations/proc/3722,2026-08-02,福岡県,国・省庁,0
法務省(MOJ) 矯正局 福岡矯正管区 福岡拘置所 小倉拘置支所,0,,,0,,https://www2.njss.info/organizations/proc/3723,2026-08-02,福岡県,国・省庁,0
法務省(MOJ) 矯正局 札幌矯正管区 帯広少年院,0,,,0,,https://www2.njss.info/organizations/proc/3724,2026-08-02,北海道,国・省庁,0
法務省(MOJ) 矯正局 札幌矯正管区 北海少年院,0,,,0,,https://www2.njss.info/organizations/proc/3725,2026-08-02,北海道,国・省庁,0
法務省(MOJ) 矯正局 札幌矯正管区 紫明女子学院,0,,,0,,https://www2.njss.info/organizations/proc/3726,2026-08-02,北海道,国・省庁,0
法務省(MOJ) 矯正局 札幌矯正管区 月形学園,0,,,0,,https://www2.njss.info/organizations/proc/3727,2026-08-02,北海道,国・省庁,0
法務省(MOJ) 矯正局 仙台矯正管区 青森少年院,0,,,0,,https://www2.njss.info/organizations/proc/3728,2026-08-02,青森県,国・省庁,0
法務省(MOJ) 矯正局 仙台矯正管区 盛岡少年院,0,,,0,,https://www2.njss.info/organizations/proc/3729,2026-08-02,岩手県,国・省庁,0
法務省(MOJ) 矯正局 仙台矯正管区 東北少年院,0,,,0,,https://www2.njss.info/organizations/proc/3730,2026-08-02,宮城県,国・省庁,0
法務省(MOJ) 矯正局 仙台矯正管区 青葉女子学園,0,,,0,,https://www2.njss.info/organizations/proc/3731,2026-08-02,宮城県,国・省庁,0
法務省(MOJ) 矯正局 仙台矯正管区 置賜学院,0,,,0,,https://www2.njss.info/organizations/proc/3732,2026-08-02,山形県,国・省庁,0
法務省(MOJ) 矯正局 東京矯正管区 茨城農芸学院,0,,,0,,https://www2.njss.info/organizations/proc/3733,2026-08-02,茨城県,国・省庁,0
法務省(MOJ) 矯正局 東京矯正管区 水府学院,0,,,0,,https://www2.njss.info/organizations/proc/3734,2026-08-02,茨城県,国・省庁,0
法務省(MOJ) 矯正局 東京矯正管区 喜連川少年院,0,,,0,,https://www2.njss.info/organizations/proc/3735,2026-08-02,栃木県,国・省庁,0
法務省(MOJ) 矯正局 東京矯正管区 赤城少年院,0,,,0,,https://www2.njss.info/organizations/proc/3736,2026-08-02,群馬県,国・省庁,0
法務省(MOJ) 矯正局 東京矯正管区 榛名女子学園,0,,,0,,https://www2.njss.info/organizations/proc/3737,2026-08-02,群馬県,国・省庁,0
法務省(MOJ) 矯正局 東京矯正管区 市原学園,0,,,0,,https://www2.njss.info/organizations/proc/3738,2026-08-02,千葉県,国・省庁,0
法務省(MOJ) 矯正局 東京矯正管区 八街少年院,0,,,0,,https://www2.njss.info/organizations/proc/3739,2026-08-02,千葉県,国・省庁,0
法務省(MOJ) 矯正局 東京矯正管区 多摩少年院,0,,,0,,https://www2.njss.info/organizations/proc/3740,2026-08-02,東京都,国・省庁,0
法務省(MOJ) 矯正局 東京矯正管区 関東医療少年院,0,,,0,,https://www2.njss.info/organizations/proc/3741,2026-08-02,東京都,国・省庁,0
法務省(MOJ) 矯正局 東京矯正管区 愛光女子学園,0,,,0,,https://www2.njss.info/organizations/proc/3742,2026-08-02,東京都,国・省庁,0
法務省(MOJ) 矯正局 東京矯正管区 久里浜少年院,0,,,0,,https://www2.njss.info/organizations/proc/3743,2026-08-02,神奈川県,国・省庁,0
法務省(MOJ) 矯正局 東京矯正管区 小田原少年院,0,,,0,,https://www2.njss.info/organizations/proc/3744,2026-08-02,神奈川県,国・省庁,0
法務省(MOJ) 矯正局 東京矯正管区 神奈川医療少年院,0,,,0,,https://www2.njss.info/organizations/proc/3745,2026-08-02,神奈川県,国・省庁,0
法務省(MOJ) 矯正局 東京矯正管区 新潟少年学院,0,,,0,,https://www2.njss.info/organizations/proc/3746,2026-08-02,新潟県,国・省庁,0
法務省(MOJ) 矯正局 東京矯正管区 有明高原寮,0,,,0,,https://www2.njss.info/organizations/proc/3747,2026-08-02,長野県,国・省庁,0
法務省(MOJ) 矯正局 東京矯正管区 駿府学園,0,,,0,,https://www2.njss.info/organizations/proc/3748,2026-08-02,静岡県,国・省庁,0
法務省(MOJ) 矯正局 名古屋矯正管区 湖南学院,0,,,0,,https://www2.njss.info/organizations/proc/3749,2026-08-02,石川県,国・省庁,0
法務省(MOJ) 矯正局 名古屋矯正管区 瀬戸少年院,0,,,0,,https://www2.njss.info/organizations/proc/3750,2026-08-02,愛知県,国・省庁,0
法務省(MOJ) 矯正局 名古屋矯正管区 愛知少年院,0,,,0,,https://www2.njss.info/organizations/proc/3751,2026-08-02,愛知県,国・省庁,0
法務省(MOJ) 矯正局 名古屋矯正管区 豊ケ岡学園,0,,,0,,https://www2.njss.info/organizations/proc/3752,2026-08-02,愛知県,国・省庁,0
法務省(MOJ) 矯正局 名古屋矯正管区 宮川医療少年院,0,,,0,,https://www2.njss.info/organizations/proc/3753,2026-08-02,三重県,国・省庁,0
法務省(MOJ) 矯正局 大阪矯正管区 京都医療少年院,0,,,0,,https://www2.njss.info/organizations/proc/3754,2026-08-02,京都府,国・省庁,0
法務省(MOJ) 矯正局 大阪矯正管区 浪速少年院,0,,,0,,https://www2.njss.info/organizations/proc/3755,2026-08-02,大阪府,国・省庁,0
法務省(MOJ) 矯正局 大阪矯正管区 交野女子学院,0,,,0,,https://www2.njss.info/organizations/proc/3756,2026-08-02,大阪府,国・省庁,0
法務省(MOJ) 矯正局 大阪矯正管区 和泉学園,0,,,0,,https://www2.njss.info/organizations/proc/3757,2026-08-02,大阪府,国・省庁,0
法務省(MOJ) 矯正局 大阪矯正管区 加古川学園,0,,,0,,https://www2.njss.info/organizations/proc/3758,2026-08-02,兵庫県,国・省庁,0
法務省(MOJ) 矯正局 大阪矯正管区 加古川学園/播磨学園,0,,,0,,https://www2.njss.info/organizations/proc/3759,2026-08-02,兵庫県,国・省庁,0
法務省(MOJ) 矯正局 大阪矯正管区 奈良少年院,0,,,0,,https://www2.njss.info/organizations/proc/3760,2026-08-02,奈良県,国・省庁,0
法務省(MOJ) 矯正局 広島矯正管区 美保学園,0,,,0,,https://www2.njss.info/organizations/proc/3761,2026-08-02,鳥取県,国・省庁,0
法務省(MOJ) 矯正局 広島矯正管区 岡山少年院,0,,,0,,https://www2.njss.info/organizations/proc/3762,2026-08-02,岡山県,国・省庁,0
法務省(MOJ) 矯正局 広島矯正管区 広島少年院,0,,,0,,https://www2.njss.info/organizations/proc/3763,2026-08-02,広島県,国・省庁,0
法務省(MOJ) 矯正局 広島矯正管区 貴船原少女苑,0,,,0,,https://www2.njss.info/organizations/proc/3764,2026-08-02,広島県,国・省庁,0
法務省(MOJ) 矯正局 高松矯正管区 丸亀少女の家,0,,,0,,https://www2.njss.info/organizations/proc/3765,2026-08-02,香川県,国・省庁,0
法務省(MOJ) 矯正局 高松矯正管区 四国少年院,0,,,0,,https://www2.njss.info/organizations/proc/3766,2026-08-02,香川県,国・省庁,0
法務省(MOJ) 矯正局 高松矯正管区 松山学園,0,,,0,,https://www2.njss.info/organizations/proc/3767,2026-08-02,愛媛県,国・省庁,0
法務省(MOJ) 矯正局 福岡矯正管区 筑紫少女苑,0,,,0,,https://www2.njss.info/organizations/proc/3768,2026-08-02,福岡県,国・省庁,0
法務省(MOJ) 矯正局 福岡矯正管区 福岡少年院,0,,,0,,https://www2.njss.info/organizations/proc/3769,2026-08-02,福岡県,国・省庁,0
法務省(MOJ) 矯正局 福岡矯正管区 佐世保学園,0,,,0,,https://www2.njss.info/organizations/proc/3770,2026-08-02,長崎県,国・省庁,0
法務省(MOJ) 矯正局 福岡矯正管区 人吉農芸学院,0,,,0,,https://www2.njss.info/organizations/proc/3771,2026-08-02,熊本県,国・省庁,0
法務省(MOJ) 矯正局 福岡矯正管区 中津少年学院,0,,,0,,https://www2.njss.info/organizations/proc/3772,2026-08-02,大分県,国・省庁,0
法務省(MOJ) 矯正局 福岡矯正管区 大分少年院,0,,,0,,https://www2.njss.info/organizations/proc/3773,2026-08-02,大分県,国・省庁,0
法務省(MOJ) 矯正局 福岡矯正管区 沖縄少年院,0,,,0,,https://www2.njss.info/organizations/proc/3774,2026-08-02,沖縄県,国・省庁,0
法務省(MOJ) 矯正局 福岡矯正管区 沖縄女子学園,0,,,0,,https://www2.njss.info/organizations/proc/3775,2026-08-02,沖縄県,国・省庁,0
法務省(MOJ) 矯正局 札幌矯正管区 札幌少年鑑別所,0,,,0,,https://www2.njss.info/organizations/proc/3776,2026-08-02,北海道,国・省庁,0
法務省(MOJ) 矯正局 札幌矯正管区 函館少年鑑別所,0,,,0,,https://www2.njss.info/organizations/proc/3777,2026-08-02,北海道,国・省庁,0
法務省(MOJ) 矯正局 札幌矯正管区 旭川少年鑑別所,0,,,0,,https://www2.njss.info/organizations/proc/3778,2026-08-02,北海道,国・省庁,0
法務省(MOJ) 矯正局 札幌矯正管区 釧路少年鑑別所,0,,,0,,https://www2.njss.info/organizations/proc/3779,2026-08-02,北海道,国・省庁,0
法務省(MOJ) 矯正局 仙台矯正管区 青森少年鑑別所,0,,,0,,https://www2.njss.info/organizations/proc/3780,2026-08-02,青森県,国・省庁,0
法務省(MOJ) 矯正局 仙台矯正管区 盛岡少年鑑別所,0,,,0,,https://www2.njss.info/organizations/proc/3781,2026-08-02,岩手県,国・省庁,0
法務省(MOJ) 矯正局 仙台矯正管区 仙台少年鑑別所,0,,,0,,https://www2.njss.info/organizations/proc/3782,2026-08-02,宮城県,国・省庁,0
法務省(MOJ) 矯正局 仙台矯正管区 秋田少年鑑別所,0,,,0,,https://www2.njss.info/organizations/proc/3783,2026-08-02,秋田県,国・省庁,0
法務省(MOJ) 矯正局 仙台矯正管区 山形少年鑑別所,0,,,0,,https://www2.njss.info/organizations/proc/3784,2026-08-02,山形県,国・省庁,0
法務省(MOJ) 矯正局 仙台矯正管区 福島少年鑑別所,0,,,0,,https://www2.njss.info/organizations/proc/3785,2026-08-02,福島県,国・省庁,0
法務省(MOJ) 矯正局 東京矯正管区 水戸少年鑑別所,0,,,0,,https://www2.njss.info/organizations/proc/3786,2026-08-02,茨城県,国・省庁,0
法務省(MOJ) 矯正局 東京矯正管区 宇都宮少年鑑別所,0,,,0,,https://www2.njss.info/organizations/proc/3787,2026-08-02,栃木県,国・省庁,0
法務省(MOJ) 矯正局 東京矯正管区 前橋少年鑑別所,0,,,0,,https://www2.njss.info/organizations/proc/3788,2026-08-02,群馬県,国・省庁,0
法務省(MOJ) 矯正局 東京矯正管区 さいたま少年鑑別所,0,,,0,,https://www2.njss.info/organizations/proc/3789,2026-08-02,埼玉県,国・省庁,0
法務省(MOJ) 矯正局 東京矯正管区 千葉少年鑑別所,0,,,0,,https://www2.njss.info/organizations/proc/3790,2026-08-02,千葉県,国・省庁,0
法務省(MOJ) 矯正局 東京矯正管区 東京少年鑑別所,0,,,0,,https://www2.njss.info/organizations/proc/3791,2026-08-02,東京都,国・省庁,0
法務省(MOJ) 矯正局 東京矯正管区 八王子少年鑑別所,0,,,0,,https://www2.njss.info/organizations/proc/3792,2026-08-02,東京都,国・省庁,0
法務省(MOJ) 矯正局 東京矯正管区 横浜少年鑑別所,0,,,0,,https://www2.njss.info/organizations/proc/3793,2026-08-02,神奈川県,国・省庁,0
法務省(MOJ) 矯正局 東京矯正管区 新潟少年鑑別所,0,,,0,,https://www2.njss.info/organizations/proc/3794,2026-08-02,新潟県,国・省庁,0
法務省(MOJ) 矯正局 東京矯正管区 甲府少年鑑別所,0,,,0,,https://www2.njss.info/organizations/proc/3795,2026-08-02,山梨県,国・省庁,0
法務省(MOJ) 矯正局 東京矯正管区 長野少年鑑別所,0,,,0,,https://www2.njss.info/organizations/proc/3796,2026-08-02,長野県,国・省庁,0
法務省(MOJ) 矯正局 東京矯正管区 静岡少年鑑別所,0,,,0,,https://www2.njss.info/organizations/proc/3797,2026-08-02,静岡県,国・省庁,0
法務省(MOJ) 矯正局 名古屋矯正管区 富山少年鑑別所,0,,,0,,https://www2.njss.info/organizations/proc/3798,2026-08-02,富山県,国・省庁,0
法務省(MOJ) 矯正局 名古屋矯正管区 金沢少年鑑別所,0,,,0,,https://www2.njss.info/organizations/proc/3799,2026-08-02,石川県,国・省庁,0
法務省(MOJ) 矯正局 名古屋矯正管区 福井少年鑑別所,0,,,0,,https://www2.njss.info/organizations/proc/3800,2026-08-02,福井県,国・省庁,0
法務省(MOJ) 矯正局 名古屋矯正管区 岐阜少年鑑別所,0,,,0,,https://www2.njss.info/organizations/proc/3801,2026-08-02,岐阜県,国・省庁,0
法務省(MOJ) 矯正局 名古屋矯正管区 名古屋少年鑑別所,0,,,0,,https://www2.njss.info/organizations/proc/3802,2026-08-02,愛知県,国・省庁,0
法務省(MOJ) 矯正局 名古屋矯正管区 津少年鑑別所,0,,,0,,https://www2.njss.info/organizations/proc/3803,2026-08-02,三重県,国・省庁,0
法務省(MOJ) 矯正局 大阪矯正管区 大津少年鑑別所,0,,,0,,https://www2.njss.info/organizations/proc/3804,2026-08-02,滋賀県,国・省庁,0
法務省(MOJ) 矯正局 大阪矯正管区 京都少年鑑別所,0,,,0,,https://www2.njss.info/organizations/proc/3805,2026-08-02,京都府,国・省庁,0
法務省(MOJ) 矯正局 大阪矯正管区 大阪少年鑑別所,0,,,0,,https://www2.njss.info/organizations/proc/3806,2026-08-02,大阪府,国・省庁,0
法務省(MOJ) 矯正局 大阪矯正管区 神戸少年鑑別所,0,,,0,,https://www2.njss.info/organizations/proc/3807,2026-08-02,兵庫県,国・省庁,0
法務省(MOJ) 矯正局 大阪矯正管区 奈良少年鑑別所,0,,,0,,https://www2.njss.info/organizations/proc/3808,2026-08-02,奈良県,国・省庁,0
法務省(MOJ) 矯正局 大阪矯正管区 和歌山少年鑑別所,0,,,0,,https://www2.njss.info/organizations/proc/3809,2026-08-02,和歌山県,国・省庁,0
法務省(MOJ) 矯正局 広島矯正管区 鳥取少年鑑別所,0,,,0,,https://www2.njss.info/organizations/proc/3810,2026-08-02,鳥取県,国・省庁,0
法務省(MOJ) 矯正局 広島矯正管区 松江少年鑑別所,0,,,0,,https://www2.njss.info/organizations/proc/3811,2026-08-02,島根県,国・省庁,0
法務省(MOJ) 矯正局 広島矯正管区 岡山少年鑑別所,0,,,0,,https://www2.njss.info/organizations/proc/3812,2026-08-02,岡山県,国・省庁,0
法務省(MOJ) 矯正局 広島矯正管区 広島少年鑑別所,0,,,0,,https://www2.njss.info/organizations/proc/3813,2026-08-02,広島県,国・省庁,0
法務省(MOJ) 矯正局 広島矯正管区 山口少年鑑別所,0,,,0,,https://www2.njss.info/organizations/proc/3814,2026-08-02,山口県,国・省庁,0
法務省(MOJ) 矯正局 高松矯正管区 徳島少年鑑別所,0,,,0,,https://www2.njss.info/organizations/proc/3815,2026-08-02,徳島県,国・省庁,0
法務省(MOJ) 矯正局 高松矯正管区 高松少年鑑別所,0,,,0,,https://www2.njss.info/organizations/proc/3816,2026-08-02,香川県,国・省庁,0
法務省(MOJ) 矯正局 高松矯正管区 松山少年鑑別所,0,,,0,,https://www2.njss.info/organizations/proc/3817,2026-08-02,愛媛県,国・省庁,0
法務省(MOJ) 矯正局 高松矯正管区 高知少年鑑別所,0,,,0,,https://www2.njss.info/organizations/proc/3818,2026-08-02,高知県,国・省庁,0
法務省(MOJ) 矯正局 福岡矯正管区 福岡少年鑑別所,0,,,0,,https://www2.njss.info/organizations/proc/3819,2026-08-02,福岡県,国・省庁,0
法務省(MOJ) 矯正局 福岡矯正管区 福岡少年鑑別所 小倉少年鑑別支所,0,,,0,,https://www2.njss.info/organizations/proc/3820,2026-08-02,福岡県,国・省庁,0
法務省(MOJ) 矯正局 福岡矯正管区 佐賀少年鑑別所,0,,,0,,https://www2.njss.info/organizations/proc/3821,2026-08-02,佐賀県,国・省庁,0
法務省(MOJ) 矯正局 福岡矯正管区 長崎少年鑑別所,0,,,0,,https://www2.njss.info/organizations/proc/3822,2026-08-02,長崎県,国・省庁,0
法務省(MOJ) 矯正局 福岡矯正管区 熊本少年鑑別所,0,,,0,,https://www2.njss.info/organizations/proc/3823,2026-08-02,熊本県,国・省庁,0
法務省(MOJ) 矯正局 福岡矯正管区 大分少年鑑別所,0,,,0,,https://www2.njss.info/organizations/proc/3824,2026-08-02,大分県,国・省庁,0
法務省(MOJ) 矯正局 福岡矯正管区 宮崎少年鑑別所,0,,,0,,https://www2.njss.info/organizations/proc/3825,2026-08-02,宮崎県,国・省庁,0
法務省(MOJ) 矯正局 福岡矯正管区 鹿児島少年鑑別所,0,,,0,,https://www2.njss.info/organizations/proc/3826,2026-08-02,鹿児島県,国・省庁,0
法務省(MOJ) 矯正局 福岡矯正管区 那覇少年鑑別所,0,,,0,,https://www2.njss.info/organizations/proc/3827,2026-08-02,沖縄県,国・省庁,0
法務省(MOJ) 矯正局 東京婦人補導院,0,,,0,,https://www2.njss.info/organizations/proc/3828,2026-08-02,東京都,国・省庁,0
厚生労働省(MHLW) 中央労働委員会 北海道地方事務所,0,,,0,,https://www2.njss.info/organizations/proc/3829,2026-08-02,北海道,国・省庁,0
厚生労働省(MHLW) 中央労働委員会 東北地方事務所,0,,,0,,https://www2.njss.info/organizations/proc/3830,2026-08-02,宮城県,国・省庁,0
厚生労働省(MHLW) 中央労働委員会 中部地方事務所,0,,,0,,https://www2.njss.info/organizations/proc/3831,2026-08-02,愛知県,国・省庁,0
厚生労働省(MHLW) 中央労働委員会 近畿地方事務所,0,,,0,,https://www2.njss.info/organizations/proc/3832,2026-08-02,大阪府,国・省庁,0
厚生労働省(MHLW) 中央労働委員会 中国地方事務所,0,,,0,,https://www2.njss.info/organizations/proc/3833,2026-08-02,広島県,国・省庁,0
厚生労働省(MHLW) 中央労働委員会 四国地方事務所,0,,,0,,https://www2.njss.info/organizations/proc/3834,2026-08-02,香川県,国・省庁,0
厚生労働省(MHLW) 中央労働委員会 九州地方事務所,0,,,0,,https://www2.njss.info/organizations/proc/3835,2026-08-02,福岡県,国・省庁,0
厚生労働省(MHLW) 中央労働委員会 九州地方事務所 沖縄分室,0,,,0,,https://www2.njss.info/organizations/proc/3836,2026-08-02,沖縄県,国・省庁,0
農林水産省(MAFF) 東北農政局 食糧部,0,,,0,,https://www2.njss.info/organizations/proc/3837,2026-08-02,宮城県,国・省庁,0
農林水産省(MAFF) 東北農政局 青森農政事務所,0,,,0,,https://www2.njss.info/organizations/proc/3838,2026-08-02,青森県,国・省庁,0
農林水産省(MAFF) 東北農政局 岩手農政事務所,0,,,0,,https://www2.njss.info/organizations/proc/3839,2026-08-02,岩手県,国・省庁,0
農林水産省(MAFF) 東北農政局 秋田農政事務所,0,,,0,,https://www2.njss.info/organizations/proc/3840,2026-08-02,秋田県,国・省庁,0
農林水産省(MAFF) 東北農政局 山形農政事務所,0,,,0,,https://www2.njss.info/organizations/proc/3841,2026-08-02,山形県,国・省庁,0
農林水産省(MAFF) 東北農政局 福島農政事務所,0,,,0,,https://www2.njss.info/organizations/proc/3842,2026-08-02,福島県,国・省庁,0
農林水産省(MAFF) 関東農政局 茨城農政事務所,0,,,0,,https://www2.njss.info/organizations/proc/3843,2026-08-02,茨城県,国・省庁,0
農林水産省(MAFF) 関東農政局 栃木農政事務所,0,,,0,,https://www2.njss.info/organizations/proc/3844,2026-08-02,栃木県,国・省庁,0
農林水産省(MAFF) 関東農政局 群馬農政事務所,0,,,0,,https://www2.njss.info/organizations/proc/3845,2026-08-02,群馬県,国・省庁,0
農林水産省(MAFF) 関東農政局 千葉農政事務所,0,,,0,,https://www2.njss.info/organizations/proc/3846,2026-08-02,千葉県,国・省庁,0
農林水産省(MAFF) 関東農政局 東京農政事務所,0,,,0,,https://www2.njss.info/organizations/proc/3847,2026-08-02,東京都,国・省庁,0
農林水産省(MAFF) 関東農政局 神奈川農政事務所,0,,,0,,https://www2.njss.info/organizations/proc/3848,2026-08-02,神奈川県,国・省庁,0
農林水産省(MAFF) 関東農政局 山梨農政事務所,0,,,0,,https://www2.njss.info/organizations/proc/3849,2026-08-02,山梨県,国・省庁,0
農林水産省(MAFF) 関東農政局 長野農政事務所,0,,,0,,https://www2.njss.info/organizations/proc/3850,2026-08-02,長野県,国・省庁,0
農林水産省(MAFF) 関東農政局 静岡農政事務所,0,,,0,,https://www2.njss.info/organizations/proc/3851,2026-08-02,静岡県,国・省庁,0
農林水産省(MAFF) 北陸農政局 新潟農政事務所,0,,,0,,https://www2.njss.info/organizations/proc/3852,2026-08-02,新潟県,国・省庁,0
農林水産省(MAFF) 北陸農政局 富山農政事務所,0,,,0,,https://www2.njss.info/organizations/proc/3853,2026-08-02,富山県,国・省庁,0
農林水産省(MAFF) 北陸農政局 福井農政事務所,0,,,0,,https://www2.njss.info/organizations/proc/3854,2026-08-02,福井県,国・省庁,0
農林水産省(MAFF) 東海農政局 岐阜農政事務所,0,,,0,,https://www2.njss.info/organizations/proc/3855,2026-08-02,岐阜県,国・省庁,0
農林水産省(MAFF) 東海農政局 三重農政事務所,0,,,0,,https://www2.njss.info/organizations/proc/3856,2026-08-02,三重県,国・省庁,0
農林水産省(MAFF) 近畿農政局 滋賀農政事務所,0,,,0,,https://www2.njss.info/organizations/proc/3857,2026-08-02,滋賀県,国・省庁,0
農林水産省(MAFF) 近畿農政局 大阪農政事務所,0,,,0,,https://www2.njss.info/organizations/proc/3858,2026-08-02,大阪府,国・省庁,0
農林水産省(MAFF) 近畿農政局 兵庫農政事務所,0,,,0,,https://www2.njss.info/organizations/proc/3859,2026-08-02,兵庫県,国・省庁,0
農林水産省(MAFF) 近畿農政局 奈良農政事務所,0,,,0,,https://www2.njss.info/organizations/proc/3860,2026-08-02,奈良県,国・省庁,0
農林水産省(MAFF) 近畿農政局 和歌山農政事務所,0,,,0,,https://www2.njss.info/organizations/proc/3861,2026-08-02,和歌山県,国・省庁,0
農林水産省(MAFF) 中国四国農政局 鳥取農政事務所,0,,,0,,https://www2.njss.info/organizations/proc/3862,2026-08-02,鳥取県,国・省庁,0
農林水産省(MAFF) 中国四国農政局 島根農政事務所,0,,,0,,https://www2.njss.info/organizations/proc/3863,2026-08-02,島根県,国・省庁,0
農林水産省(MAFF) 中国四国農政局 広島農政事務所,0,,,0,,https://www2.njss.info/organizations/proc/3864,2026-08-02,広島県,国・省庁,0
農林水産省(MAFF) 中国四国農政局 山口農政事務所,0,,,0,,https://www2.njss.info/organizations/proc/3865,2026-08-02,山口県,国・省庁,0
農林水産省(MAFF) 中国四国農政局 徳島農政事務所,0,,,0,,https://www2.njss.info/organizations/proc/3866,2026-08-02,徳島県,国・省庁,0
農林水産省(MAFF) 中国四国農政局 香川農政事務所,0,,,0,,https://www2.njss.info/organizations/proc/3867,2026-08-02,香川県,国・省庁,0
農林水産省(MAFF) 中国四国農政局 愛媛農政事務所,0,,,0,,https://www2.njss.info/organizations/proc/3868,2026-08-02,愛媛県,国・省庁,0
農林水産省(MAFF) 中国四国農政局 高知農政事務所,0,,,0,,https://www2.njss.info/organizations/proc/3869,2026-08-02,高知県,国・省庁,0
農林水産省(MAFF) 九州農政局 福岡農政事務所,0,,,0,,https://www2.njss.info/organizations/proc/3870,2026-08-02,福岡県,国・省庁,0
農林水産省(MAFF) 九州農政局 佐賀農政事務所,0,,,0,,https://www2.njss.info/organizations/proc/3871,2026-08-02,佐賀県,国・省庁,0
農林水産省(MAFF) 九州農政局 長崎農政事務所,0,,,0,,https://www2.njss.info/organizations/proc/3872,2026-08-02,長崎県,国・省庁,0
農林水産省(MAFF) 九州農政局 大分農政事務所,0,,,0,,https://www2.njss.info/organizations/proc/3873,2026-08-02,大分県,国・省庁,0
農林水産省(MAFF) 九州農政局 宮崎農政事務所,0,,,0,,https://www2.njss.info/organizations/proc/3874,2026-08-02,宮崎県,国・省庁,0
農林水産省(MAFF) 九州農政局 鹿児島農政事務所,0,,,0,,https://www2.njss.info/organizations/proc/3875,2026-08-02,鹿児島県,国・省庁,0
農林水産省(MAFF) 九州農政局 筑後川下流農業水利事務所 筑後南支所,0,,,0,,https://www2.njss.info/organizations/proc/3877,2026-08-02,福岡県,国・省庁,0
農林水産省(MAFF) 九州農政局 筑後川下流農業水利事務所 佐賀支所,0,,,0,,https://www2.njss.info/organizations/proc/3878,2026-08-02,佐賀県,国・省庁,0
農林水産省(MAFF) 九州農政局 北部九州土地改良調査管理事務所 熊本支所,0,,,0,,https://www2.njss.info/organizations/proc/3879,2026-08-02,熊本県,国・省庁,0
農林水産省(MAFF) 九州農政局 大野川上流農業水利事業所,0,,,0,,https://www2.njss.info/organizations/proc/3882,2026-08-02,熊本県,国・省庁,0
農林水産省(MAFF) 九州農政局 筑後川下流左岸農地防災事業所,0,,,0,,https://www2.njss.info/organizations/proc/3883,2026-08-02,福岡県,国・省庁,0
農林水産省(MAFF) 九州農政局 有明海岸保全事業所 有明海東部支所,0,,,0,,https://www2.njss.info/organizations/proc/3884,2026-08-02,福岡県,国・省庁,0
農林水産省(MAFF) 植物防疫所 横浜植物防疫所 調査研究部,0,,,0,,https://www2.njss.info/organizations/proc/3886,2026-08-02,神奈川県,国・省庁,0
農林水産省(MAFF) 植物防疫所 横浜植物防疫所 大和圃場,0,,,0,,https://www2.njss.info/organizations/proc/3887,2026-08-02,神奈川県,国・省庁,0
農林水産省(MAFF) 植物防疫所 横浜植物防疫所 植物防疫所研修センター,0,,,0,,https://www2.njss.info/organizations/proc/3888,2026-08-02,神奈川県,国・省庁,0
農林水産省(MAFF) 植物防疫所 横浜植物防疫所 川崎出張所,0,,,0,,https://www2.njss.info/organizations/proc/3889,2026-08-02,神奈川県,国・省庁,0
農林水産省(MAFF) 植物防疫所 横浜植物防疫所 札幌支所,0,,,0,,https://www2.njss.info/organizations/proc/3890,2026-08-02,北海道,国・省庁,0
農林水産省(MAFF) 植物防疫所 横浜植物防疫所 札幌支所 千歳空港分室,0,,,0,,https://www2.njss.info/organizations/proc/3891,2026-08-02,北海道,国・省庁,0
農林水産省(MAFF) 植物防疫所 横浜植物防疫所 札幌支所 釧路出張所,0,,,0,,https://www2.njss.info/organizations/proc/3892,2026-08-02,北海道,国・省庁,0
農林水産省(MAFF) 植物防疫所 横浜植物防疫所 札幌支所 留萌出張所,0,,,0,,https://www2.njss.info/organizations/proc/3893,2026-08-02,北海道,国・省庁,0
農林水産省(MAFF) 植物防疫所 横浜植物防疫所 札幌支所 小樽出張所,0,,,0,,https://www2.njss.info/organizations/proc/3894,2026-08-02,北海道,国・省庁,0
農林水産省(MAFF) 植物防疫所 横浜植物防疫所 札幌支所 室蘭・苫小牧出張所,0,,,0,,https://www2.njss.info/organizations/proc/3895,2026-08-02,北海道,国・省庁,0
農林水産省(MAFF) 植物防疫所 横浜植物防疫所 札幌支所 函館出張所,0,,,0,,https://www2.njss.info/organizations/proc/3896,2026-08-02,北海道,国・省庁,0
農林水産省(MAFF) 植物防疫所 横浜植物防疫所 塩釜支所,0,,,0,,https://www2.njss.info/organizations/proc/3897,2026-08-02,宮城県,国・省庁,0
農林水産省(MAFF) 植物防疫所 横浜植物防疫所 塩釜支所 仙台空港分室,0,,,0,,https://www2.njss.info/organizations/proc/3898,2026-08-02,宮城県,国・省庁,0
農林水産省(MAFF) 植物防疫所 横浜植物防疫所 塩釜支所 青森出張所,0,,,0,,https://www2.njss.info/organizations/proc/3899,2026-08-02,青森県,国・省庁,0
農林水産省(MAFF) 植物防疫所 横浜植物防疫所 塩釜支所 八戸出張所,0,,,0,,https://www2.njss.info/organizations/proc/3900,2026-08-02,青森県,国・省庁,0
農林水産省(MAFF) 植物防疫所 横浜植物防疫所 塩釜支所 宮古出張所,0,,,0,,https://www2.njss.info/organizations/proc/3901,2026-08-02,岩手県,国・省庁,0
農林水産省(MAFF) 植物防疫所 横浜植物防疫所 塩釜支所 石巻出張所,0,,,0,,https://www2.njss.info/organizations/proc/3902,2026-08-02,宮城県,国・省庁,0
農林水産省(MAFF) 植物防疫所 横浜植物防疫所 塩釜支所 小名浜出張所,0,,,0,,https://www2.njss.info/organizations/proc/3903,2026-08-02,福島県,国・省庁,0
農林水産省(MAFF) 植物防疫所 横浜植物防疫所 新潟支所,0,,,0,,https://www2.njss.info/organizations/proc/3904,2026-08-02,新潟県,国・省庁,0
農林水産省(MAFF) 植物防疫所 横浜植物防疫所 新潟支所 秋田出張所,0,,,0,,https://www2.njss.info/organizations/proc/3905,2026-08-02,秋田県,国・省庁,0
農林水産省(MAFF) 植物防疫所 横浜植物防疫所 新潟支所 酒田出張所,0,,,0,,https://www2.njss.info/organizations/proc/3906,2026-08-02,山形県,国・省庁,0
農林水産省(MAFF) 植物防疫所 横浜植物防疫所 新潟支所 所直江津出張所,0,,,0,,https://www2.njss.info/organizations/proc/3907,2026-08-02,新潟県,国・省庁,0
農林水産省(MAFF) 植物防疫所 横浜植物防疫所 成田支所,0,,,0,,https://www2.njss.info/organizations/proc/3908,2026-08-02,千葉県,国・省庁,0
農林水産省(MAFF) 植物防疫所 横浜植物防疫所 成田支所 羽田空港出張所,0,,,0,,https://www2.njss.info/organizations/proc/3909,2026-08-02,東京都,国・省庁,0
農林水産省(MAFF) 植物防疫所 横浜植物防疫所 東京支所,0,,,0,,https://www2.njss.info/organizations/proc/3910,2026-08-02,東京都,国・省庁,0
農林水産省(MAFF) 植物防疫所 横浜植物防疫所 東京支所 鹿島出張所,0,,,0,,https://www2.njss.info/organizations/proc/3911,2026-08-02,茨城県,国・省庁,0
農林水産省(MAFF) 植物防疫所 横浜植物防疫所 東京支所 千葉出張所,0,,,0,,https://www2.njss.info/organizations/proc/3912,2026-08-02,千葉県,国・省庁,0
経済産業省(METI) 貿易経済協力局,0,,,0,,https://www2.njss.info/organizations/proc/3917,2026-08-02,東京都,国・省庁,0
経済産業省(METI) 通商政策局,0,,,0,,https://www2.njss.info/organizations/proc/3919,2026-08-02,東京都,国・省庁,0
経済産業省(METI) 産業技術環境局,0,,,0,,https://www2.njss.info/organizations/proc/3920,2026-08-02,東京都,国・省庁,0
経済産業省(METI) 商務情報政策局,0,,,0,,https://www2.njss.info/organizations/proc/3922,2026-08-02,東京都,国・省庁,0
最高裁判所 東京高等裁判所 東京地方裁判所 東京簡易裁判所,0,,,0,,https://www2.njss.info/organizations/proc/3928,2026-08-02,東京都,国・省庁,0
防衛省(MOD) 陸上自衛隊 東北方面隊 東北方面会計隊 郡山駐屯地 第378会計隊,0,,,0,,https://www2.njss.info/organizations/proc/4000,2026-08-02,福島県,国・省庁,0
防衛省(MOD) 陸上自衛隊 中部方面隊 中部方面会計隊 米子駐屯地 第356会計隊,0,,,0,,https://www2.njss.info/organizations/proc/4024,2026-08-02,鳥取県,国・省庁,0
防衛省(MOD) 航空自衛隊 根室分屯基地 第26警戒隊,0,,,0,,https://www2.njss.info/organizations/proc/4033,2026-08-02,北海道,国・省庁,0
防衛省(MOD) 航空自衛隊 襟裳分屯基地 第36警戒隊,0,,,0,,https://www2.njss.info/organizations/proc/4037,2026-08-02,北海道,国・省庁,0
防衛省(MOD) 航空自衛隊 当別分屯基地 第45警戒隊,0,,,0,,https://www2.njss.info/organizations/proc/4040,2026-08-02,北海道,国・省庁,0
法務省(MOJ) 矯正局 大阪矯正管区 播磨社会復帰促進センター,0,,,0,,https://www2.njss.info/organizations/proc/4075,2026-08-02,兵庫県,国・省庁,0
法務省(MOJ) 九州地方更生保護委員会 那覇分室,0,,,0,,https://www2.njss.info/organizations/proc/4083,2026-08-02,沖縄県,国・省庁,0
法務省(MOJ) 小田原駐在官事務所,0,,,0,,https://www2.njss.info/organizations/proc/4090,2026-08-02,神奈川県,国・省庁,0
法務省(MOJ) 千葉保護観察所,0,,,0,,https://www2.njss.info/organizations/proc/4092,2026-08-02,千葉県,国・省庁,0
法務省(MOJ) ひたちなか駐在官事務所 茨城就業支援センター,0,,,0,,https://www2.njss.info/organizations/proc/4094,2026-08-02,茨城県,国・省庁,0
法務省(MOJ) 静岡保護観察所,0,,,0,,https://www2.njss.info/organizations/proc/4097,2026-08-02,静岡県,国・省庁,0
法務省(MOJ) 浜松駐在官事務所,0,,,0,,https://www2.njss.info/organizations/proc/4098,2026-08-02,静岡県,国・省庁,0
法務省(MOJ) 沼津駐在官事務所,0,,,0,,https://www2.njss.info/organizations/proc/4099,2026-08-02,静岡県,国・省庁,0
法務省(MOJ) 甲府保護観察所,0,,,0,,https://www2.njss.info/organizations/proc/4100,2026-08-02,山梨県,国・省庁,0
法務省(MOJ) 飯田駐在官事務所,0,,,0,,https://www2.njss.info/organizations/proc/4102,2026-08-02,長野県,国・省庁,0
法務省(MOJ) 新潟保護観察所,0,,,0,,https://www2.njss.info/organizations/proc/4103,2026-08-02,新潟県,国・省庁,0
法務省(MOJ) 上越駐在官事務所,0,,,0,,https://www2.njss.info/organizations/proc/4104,2026-08-02,新潟県,国・省庁,0
法務省(MOJ) 大阪保護観察所,0,,,0,,https://www2.njss.info/organizations/proc/4105,2026-08-02,大阪府,国・省庁,0
法務省(MOJ) 大阪保護観察所 堺支部,0,,,0,,https://www2.njss.info/organizations/proc/4106,2026-08-02,大阪府,国・省庁,0
法務省(MOJ) 京都保護観察所,0,,,0,,https://www2.njss.info/organizations/proc/4107,2026-08-02,京都府,国・省庁,0
法務省(MOJ) 姫路駐在官事務所,0,,,0,,https://www2.njss.info/organizations/proc/4109,2026-08-02,兵庫県,国・省庁,0
法務省(MOJ) 尼崎駐在官事務所,0,,,0,,https://www2.njss.info/organizations/proc/4110,2026-08-02,兵庫県,国・省庁,0
法務省(MOJ) 奈良保護観察所,0,,,0,,https://www2.njss.info/organizations/proc/4111,2026-08-02,奈良県,国・省庁,0
法務省(MOJ) 大津保護観察所,0,,,0,,https://www2.njss.info/organizations/proc/4112,2026-08-02,滋賀県,国・省庁,0
法務省(MOJ) 和歌山保護観察所,0,,,0,,https://www2.njss.info/organizations/proc/4113,2026-08-02,和歌山県,国・省庁,0
法務省(MOJ) 名古屋保護観察所,0,,,0,,https://www2.njss.info/organizations/proc/4114,2026-08-02,愛知県,国・省庁,0
法務省(MOJ) 豊橋駐在官事務所,0,,,0,,https://www2.njss.info/organizations/proc/4115,2026-08-02,愛知県,国・省庁,0
法務省(MOJ) 津保護観察所,0,,,0,,https://www2.njss.info/organizations/proc/4116,2026-08-02,三重県,国・省庁,0
法務省(MOJ) 四日市駐在官事務所,0,,,0,,https://www2.njss.info/organizations/proc/4117,2026-08-02,三重県,国・省庁,0
法務省(MOJ) 岐阜保護観察所,0,,,0,,https://www2.njss.info/organizations/proc/4118,2026-08-02,岐阜県,国・省庁,0
法務省(MOJ) 福井保護観察所,0,,,0,,https://www2.njss.info/organizations/proc/4119,2026-08-02,福井県,国・省庁,0
法務省(MOJ) 金沢保護観察所,0,,,0,,https://www2.njss.info/organizations/proc/4120,2026-08-02,石川県,国・省庁,0
法務省(MOJ) 七尾駐在官事務所,0,,,0,,https://www2.njss.info/organizations/proc/4121,2026-08-02,石川県,国・省庁,0
法務省(MOJ) 富山保護観察所,0,,,0,,https://www2.njss.info/organizations/proc/4122,2026-08-02,富山県,国・省庁,0
法務省(MOJ) 広島保護観察所,0,,,0,,https://www2.njss.info/organizations/proc/4123,2026-08-02,広島県,国・省庁,0
法務省(MOJ) 福山駐在官事務所,0,,,0,,https://www2.njss.info/organizations/proc/4124,2026-08-02,広島県,国・省庁,0
法務省(MOJ) 山口保護観察所,0,,,0,,https://www2.njss.info/organizations/proc/4125,2026-08-02,山口県,国・省庁,0
法務省(MOJ) 下関駐在官事務所,0,,,0,,https://www2.njss.info/organizations/proc/4126,2026-08-02,山口県,国・省庁,0
法務省(MOJ) 岡山保護観察所,0,,,0,,https://www2.njss.info/organizations/proc/4127,2026-08-02,岡山県,国・省庁,0
法務省(MOJ) 津山駐在官事務所,0,,,0,,https://www2.njss.info/organizations/proc/4128,2026-08-02,岡山県,国・省庁,0
法務省(MOJ) 鳥取保護観察所,0,,,0,,https://www2.njss.info/organizations/proc/4129,2026-08-02,鳥取県,国・省庁,0
法務省(MOJ) 米子駐在官事務所,0,,,0,,https://www2.njss.info/organizations/proc/4130,2026-08-02,鳥取県,国・省庁,0
法務省(MOJ) 松江保護観察所,0,,,0,,https://www2.njss.info/organizations/proc/4131,2026-08-02,島根県,国・省庁,0
法務省(MOJ) 福島保護観察所,0,,,0,,https://www2.njss.info/organizations/proc/4149,2026-08-02,福島県,国・省庁,0
法務省(MOJ) いわき駐在官事務所,0,,,0,,https://www2.njss.info/organizations/proc/4150,2026-08-02,福島県,国・省庁,0
法務省(MOJ) 山形保護観察所,0,,,0,,https://www2.njss.info/organizations/proc/4151,2026-08-02,山形県,国・省庁,0
法務省(MOJ) 盛岡保護観察所,0,,,0,,https://www2.njss.info/organizations/proc/4152,2026-08-02,岩手県,国・省庁,0
法務省(MOJ) 秋田保護観察所,0,,,0,,https://www2.njss.info/organizations/proc/4153,2026-08-02,秋田県,国・省庁,0
法務省(MOJ) 青森保護観察所,0,,,0,,https://www2.njss.info/organizations/proc/4154,2026-08-02,青森県,国・省庁,0
法務省(MOJ) 稚内駐在官事務所,0,,,0,,https://www2.njss.info/organizations/proc/4159,2026-08-02,北海道,国・省庁,0
法務省(MOJ) 釧路保護観察所,0,,,0,,https://www2.njss.info/organizations/proc/4161,2026-08-02,北海道,国・省庁,0
法務省(MOJ) 帯広駐在官事務所,0,,,0,,https://www2.njss.info/organizations/proc/4162,2026-08-02,北海道,国・省庁,0
法務省(MOJ) 北見駐在官事務所,0,,,0,,https://www2.njss.info/organizations/proc/4163,2026-08-02,北海道,国・省庁,0
法務省(MOJ) 網走駐在官事務所,0,,,0,,https://www2.njss.info/organizations/proc/4164,2026-08-02,北海道,国・省庁,0
法務省(MOJ) 高松保護観察所,0,,,0,,https://www2.njss.info/organizations/proc/4166,2026-08-02,香川県,国・省庁,0
法務省(MOJ) 宇和島駐在官事務所,0,,,0,,https://www2.njss.info/organizations/proc/4168,2026-08-02,愛媛県,国・省庁,0
日本放送協会(NHK) 松本支局,0,,,0,,https://www2.njss.info/organizations/proc/4205,2026-08-02,長野県,国・省庁,0
日本放送協会(NHK) 姫路支局,0,,,0,,https://www2.njss.info/organizations/proc/4217,2026-08-02,兵庫県,国・省庁,0
日本放送協会(NHK) 豊橋支局,0,,,0,,https://www2.njss.info/organizations/proc/4222,2026-08-02,愛知県,国・省庁,0
日本放送協会(NHK) 浜松支局,0,,,0,,https://www2.njss.info/organizations/proc/4225,2026-08-02,静岡県,国・省庁,0
日本放送協会(NHK) 高山支局,0,,,0,,https://www2.njss.info/organizations/proc/4230,2026-08-02,岐阜県,国・省庁,0
日本放送協会(NHK) 福山支局,0,,,0,,https://www2.njss.info/organizations/proc/4241,2026-08-02,広島県,国・省庁,0
日本放送協会(NHK) 米子支局,0,,,0,,https://www2.njss.info/organizations/proc/4272,2026-08-02,鳥取県,国・省庁,0
日本放送協会(NHK) 下関支局,0,,,0,,https://www2.njss.info/organizations/proc/4273,2026-08-02,山口県,国・省庁,0
日本放送協会(NHK) 佐世保支局,0,,,0,,https://www2.njss.info/organizations/proc/4274,2026-08-02,長崎県,国・省庁,0
日本放送協会(NHK) 鶴岡支局,0,,,0,,https://www2.njss.info/organizations/proc/4275,2026-08-02,山形県,国・省庁,0
日本放送協会(NHK) 郡山支局,0,,,0,,https://www2.njss.info/organizations/proc/4276,2026-08-02,福島県,国・省庁,0
日本放送協会(NHK) いわき支局,0,,,0,,https://www2.njss.info/organizations/proc/4277,2026-08-02,福島県,国・省庁,0
日本放送協会(NHK) 弘前支局,0,,,0,,https://www2.njss.info/organizations/proc/4278,2026-08-02,青森県,国・省庁,0
日本放送協会(NHK) 八戸支局,0,,,0,,https://www2.njss.info/organizations/proc/4279,2026-08-02,青森県,国・省庁,0
長野県庁 佐久建設事務所 佐久北部事務所,0,,,0,,https://www2.njss.info/organizations/proc/4313,2026-08-02,長野県,地方公共団体,0
長野県庁 飯田建設事務所 下伊那南部建設事務所,0,,,0,,https://www2.njss.info/organizations/proc/4314,2026-08-02,長野県,地方公共団体,0
長野県庁 松本建設事務所 奈良井川改良事務所,0,,,0,,https://www2.njss.info/organizations/proc/4316,2026-08-02,長野県,地方公共団体,0
長野県庁 北信建設事務所 中野事務所,0,,,0,,https://www2.njss.info/organizations/proc/4317,2026-08-02,長野県,地方公共団体,0
長野県庁 北信建設事務所 飯山事務所,0,,,0,,https://www2.njss.info/organizations/proc/4318,2026-08-02,長野県,地方公共団体,0
長野県庁 長野建設事務所 浅川改良事務所,0,,,0,,https://www2.njss.info/organizations/proc/4319,2026-08-02,長野県,地方公共団体,0
長野県庁 長野建設事務所 裾花ダム管理事務所 管理第二課,0,,,0,,https://www2.njss.info/organizations/proc/4321,2026-08-02,長野県,地方公共団体,0
［閉鎖］住宅管理協会,0,,,0,,https://www2.njss.info/organizations/proc/4377,2026-08-02,東京都,国・省庁,1
中日本エクシス株式会社,0,,,0,,https://www2.njss.info/organizations/proc/4378,2026-08-02,愛知県,国・省庁,1
全国都道府県教育委員会連合会,0,,,0,,https://www2.njss.info/organizations/proc/4452,2026-08-02,東京都,国・省庁,1
［閉鎖］教育情報化推進協議会,0,,,0,,https://www2.njss.info/organizations/proc/4453,2026-08-02,東京都,国・省庁,1
文部科学省(MEXT) 文部科学省研究交流センター,0,,,0,,https://www2.njss.info/organizations/proc/4455,2026-08-02,茨城県,国・省庁,0
香川県立保健医療大学,0,,,0,,https://www2.njss.info/organizations/proc/4467,2026-08-02,香川県,国・省庁,0
神奈川県立病院機構 神奈川県立こども医療センター,0,,,0,,https://www2.njss.info/organizations/proc/4496,2026-08-02,神奈川県,地方公共団体,0
神奈川県立病院機構 神奈川県立精神医療センター,0,,,0,,https://www2.njss.info/organizations/proc/4497,2026-08-02,神奈川県,地方公共団体,0
防衛省(MOD) 自衛隊青森地方協力本部,0,,,0,,https://www2.njss.info/organizations/proc/4500,2026-08-02,青森県,国・省庁,0
防衛省(MOD) 自衛隊宮城地方協力本部,0,,,0,,https://www2.njss.info/organizations/proc/4502,2026-08-02,宮城県,国・省庁,0
防衛省(MOD) 自衛隊秋田地方協力本部,0,,,0,,https://www2.njss.info/organizations/proc/4503,2026-08-02,秋田県,国・省庁,0
都市再生機構(UR) 東日本賃貸住宅本部 赤羽台団地再生業務事務所,0,,,0,,https://www2.njss.info/organizations/proc/4526,2026-08-02,東京都,国・省庁,0
都市再生機構(UR) 東日本賃貸住宅本部 東京団地再生業務事務所,0,,,0,,https://www2.njss.info/organizations/proc/4527,2026-08-02,東京都,国・省庁,0
都市再生機構(UR) 東日本賃貸住宅本部 多摩団地再生業務事務所,0,,,0,,https://www2.njss.info/organizations/proc/4529,2026-08-02,東京都,国・省庁,0
都市再生機構(UR) 東日本賃貸住宅本部 東日本工事事務所,0,,,0,,https://www2.njss.info/organizations/proc/4530,2026-08-02,東京都,国・省庁,0
都市再生機構(UR) 東日本都市再生本部 北海道再開発事務所,0,,,0,,https://www2.njss.info/organizations/proc/4532,2026-08-02,東京都,国・省庁,0
都市再生機構(UR) 【［閉鎖］首都圏ニュータウン本部】 【［閉鎖］つくば開発事務所】,0,,,0,,https://www2.njss.info/organizations/proc/4559,2026-08-02,茨城県,国・省庁,1
都市再生機構(UR) 【［閉鎖］首都圏ニュータウン本部】 【［閉鎖］つくば開発事務所】 【［閉鎖］葛城事務所】,0,,,0,,https://www2.njss.info/organizations/proc/4560,2026-08-02,茨城県,国・省庁,1
都市再生機構(UR) 【［閉鎖］首都圏ニュータウン本部】 【［閉鎖］ゆめみ野開発事務所】,0,,,0,,https://www2.njss.info/organizations/proc/4561,2026-08-02,茨城県,国・省庁,1
都市再生機構(UR) 【［閉鎖］首都圏ニュータウン本部】 【［閉鎖］中根・金田台開発事務所】,0,,,0,,https://www2.njss.info/organizations/proc/4562,2026-08-02,茨城県,国・省庁,1
都市再生機構(UR) 【［閉鎖］集合住宅歴史館】,0,,,0,,https://www2.njss.info/organizations/proc/4563,2026-08-02,東京都,国・省庁,1
都市再生機構(UR) 中部支社 北勢・尾張都市再生事務所,0,,,0,,https://www2.njss.info/organizations/proc/5068,2026-08-02,三重県,国・省庁,0
都市再生機構(UR) 中部支社 名古屋住宅管理センター,0,,,0,,https://www2.njss.info/organizations/proc/5069,2026-08-02,愛知県,国・省庁,0
都市再生機構(UR) 中部支社 大曽根住宅管理センター,0,,,0,,https://www2.njss.info/organizations/proc/5070,2026-08-02,愛知県,国・省庁,0
都市再生機構(UR) 中部支社 名古屋団地再生業務事務所,0,,,0,,https://www2.njss.info/organizations/proc/5071,2026-08-02,愛知県,国・省庁,0
都市再生機構(UR) 中部支社 名古屋工事事務所,0,,,0,,https://www2.njss.info/organizations/proc/5072,2026-08-02,愛知県,国・省庁,0
都市再生機構(UR) 中部支社 中部公園事務所,0,,,0,,https://www2.njss.info/organizations/proc/5073,2026-08-02,愛知県,国・省庁,0
都市再生機構(UR) 西日本支社 募集販売センター,0,,,0,,https://www2.njss.info/organizations/proc/5074,2026-08-02,大阪府,国・省庁,0
都市再生機構(UR) 西日本支社 うめきた都市再生事務所,0,,,0,,https://www2.njss.info/organizations/proc/5075,2026-08-02,大阪府,国・省庁,0
都市再生機構(UR) 西日本支社 広島都市再生事務所,0,,,0,,https://www2.njss.info/organizations/proc/5076,2026-08-02,広島県,国・省庁,0
都市再生機構(UR) 西日本支社 北大阪都市再生事務所,0,,,0,,https://www2.njss.info/organizations/proc/5077,2026-08-02,大阪府,国・省庁,0
都市再生機構(UR) 西日本支社 彩都開発事務所,0,,,0,,https://www2.njss.info/organizations/proc/5078,2026-08-02,大阪府,国・省庁,0
都市再生機構(UR) 西日本支社 和泉開発事務所,0,,,0,,https://www2.njss.info/organizations/proc/5079,2026-08-02,大阪府,国・省庁,0
都市再生機構(UR) 西日本支社 神戸西開発事務所,0,,,0,,https://www2.njss.info/organizations/proc/5080,2026-08-02,兵庫県,国・省庁,0
都市再生機構(UR) 西日本支社 名塩分室,0,,,0,,https://www2.njss.info/organizations/proc/5081,2026-08-02,兵庫県,国・省庁,0
都市再生機構(UR) 西日本支社 千里エリア経営センター,0,,,0,,https://www2.njss.info/organizations/proc/5082,2026-08-02,大阪府,国・省庁,0
都市再生機構(UR) 西日本支社 大阪住宅管理センター,0,,,0,,https://www2.njss.info/organizations/proc/5083,2026-08-02,大阪府,国・省庁,0
都市再生機構(UR) 西日本支社 泉北住宅管理センター,0,,,0,,https://www2.njss.info/organizations/proc/5084,2026-08-02,大阪府,国・省庁,0
都市再生機構(UR) 西日本支社 兵庫住宅管理センター,0,,,0,,https://www2.njss.info/organizations/proc/5085,2026-08-02,兵庫県,国・省庁,0
都市再生機構(UR) 西日本支社 京都住宅管理センター,0,,,0,,https://www2.njss.info/organizations/proc/5086,2026-08-02,京都府,国・省庁,0
都市再生機構(UR) 西日本支社 奈良住宅管理センター,0,,,0,,https://www2.njss.info/organizations/proc/5087,2026-08-02,奈良県,国・省庁,0
都市再生機構(UR) 西日本支社 阪神住宅管理センター,0,,,0,,https://www2.njss.info/organizations/proc/5088,2026-08-02,兵庫県,国・省庁,0
都市再生機構(UR) 九州支社 九州公園事務所,0,,,0,,https://www2.njss.info/organizations/proc/5089,2026-08-02,福岡県,国・省庁,0
都市再生機構(UR) 九州支社 城野都市再生事務所,0,,,0,,https://www2.njss.info/organizations/proc/5090,2026-08-02,福岡県,国・省庁,0
都市再生機構(UR) 九州支社 福岡東部開発事務所,0,,,0,,https://www2.njss.info/organizations/proc/5091,2026-08-02,福岡県,国・省庁,0
都市再生機構(UR) 九州支社 沖縄都市再生事務所,0,,,0,,https://www2.njss.info/organizations/proc/5092,2026-08-02,沖縄県,国・省庁,0
都市再生機構(UR) 九州支社 福岡団地再生業務事務所,0,,,0,,https://www2.njss.info/organizations/proc/5093,2026-08-02,福岡県,国・省庁,0
都市再生機構(UR) 九州支社 福岡住宅管理センター,0,,,0,,https://www2.njss.info/organizations/proc/5094,2026-08-02,福岡県,国・省庁,0
都市再生機構(UR) 九州支社 北九州住宅管理センター,0,,,0,,https://www2.njss.info/organizations/proc/5095,2026-08-02,福岡県,国・省庁,0
都市再生機構(UR) 九州支社 UR福岡営業センター,0,,,0,,https://www2.njss.info/organizations/proc/5096,2026-08-02,福岡県,国・省庁,0
都市再生機構(UR) 九州支社 北九州募集センター,0,,,0,,https://www2.njss.info/organizations/proc/5097,2026-08-02,福岡県,国・省庁,0
都市再生機構(UR) 九州支社 黒崎募集センター,0,,,0,,https://www2.njss.info/organizations/proc/5098,2026-08-02,福岡県,国・省庁,0
都市再生機構(UR) 長岡営業所,0,,,0,,https://www2.njss.info/organizations/proc/5099,2026-08-02,新潟県,国・省庁,0
都市再生機構(UR) いわき営業所,0,,,0,,https://www2.njss.info/organizations/proc/5100,2026-08-02,福島県,国・省庁,0
都市再生機構(UR) 岩手都市開発事務所,0,,,0,,https://www2.njss.info/organizations/proc/5101,2026-08-02,岩手県,国・省庁,0
都市再生機構(UR) 浜北都市開発事務所,0,,,0,,https://www2.njss.info/organizations/proc/5102,2026-08-02,静岡県,国・省庁,0
都市再生機構(UR) 山形都市開発事務所,0,,,0,,https://www2.njss.info/organizations/proc/5103,2026-08-02,山形県,国・省庁,0
都市再生機構(UR) 今治都市開発事務所,0,,,0,,https://www2.njss.info/organizations/proc/5104,2026-08-02,愛媛県,国・省庁,0
都市再生機構(UR) 本庄都市開発事務所,0,,,0,,https://www2.njss.info/organizations/proc/5105,2026-08-02,埼玉県,国・省庁,0
都市再生機構(UR) 八戸営業所,0,,,0,,https://www2.njss.info/organizations/proc/5106,2026-08-02,青森県,国・省庁,0
都市再生機構(UR) 東日本賃貸住宅本部 千葉地域 千葉住宅管理センター,0,,,0,,https://www2.njss.info/organizations/proc/5107,2026-08-02,千葉県,国・省庁,0
都市再生機構(UR) 東日本賃貸住宅本部 千葉地域 千葉西住宅管理センター,0,,,0,,https://www2.njss.info/organizations/proc/5108,2026-08-02,千葉県,国・省庁,0
都市再生機構(UR) 東日本賃貸住宅本部 千葉地域 松戸住宅管理センター,0,,,0,,https://www2.njss.info/organizations/proc/5109,2026-08-02,千葉県,国・省庁,0
都市再生機構(UR) 東日本賃貸住宅本部 千葉地域 松戸住宅管理センター茨城分室,0,,,0,,https://www2.njss.info/organizations/proc/5110,2026-08-02,茨城県,国・省庁,0
都市再生機構(UR) 東日本賃貸住宅本部 埼玉地域 東武動物公園駅前都市再生事務所,0,,,0,,https://www2.njss.info/organizations/proc/5111,2026-08-02,埼玉県,国・省庁,0
都市再生機構(UR) 東日本賃貸住宅本部 埼玉地域 東埼玉住宅管理センター,0,,,0,,https://www2.njss.info/organizations/proc/5112,2026-08-02,埼玉県,国・省庁,0
都市再生機構(UR) 東日本賃貸住宅本部 埼玉地域 浦和住宅管理センター,0,,,0,,https://www2.njss.info/organizations/proc/5113,2026-08-02,埼玉県,国・省庁,0
都市再生機構(UR) 東日本賃貸住宅本部 埼玉地域 西埼玉住宅管理センター,0,,,0,,https://www2.njss.info/organizations/proc/5114,2026-08-02,埼玉県,国・省庁,0
都市再生機構(UR) 東日本賃貸住宅本部 埼玉地域 埼玉団地再生業務事務所 草加松原分室,0,,,0,,https://www2.njss.info/organizations/proc/5115,2026-08-02,埼玉県,国・省庁,0
都市再生機構(UR) 東日本賃貸住宅本部 神奈川地域 殿町基盤整備現地事務所,0,,,0,,https://www2.njss.info/organizations/proc/5116,2026-08-02,神奈川県,国・省庁,0
都市再生機構(UR) 東日本賃貸住宅本部 神奈川地域 横浜住宅管理センター,0,,,0,,https://www2.njss.info/organizations/proc/5117,2026-08-02,神奈川県,国・省庁,0
都市再生機構(UR) 東日本賃貸住宅本部 神奈川地域 神奈川西住宅管理センター,0,,,0,,https://www2.njss.info/organizations/proc/5118,2026-08-02,神奈川県,国・省庁,0
都市再生機構(UR) 東日本賃貸住宅本部 神奈川地域 横浜南住宅管理センター,0,,,0,,https://www2.njss.info/organizations/proc/5119,2026-08-02,神奈川県,国・省庁,0
都市再生機構(UR) 東日本賃貸住宅本部 神奈川地域 神奈川工事事務所,0,,,0,,https://www2.njss.info/organizations/proc/5120,2026-08-02,神奈川県,国・省庁,0
都市再生機構(UR) 東日本賃貸住宅本部 神奈川地域 神奈川団地再生業務事務所,0,,,0,,https://www2.njss.info/organizations/proc/5121,2026-08-02,神奈川県,国・省庁,0
奥多摩病院,0,,,0,,https://www2.njss.info/organizations/proc/5126,2026-08-02,東京都,地方公共団体,1
町立八丈病院,0,,,0,,https://www2.njss.info/organizations/proc/5127,2026-08-02,東京都,地方公共団体,1
台東区立台東病院 台東区立老人保健施設千束,0,,,0,,https://www2.njss.info/organizations/proc/5130,2026-08-02,東京都,地方公共団体,1
柏市立柏病院,0,,,0,,https://www2.njss.info/organizations/proc/5138,2026-08-02,千葉県,地方公共団体,1
住宅金融支援機構(JHF) 北関東支店,0,,,0,,https://www2.njss.info/organizations/proc/5140,2026-08-02,群馬県,国・省庁,0
［閉鎖］大阪市立住吉市民病院,0,,,0,,https://www2.njss.info/organizations/proc/5143,2026-08-02,大阪府,地方公共団体,1
市立奈良病院,0,,,0,,https://www2.njss.info/organizations/proc/5152,2026-08-02,奈良県,地方公共団体,1
名古屋市立大学 名古屋市立大学医学部附属みどり市民病院,0,,,0,,https://www2.njss.info/organizations/proc/5157,2026-08-02,愛知県,地方公共団体,0
浜松市国民健康保険佐久間病院,0,,,0,,https://www2.njss.info/organizations/proc/5163,2026-08-02,静岡県,地方公共団体,1
浜松市リハビリテーション病院,0,,,0,,https://www2.njss.info/organizations/proc/5165,2026-08-02,静岡県,地方公共団体,1
安芸市民病院,0,,,0,,https://www2.njss.info/organizations/proc/5184,2026-08-02,広島県,地方公共団体,1
松山市民病院,0,,,0,,https://www2.njss.info/organizations/proc/5191,2026-08-02,愛媛県,地方公共団体,1
長崎市立病院機構 【[閉鎖]長崎みなとメディカルセンター 成人病センター】,0,,,0,,https://www2.njss.info/organizations/proc/5199,2026-08-02,長崎県,地方公共団体,1
ニュー琴海病院,0,,,0,,https://www2.njss.info/organizations/proc/5201,2026-08-02,長崎県,地方公共団体,1
国土交通省(MLIT) 中部地方整備局 木曽川水系ダム統合管理事務所 丸山ダム管理支所,0,,,0,,https://www2.njss.info/organizations/proc/5225,2026-08-02,岐阜県,国・省庁,0
国土交通省(MLIT) 中部地方整備局 庄内川河川事務所 小里川ダム管理支所,0,,,0,,https://www2.njss.info/organizations/proc/5238,2026-08-02,岐阜県,国・省庁,0
国土交通省(MLIT) 中部地方整備局 木曽川水系ダム統合管理事務所 横山ダム管理支所,0,,,0,,https://www2.njss.info/organizations/proc/5239,2026-08-02,岐阜県,国・省庁,0
国土交通省(MLIT) 中国地方整備局 鳥取河川国道事務所 殿ダム管理支所,0,,,0,,https://www2.njss.info/organizations/proc/5255,2026-08-02,鳥取県,国・省庁,0
国土交通省(MLIT) 中国地方整備局 三次河川国道事務所 国営備北丘陵公園分室,0,,,0,,https://www2.njss.info/organizations/proc/5278,2026-08-02,広島県,国・省庁,0
国土交通省(MLIT) 九州地方整備局 佐賀河川事務所 嘉瀬川ダム管理支所,0,,,0,,https://www2.njss.info/organizations/proc/5288,2026-08-02,佐賀県,国・省庁,0
国土交通省(MLIT) 九州地方整備局 国営海の中道海浜公園事務所 【［閉鎖］国営吉野ヶ里歴史公園事務所】,0,,,0,,https://www2.njss.info/organizations/proc/5290,2026-08-02,佐賀県,国・省庁,1
岩手県立大学 盛岡短期大学部,0,,,0,,https://www2.njss.info/organizations/proc/5449,2026-08-02,岩手県,国・省庁,0
秋田公立美術大学 【［閉鎖］秋田公立美術工芸短期大学】,0,,,0,,https://www2.njss.info/organizations/proc/5450,2026-08-02,秋田県,国・省庁,1
川崎市立看護短期大学,0,,,0,,https://www2.njss.info/organizations/proc/5453,2026-08-02,神奈川県,国・省庁,1
岐阜市立女子短期大学,0,,,0,,https://www2.njss.info/organizations/proc/5455,2026-08-02,岐阜県,国・省庁,1
三重短期大学,0,,,0,,https://www2.njss.info/organizations/proc/5457,2026-08-02,三重県,国・省庁,1
高知県公立大学法人 【［閉鎖］高知短期大学】,0,,,0,,https://www2.njss.info/organizations/proc/5459,2026-08-02,高知県,国・省庁,1
鹿児島県立短期大学,0,,,0,,https://www2.njss.info/organizations/proc/5461,2026-08-02,鹿児島県,国・省庁,1
名古屋市立大学 大学院看護学研究科・看護学部,0,,,0,,https://www2.njss.info/organizations/proc/5462,2026-08-02,愛知県,国・省庁,0
京都府立医科大学 医学部看護学科,0,,,0,,https://www2.njss.info/organizations/proc/5463,2026-08-02,京都府,国・省庁,0
兵庫県立尼崎総合医療センター 【［閉鎖］兵庫県立塚口病院】,0,,,0,,https://www2.njss.info/organizations/proc/5632,2026-08-02,兵庫県,地方公共団体,1
山形県立河北病院,0,,,0,,https://www2.njss.info/organizations/proc/5647,2026-08-02,山形県,地方公共団体,1
三重県立こころの医療センター,0,,,0,,https://www2.njss.info/organizations/proc/5721,2026-08-02,三重県,地方公共団体,1
三重県立一志病院,0,,,0,,https://www2.njss.info/organizations/proc/5722,2026-08-02,三重県,地方公共団体,1
香川県立中央病院,0,,,0,,https://www2.njss.info/organizations/proc/5785,2026-08-02,香川県,地方公共団体,1
香川県立白鳥病院,0,,,0,,https://www2.njss.info/organizations/proc/5787,2026-08-02,香川県,地方公共団体,1
長崎県病院企業団 長崎県上五島病院 長崎県上五島病院附属診療所 有川医療センター,0,,,0,,https://www2.njss.info/organizations/proc/5844,2026-08-02,長崎県,地方公共団体,1
長崎県病院企業団 長崎県上五島病院 長崎県上五島病院附属診療所 奈良尾医療センター,0,,,0,,https://www2.njss.info/organizations/proc/5845,2026-08-02,長崎県,地方公共団体,1
東京都立北療育医療センター,0,,,0,,https://www2.njss.info/organizations/proc/5919,2026-08-02,東京都,地方公共団体,1
神奈川県総合リハビリテーションセンター 神奈川リハビリテーション病院 【［閉鎖］七沢リハビリテーション病院脳血管センター】,0,,,0,,https://www2.njss.info/organizations/proc/5924,2026-08-02,神奈川県,地方公共団体,1
［閉鎖］北九州市道路公社,0,,,0,,https://www2.njss.info/organizations/proc/6101,2026-08-02,福岡県,地方公共団体,1
山形県道路公社,0,,,0,,https://www2.njss.info/organizations/proc/6144,2026-08-02,山形県,地方公共団体,1
［閉鎖］福井県道路公社,0,,,0,,https://www2.njss.info/organizations/proc/6147,2026-08-02,福井県,地方公共団体,1
自警会 東京警察病院,0,,,0,,https://www2.njss.info/organizations/proc/6154,2026-08-02,東京都,国・省庁,1
九州旅客鉄道〈JR九州〉,0,,,0,,https://www2.njss.info/organizations/proc/6401,2026-08-02,福岡県,国・省庁,0
データサイエンス共同利用基盤施設,0,,,0,,https://www2.njss.info/organizations/proc/6816,2026-08-02,東京都,国・省庁,1
南会津郡下郷町役場,0,,,0,,https://www2.njss.info/organizations/proc/6876,2026-08-02,福島県,地方公共団体,0
南会津郡檜枝岐村役場,0,,,0,,https://www2.njss.info/organizations/proc/6892,2026-08-02,福島県,地方公共団体,0
下伊那郡平谷村役場,0,,,0,,https://www2.njss.info/organizations/proc/6995,2026-08-02,長野県,地方公共団体,0
地域医療機能推進機構(JCHO) 北海道東北地区事務所,0,,,0,,https://www2.njss.info/organizations/proc/7136,2026-08-02,東京都,国・省庁,0
地域医療機能推進機構(JCHO) 東海北陸地区事務所,0,,,0,,https://www2.njss.info/organizations/proc/7138,2026-08-02,愛知県,国・省庁,0
群馬大学 群馬大学医学部附属病院,0,,,0,,https://www2.njss.info/organizations/proc/7213,2026-08-02,群馬県,国・省庁,0
東京大学 東京大学医科学研究所附属病院,0,,,0,,https://www2.njss.info/organizations/proc/7216,2026-08-02,東京都,国・省庁,0
東京科学大学 東京科学大学病院,0,,,0,,https://www2.njss.info/organizations/proc/7217,2026-08-02,東京都,国・省庁,0
東京科学大学 東京科学大学病院 【［閉鎖］東京医科歯科大学歯学部附属病院】,0,,,0,,https://www2.njss.info/organizations/proc/7218,2026-08-02,東京都,国・省庁,1
大阪大学 大阪大学歯学部附属病院,0,,,0,,https://www2.njss.info/organizations/proc/7222,2026-08-02,大阪府,国・省庁,0
岐阜大学医学部附属病院,0,,,0,,https://www2.njss.info/organizations/proc/7224,2026-08-02,岐阜県,国・省庁,0
佐賀大学 佐賀大学医学部附属病院,0,,,0,,https://www2.njss.info/organizations/proc/7229,2026-08-02,佐賀県,国・省庁,0
長崎大学 長崎大学病院,0,,,0,,https://www2.njss.info/organizations/proc/7230,2026-08-02,長崎県,国・省庁,0
神戸市役所 垂水区役所,0,,,0,,https://www2.njss.info/organizations/proc/7269,2026-08-02,兵庫県,地方公共団体,0
大分大学 大分大学医学部附属病院,0,,,0,,https://www2.njss.info/organizations/proc/7275,2026-08-02,大分県,国・省庁,0
琉球大学 琉球大学病院,0,,,0,,https://www2.njss.info/organizations/proc/7278,2026-08-02,沖縄県,国・省庁,0
東北大学 東北大学病院,0,,,0,,https://www2.njss.info/organizations/proc/7282,2026-08-02,宮城県,国・省庁,0
山形大学 山形大学医学部附属病院,0,,,0,,https://www2.njss.info/organizations/proc/7284,2026-08-02,山形県,国・省庁,0
新潟大学 新潟大学医歯学総合病院,0,,,0,,https://www2.njss.info/organizations/proc/7285,2026-08-02,新潟県,国・省庁,0
信州大学 信州大学医学部附属病院,0,,,0,,https://www2.njss.info/organizations/proc/7287,2026-08-02,長野県,国・省庁,0
福井大学 福井大学医学部附属病院,0,,,0,,https://www2.njss.info/organizations/proc/7290,2026-08-02,福井県,国・省庁,0
広島大学 広島大学病院,0,,,0,,https://www2.njss.info/organizations/proc/7294,2026-08-02,広島県,国・省庁,0
徳島大学 徳島大学病院,0,,,0,,https://www2.njss.info/organizations/proc/7296,2026-08-02,徳島県,国・省庁,0
香川大学 香川大学医学部附属病院,0,,,0,,https://www2.njss.info/organizations/proc/7297,2026-08-02,香川県,国・省庁,0
愛媛大学 愛媛大学医学部附属病院,0,,,0,,https://www2.njss.info/organizations/proc/7298,2026-08-02,愛媛県,国・省庁,0
滋賀県立総合病院,0,,,0,,https://www2.njss.info/organizations/proc/7338,2026-08-02,滋賀県,地方公共団体,1
福岡県立精神医療センター太宰府病院,0,,,0,,https://www2.njss.info/organizations/proc/7342,2026-08-02,福岡県,地方公共団体,1
防衛省(MOD) 自衛隊佐賀地方協力本部,0,,,0,,https://www2.njss.info/organizations/proc/7360,2026-08-02,佐賀県,国・省庁,0
防衛省(MOD) 自衛隊長崎地方協力本部,0,,,0,,https://www2.njss.info/organizations/proc/7361,2026-08-02,長崎県,国・省庁,0
防衛省(MOD) 自衛隊大分地方協力本部,0,,,0,,https://www2.njss.info/organizations/proc/7362,2026-08-02,大分県,国・省庁,0
防衛省(MOD) 自衛隊熊本地方協力本部,0,,,0,,https://www2.njss.info/organizations/proc/7363,2026-08-02,熊本県,国・省庁,0
防衛省(MOD) 自衛隊鹿児島地方協力本部,0,,,0,,https://www2.njss.info/organizations/proc/7365,2026-08-02,鹿児島県,国・省庁,0
関西エアポート株式会社 関西国際空港・大阪国際空港・神戸空港,0,,,0,,https://www2.njss.info/organizations/proc/7370,2026-08-02,大阪府,国・省庁,0
［閉鎖］泉北水道企業団,0,,,0,,https://www2.njss.info/organizations/proc/7372,2026-08-02,大阪府,地方公共団体,1
大井上水道企業団,0,,,0,,https://www2.njss.info/organizations/proc/7378,2026-08-02,静岡県,地方公共団体,1
北海道住宅供給公社,0,,,0,,https://www2.njss.info/organizations/proc/7447,2026-08-02,北海道,地方公共団体,1
京都府住宅供給公社,0,,,0,,https://www2.njss.info/organizations/proc/7462,2026-08-02,京都府,地方公共団体,1
［閉鎖］堺市住宅供給公社,0,,,0,,https://www2.njss.info/organizations/proc/7465,2026-08-02,大阪府,地方公共団体,1
兵庫県立災害医療センター,0,,,0,,https://www2.njss.info/organizations/proc/7484,2026-08-02,兵庫県,地方公共団体,1
兵庫県立リハビリテーション西播磨病院,0,,,0,,https://www2.njss.info/organizations/proc/7485,2026-08-02,兵庫県,地方公共団体,1
和歌山県立こころの医療センター,0,,,0,,https://www2.njss.info/organizations/proc/7487,2026-08-02,和歌山県,地方公共団体,1
田布施・平生水道企業団,0,,,0,,https://www2.njss.info/organizations/proc/7498,2026-08-02,山口県,地方公共団体,1
全国厚生農業協同組合連合会,0,,,0,,https://www2.njss.info/organizations/proc/7520,2026-08-02,東京都,国・省庁,1
全国厚生農業協同組合連合会 東京都厚生農業協同組合連合会,0,,,0,,https://www2.njss.info/organizations/proc/7521,2026-08-02,東京都,国・省庁,1
全国厚生農業協同組合連合会 岩手県厚生農業協同組合連合会,0,,,0,,https://www2.njss.info/organizations/proc/7522,2026-08-02,岩手県,国・省庁,1
全国厚生農業協同組合連合会 千葉県厚生農業協同組合連合会,0,,,0,,https://www2.njss.info/organizations/proc/7523,2026-08-02,千葉県,国・省庁,1
全国厚生農業協同組合連合会 群馬県厚生農業協同組合連合会,0,,,0,,https://www2.njss.info/organizations/proc/7524,2026-08-02,群馬県,国・省庁,1
全国厚生農業協同組合連合会 愛知県厚生農業協同組合連合会 安城更生病院,0,,,0,,https://www2.njss.info/organizations/proc/7526,2026-08-02,愛知県,国・省庁,1
全国厚生農業協同組合連合会 愛知県厚生農業協同組合連合会 江南厚生病院,0,,,0,,https://www2.njss.info/organizations/proc/7528,2026-08-02,愛知県,国・省庁,1
全国厚生農業協同組合連合会 愛知県厚生農業協同組合連合会 海南病院,0,,,0,,https://www2.njss.info/organizations/proc/7529,2026-08-02,愛知県,国・省庁,1
全国厚生農業協同組合連合会 愛知県厚生農業協同組合連合会 豊田厚生病院,0,,,0,,https://www2.njss.info/organizations/proc/7530,2026-08-02,愛知県,国・省庁,1
全国厚生農業協同組合連合会 愛知県厚生農業協同組合連合会 稲沢厚生病院,0,,,0,,https://www2.njss.info/organizations/proc/7531,2026-08-02,愛知県,国・省庁,1
全国厚生農業協同組合連合会 愛知県厚生農業協同組合連合会 足助病院,0,,,0,,https://www2.njss.info/organizations/proc/7532,2026-08-02,愛知県,国・省庁,1
全国厚生農業協同組合連合会 愛知県厚生農業協同組合連合会 知多厚生病院,0,,,0,,https://www2.njss.info/organizations/proc/7533,2026-08-02,愛知県,国・省庁,1
全国厚生農業協同組合連合会 熊本県厚生農業協同組合連合会,0,,,0,,https://www2.njss.info/organizations/proc/7534,2026-08-02,熊本県,国・省庁,1
全国厚生農業協同組合連合会 鹿児島県厚生農業協同組合連合会,0,,,0,,https://www2.njss.info/organizations/proc/7535,2026-08-02,鹿児島県,国・省庁,1
全国厚生農業協同組合連合会 鹿児島県厚生農業協同組合連合会 鹿児島厚生連病院,0,,,0,,https://www2.njss.info/organizations/proc/7536,2026-08-02,鹿児島県,国・省庁,1
全国厚生農業協同組合連合会 大分県厚生農業協同組合連合会,0,,,0,,https://www2.njss.info/organizations/proc/7537,2026-08-02,大分県,国・省庁,1
全国厚生農業協同組合連合会 大分県厚生農業協同組合連合会 鶴見病院,0,,,0,,https://www2.njss.info/organizations/proc/7538,2026-08-02,大分県,国・省庁,1
全国厚生農業協同組合連合会 静岡県厚生農業協同組合連合会,0,,,0,,https://www2.njss.info/organizations/proc/7539,2026-08-02,静岡県,国・省庁,1
全国厚生農業協同組合連合会 静岡県厚生農業協同組合連合会 遠州病院,0,,,0,,https://www2.njss.info/organizations/proc/7540,2026-08-02,静岡県,国・省庁,1
全国厚生農業協同組合連合会 静岡県厚生農業協同組合連合会 静岡厚生病院,0,,,0,,https://www2.njss.info/organizations/proc/7541,2026-08-02,静岡県,国・省庁,1
全国厚生農業協同組合連合会 静岡県厚生農業協同組合連合会 清水厚生病院,0,,,0,,https://www2.njss.info/organizations/proc/7542,2026-08-02,静岡県,国・省庁,1
全国厚生農業協同組合連合会 静岡県厚生農業協同組合連合会 中伊豆温泉病院,0,,,0,,https://www2.njss.info/organizations/proc/7543,2026-08-02,静岡県,国・省庁,1
全国厚生農業協同組合連合会 神奈川県厚生農業協同組合連合会,0,,,0,,https://www2.njss.info/organizations/proc/7544,2026-08-02,神奈川県,国・省庁,1
全国厚生農業協同組合連合会 神奈川県厚生農業協同組合連合会 伊勢原協同病院,0,,,0,,https://www2.njss.info/organizations/proc/7546,2026-08-02,神奈川県,国・省庁,1
全国厚生農業協同組合連合会 岐阜県厚生農業協同組合連合会 久美愛厚生病院,0,,,0,,https://www2.njss.info/organizations/proc/7548,2026-08-02,岐阜県,国・省庁,1
全国厚生農業協同組合連合会 岐阜県厚生農業協同組合連合会 東濃厚生病院,0,,,0,,https://www2.njss.info/organizations/proc/7549,2026-08-02,岐阜県,国・省庁,1
全国厚生農業協同組合連合会 岐阜県厚生農業協同組合連合会 中濃厚生病院,0,,,0,,https://www2.njss.info/organizations/proc/7550,2026-08-02,岐阜県,国・省庁,1
全国厚生農業協同組合連合会 岐阜県厚生農業協同組合連合会 揖斐厚生病院,0,,,0,,https://www2.njss.info/organizations/proc/7551,2026-08-02,岐阜県,国・省庁,1
全国厚生農業協同組合連合会 岐阜県厚生農業協同組合連合会 岐北厚生病院,0,,,0,,https://www2.njss.info/organizations/proc/7552,2026-08-02,岐阜県,国・省庁,1
全国厚生農業協同組合連合会 岐阜県厚生農業協同組合連合会 【［閉鎖］高山厚生病院】,0,,,0,,https://www2.njss.info/organizations/proc/7554,2026-08-02,岐阜県,国・省庁,1
全国厚生農業協同組合連合会 かみつが厚生連 上都賀総合病院,0,,,0,,https://www2.njss.info/organizations/proc/7555,2026-08-02,栃木県,国・省庁,1
全国厚生農業協同組合連合会 佐野厚生連 佐野厚生総合病院,0,,,0,,https://www2.njss.info/organizations/proc/7556,2026-08-02,栃木県,国・省庁,1
全国厚生農業協同組合連合会 滋賀県厚生農業協同組合連合会,0,,,0,,https://www2.njss.info/organizations/proc/7557,2026-08-02,滋賀県,国・省庁,1
全国厚生農業協同組合連合会 北海道厚生農業協同組合連合会,0,,,0,,https://www2.njss.info/organizations/proc/7558,2026-08-02,北海道,国・省庁,1
全国厚生農業協同組合連合会 北海道厚生農業協同組合連合会 旭川厚生病院,0,,,0,,https://www2.njss.info/organizations/proc/7559,2026-08-02,北海道,国・省庁,1
全国厚生農業協同組合連合会 北海道厚生農業協同組合連合会 帯広厚生病院,0,,,0,,https://www2.njss.info/organizations/proc/7560,2026-08-02,北海道,国・省庁,1
全国厚生農業協同組合連合会 北海道厚生農業協同組合連合会 札幌厚生病院,0,,,0,,https://www2.njss.info/organizations/proc/7561,2026-08-02,北海道,国・省庁,1
全国厚生農業協同組合連合会 北海道厚生農業協同組合連合会 遠軽厚生病院,0,,,0,,https://www2.njss.info/organizations/proc/7562,2026-08-02,北海道,国・省庁,1
全国厚生農業協同組合連合会 北海道厚生農業協同組合連合会 網走厚生病院,0,,,0,,https://www2.njss.info/organizations/proc/7563,2026-08-02,北海道,国・省庁,1
全国厚生農業協同組合連合会 北海道厚生農業協同組合連合会 倶知安厚生病院,0,,,0,,https://www2.njss.info/organizations/proc/7564,2026-08-02,北海道,国・省庁,1
全国厚生農業協同組合連合会 北海道厚生農業協同組合連合会 摩周厚生病院,0,,,0,,https://www2.njss.info/organizations/proc/7565,2026-08-02,北海道,国・省庁,1
全国厚生農業協同組合連合会 北海道厚生農業協同組合連合会 むかわ町鵡川厚生病院,0,,,0,,https://www2.njss.info/organizations/proc/7566,2026-08-02,北海道,国・省庁,1
全国厚生農業協同組合連合会 北海道厚生農業協同組合連合会 美深厚生病院,0,,,0,,https://www2.njss.info/organizations/proc/7567,2026-08-02,北海道,国・省庁,1
全国厚生農業協同組合連合会 北海道厚生農業協同組合連合会 常呂厚生病院,0,,,0,,https://www2.njss.info/organizations/proc/7568,2026-08-02,北海道,国・省庁,1
全国厚生農業協同組合連合会 茨城県厚生農業協同組合連合会,0,,,0,,https://www2.njss.info/organizations/proc/7569,2026-08-02,茨城県,国・省庁,1
全国厚生農業協同組合連合会 茨城県厚生農業協同組合連合会 筑波大学附属病院水戸地域医療教育センター 茨城県厚生連総合病院 水戸協同病院,0,,,0,,https://www2.njss.info/organizations/proc/7570,2026-08-02,茨城県,国・省庁,0
全国厚生農業協同組合連合会 茨城県厚生農業協同組合連合会 県北医療センター高萩協同病院,0,,,0,,https://www2.njss.info/organizations/proc/7571,2026-08-02,茨城県,国・省庁,1
全国厚生農業協同組合連合会 茨城県厚生農業協同組合連合会 総合病院土浦協同病院,0,,,0,,https://www2.njss.info/organizations/proc/7572,2026-08-02,茨城県,国・省庁,1
全国厚生農業協同組合連合会 茨城県厚生農業協同組合連合会 JAとりで総合医療センター,0,,,0,,https://www2.njss.info/organizations/proc/7573,2026-08-02,茨城県,国・省庁,1
全国厚生農業協同組合連合会 茨城県厚生農業協同組合連合会 茨城西南医療センター病院,0,,,0,,https://www2.njss.info/organizations/proc/7575,2026-08-02,茨城県,国・省庁,1
全国厚生農業協同組合連合会 茨城県厚生農業協同組合連合会 土浦協同病院 なめがた地域医療センター,0,,,0,,https://www2.njss.info/organizations/proc/7576,2026-08-02,茨城県,国・省庁,1
全国厚生農業協同組合連合会 三重県厚生農業協同組合連合会,0,,,0,,https://www2.njss.info/organizations/proc/7577,2026-08-02,三重県,国・省庁,1
全国厚生農業協同組合連合会 三重県厚生農業協同組合連合会 松阪中央総合病院,0,,,0,,https://www2.njss.info/organizations/proc/7578,2026-08-02,三重県,国・省庁,1
全国厚生農業協同組合連合会 三重県厚生農業協同組合連合会 鈴鹿中央総合病院,0,,,0,,https://www2.njss.info/organizations/proc/7579,2026-08-02,三重県,国・省庁,1
全国厚生農業協同組合連合会 三重県厚生農業協同組合連合会 三重北医療センター 菰野厚生病院,0,,,0,,https://www2.njss.info/organizations/proc/7580,2026-08-02,三重県,国・省庁,1
全国厚生農業協同組合連合会 三重県厚生農業協同組合連合会 三重北医療センター いなべ総合病院,0,,,0,,https://www2.njss.info/organizations/proc/7581,2026-08-02,三重県,国・省庁,1
全国厚生農業協同組合連合会 三重県厚生農業協同組合連合会 大台厚生病院,0,,,0,,https://www2.njss.info/organizations/proc/7582,2026-08-02,三重県,国・省庁,1
全国厚生農業協同組合連合会 三重県厚生農業協同組合連合会 鈴鹿厚生病院,0,,,0,,https://www2.njss.info/organizations/proc/7583,2026-08-02,三重県,国・省庁,1
全国厚生農業協同組合連合会 兵庫県厚生農業協同組合連合会,0,,,0,,https://www2.njss.info/organizations/proc/7584,2026-08-02,兵庫県,国・省庁,1
つくば観光コンベンション協会,0,,,0,,https://www2.njss.info/organizations/proc/7589,2026-08-02,茨城県,国・省庁,1
水戸観光コンベンション協会,0,,,0,,https://www2.njss.info/organizations/proc/7590,2026-08-02,茨城県,国・省庁,1
前橋観光コンベンション協会,0,,,0,,https://www2.njss.info/organizations/proc/7592,2026-08-02,群馬県,国・省庁,1
泉佐野シティプロモーション推進協議会,0,,,0,,https://www2.njss.info/organizations/proc/7597,2026-08-02,大阪府,国・省庁,1
函館国際観光コンベンション協会,0,,,0,,https://www2.njss.info/organizations/proc/7623,2026-08-02,北海道,国・省庁,1
盛岡観光コンベンション協会,0,,,0,,https://www2.njss.info/organizations/proc/7625,2026-08-02,岩手県,国・省庁,1
庄内観光コンベンション協会,0,,,0,,https://www2.njss.info/organizations/proc/7628,2026-08-02,山形県,国・省庁,1
郡山コンベンションビューロー,0,,,0,,https://www2.njss.info/organizations/proc/7629,2026-08-02,福島県,国・省庁,1
新潟観光コンベンション協会,0,,,0,,https://www2.njss.info/organizations/proc/7635,2026-08-02,新潟県,国・省庁,1
軽井沢RCC推進協議会,0,,,0,,https://www2.njss.info/organizations/proc/7637,2026-08-02,長野県,国・省庁,1
富山コンベンションビューロー,0,,,0,,https://www2.njss.info/organizations/proc/7640,2026-08-02,富山県,国・省庁,1
金沢コンベンションビューロー,0,,,0,,https://www2.njss.info/organizations/proc/7641,2026-08-02,石川県,国・省庁,1
とっとりコンベンションビューロー,0,,,0,,https://www2.njss.info/organizations/proc/7643,2026-08-02,島根県,国・省庁,1
松江コンベンションビューローくにびきメッセ,0,,,0,,https://www2.njss.info/organizations/proc/7644,2026-08-02,島根県,国・省庁,1
おかやま観光コンベンション協会,0,,,0,,https://www2.njss.info/organizations/proc/7645,2026-08-02,岡山県,国・省庁,1
下関観光コンベンション協会,0,,,0,,https://www2.njss.info/organizations/proc/7650,2026-08-02,山口県,国・省庁,1
周南観光コンベンション協会,0,,,0,,https://www2.njss.info/organizations/proc/7651,2026-08-02,山口県,国・省庁,1
防府観光コンベンション協会,0,,,0,,https://www2.njss.info/organizations/proc/7652,2026-08-02,山口県,国・省庁,1
山口観光コンベンション協会,0,,,0,,https://www2.njss.info/organizations/proc/7653,2026-08-02,山口県,国・省庁,1
徳島県観光協会,0,,,0,,https://www2.njss.info/organizations/proc/7655,2026-08-02,徳島県,国・省庁,1
鳴門市観光コンベンション株式会社,0,,,0,,https://www2.njss.info/organizations/proc/7656,2026-08-02,徳島県,国・省庁,1
全国厚生農業協同組合連合会 秋田県厚生農業協同組合連合会,0,,,0,,https://www2.njss.info/organizations/proc/7665,2026-08-02,秋田県,国・省庁,1
全国厚生農業協同組合連合会 秋田県厚生農業協同組合連合会 かづの厚生病院,0,,,0,,https://www2.njss.info/organizations/proc/7666,2026-08-02,秋田県,国・省庁,1
全国厚生農業協同組合連合会 秋田県厚生農業協同組合連合会 北秋田市民病院,0,,,0,,https://www2.njss.info/organizations/proc/7667,2026-08-02,秋田県,国・省庁,1
全国厚生農業協同組合連合会 秋田県厚生農業協同組合連合会 能代厚生医療センター,0,,,0,,https://www2.njss.info/organizations/proc/7668,2026-08-02,秋田県,国・省庁,1
全国厚生農業協同組合連合会 秋田県厚生農業協同組合連合会 湖東厚生病院,0,,,0,,https://www2.njss.info/organizations/proc/7669,2026-08-02,秋田県,国・省庁,1
全国厚生農業協同組合連合会 秋田県厚生農業協同組合連合会 秋田厚生医療センター,0,,,0,,https://www2.njss.info/organizations/proc/7670,2026-08-02,秋田県,国・省庁,1
全国厚生農業協同組合連合会 秋田県厚生農業協同組合連合会 由利組合総合病院,0,,,0,,https://www2.njss.info/organizations/proc/7671,2026-08-02,秋田県,国・省庁,1
全国厚生農業協同組合連合会 秋田県厚生農業協同組合連合会 大曲厚生医療センター,0,,,0,,https://www2.njss.info/organizations/proc/7672,2026-08-02,秋田県,国・省庁,1
全国厚生農業協同組合連合会 秋田県厚生農業協同組合連合会 平鹿総合病院,0,,,0,,https://www2.njss.info/organizations/proc/7673,2026-08-02,秋田県,国・省庁,1
全国厚生農業協同組合連合会 秋田県厚生農業協同組合連合会 雄勝中央病院,0,,,0,,https://www2.njss.info/organizations/proc/7674,2026-08-02,秋田県,国・省庁,1
全国厚生農業協同組合連合会 福島県厚生農業協同組合連合会 白河厚生総合病院,0,,,0,,https://www2.njss.info/organizations/proc/7676,2026-08-02,福島県,国・省庁,1
全国厚生農業協同組合連合会 福島県厚生農業協同組合連合会 塙厚生病院,0,,,0,,https://www2.njss.info/organizations/proc/7677,2026-08-02,福島県,国・省庁,1
全国厚生農業協同組合連合会 福島県厚生農業協同組合連合会 高田厚生病院,0,,,0,,https://www2.njss.info/organizations/proc/7678,2026-08-02,福島県,国・省庁,1
全国厚生農業協同組合連合会 福島県厚生農業協同組合連合会 坂下厚生総合病院,0,,,0,,https://www2.njss.info/organizations/proc/7679,2026-08-02,福島県,国・省庁,1
全国厚生農業協同組合連合会 福島県厚生農業協同組合連合会 鹿島厚生病院,0,,,0,,https://www2.njss.info/organizations/proc/7680,2026-08-02,福島県,国・省庁,1
全国厚生農業協同組合連合会 富山県厚生農業協同組合連合会,0,,,0,,https://www2.njss.info/organizations/proc/7681,2026-08-02,富山県,国・省庁,1
全国厚生農業協同組合連合会 富山県厚生農業協同組合連合会 高岡病院,0,,,0,,https://www2.njss.info/organizations/proc/7682,2026-08-02,富山県,国・省庁,1
全国厚生農業協同組合連合会 広島県厚生農業協同組合連合会,0,,,0,,https://www2.njss.info/organizations/proc/7684,2026-08-02,広島県,国・省庁,1
全国厚生農業協同組合連合会 広島県厚生連 尾道総合病院,0,,,0,,https://www2.njss.info/organizations/proc/7685,2026-08-02,広島県,国・省庁,1
全国厚生農業協同組合連合会 広島県厚生連 吉田総合病院,0,,,0,,https://www2.njss.info/organizations/proc/7686,2026-08-02,広島県,国・省庁,1
全国厚生農業協同組合連合会 新潟県厚生農業協同組合連合会 けいなん総合病院,0,,,0,,https://www2.njss.info/organizations/proc/7693,2026-08-02,新潟県,国・省庁,1
全国厚生農業協同組合連合会 新潟県厚生農業協同組合連合会 中条第二病院,0,,,0,,https://www2.njss.info/organizations/proc/7696,2026-08-02,新潟県,国・省庁,1
全国厚生農業協同組合連合会 新潟県厚生農業協同組合連合会 介護医療院瀬波・せなみ温泉クリニック,0,,,0,,https://www2.njss.info/organizations/proc/7703,2026-08-02,新潟県,国・省庁,1
全国厚生農業協同組合連合会 新潟県厚生農業協同組合連合会 佐渡総合病院,0,,,0,,https://www2.njss.info/organizations/proc/7704,2026-08-02,新潟県,国・省庁,1
全国厚生農業協同組合連合会 新潟県厚生農業協同組合連合会 佐渡総合病院 【［閉鎖］真野みずほ病院】,0,,,0,,https://www2.njss.info/organizations/proc/7705,2026-08-02,新潟県,国・省庁,1
全国厚生農業協同組合連合会 新潟県厚生農業協同組合連合会 南佐渡地域医療センター,0,,,0,,https://www2.njss.info/organizations/proc/7706,2026-08-02,新潟県,国・省庁,1
あがの市民病院,0,,,0,,https://www2.njss.info/organizations/proc/7707,2026-08-02,新潟県,国・省庁,1
全国厚生農業協同組合連合会 岡山県厚生農業協同組合連合会,0,,,0,,https://www2.njss.info/organizations/proc/7708,2026-08-02,岡山県,国・省庁,1
全国厚生農業協同組合連合会 山口県厚生農業協同組合連合会,0,,,0,,https://www2.njss.info/organizations/proc/7709,2026-08-02,山口県,国・省庁,1
全国厚生農業協同組合連合会 山口県厚生農業協同組合連合会 周東総合病院,0,,,0,,https://www2.njss.info/organizations/proc/7710,2026-08-02,山口県,国・省庁,1
全国厚生農業協同組合連合会 山口県厚生農業協同組合連合会 長門総合病院,0,,,0,,https://www2.njss.info/organizations/proc/7711,2026-08-02,山口県,国・省庁,1
全国厚生農業協同組合連合会 山口県厚生農業協同組合連合会 小郡第一総合病院,0,,,0,,https://www2.njss.info/organizations/proc/7712,2026-08-02,山口県,国・省庁,1
横浜市役所 監査事務局,0,,,0,,https://www2.njss.info/organizations/proc/7720,2026-08-02,神奈川県,地方公共団体,0
横浜市役所 会計室,0,,,0,,https://www2.njss.info/organizations/proc/7721,2026-08-02,神奈川県,地方公共団体,0
全国厚生農業協同組合連合会 岐阜県厚生農業協同組合連合会 東農中部医療センター 土岐市立総合病院,0,,,0,,https://www2.njss.info/organizations/proc/7761,2026-08-02,岐阜県,国・省庁,1
名古屋市立大学 名古屋市立大学病院,0,,,0,,https://www2.njss.info/organizations/proc/7811,2026-08-02,愛知県,国・省庁,0
国土交通省(MLIT) 中部地方整備局 中部道路メンテナンスセンター,0,,,0,,https://www2.njss.info/organizations/proc/7827,2026-08-02,愛知県,国・省庁,0
国土交通省(MLIT) 中国地方整備局 中国道路メンテナンスセンター,0,,,0,,https://www2.njss.info/organizations/proc/7837,2026-08-02,広島県,国・省庁,0
西秋川衛生組合,0,,,0,,https://www2.njss.info/organizations/proc/7920,2026-08-02,東京都,地方公共団体,1
南空知公衆衛生組合,0,,,0,,https://www2.njss.info/organizations/proc/7938,2026-08-02,北海道,地方公共団体,1
南部桧山衛生処理組合,0,,,0,,https://www2.njss.info/organizations/proc/7946,2026-08-02,北海道,地方公共団体,1
渡島西部広域事務組合,0,,,0,,https://www2.njss.info/organizations/proc/7950,2026-08-02,北海道,地方公共団体,1
岩見沢地区消防事務組合,0,,,0,,https://www2.njss.info/organizations/proc/7962,2026-08-02,北海道,地方公共団体,1
留萌南部衛生組合,0,,,0,,https://www2.njss.info/organizations/proc/7966,2026-08-02,北海道,地方公共団体,1
海上・港湾・航空技術研究所,0,,,0,,https://www2.njss.info/organizations/proc/7976,2026-08-02,東京都,国・省庁,0
岡山県精神科医療センター,0,,,0,,https://www2.njss.info/organizations/proc/7984,2026-08-02,岡山県,地方公共団体,1
檜山広域行政組合,0,,,0,,https://www2.njss.info/organizations/proc/8020,2026-08-02,北海道,地方公共団体,1
日高管内地方税滞納整理機構,0,,,0,,https://www2.njss.info/organizations/proc/8024,2026-08-02,北海道,地方公共団体,1
広域紋別病院企業団,0,,,0,,https://www2.njss.info/organizations/proc/8028,2026-08-02,北海道,地方公共団体,1
上北地方教育・福祉事務組合,0,,,0,,https://www2.njss.info/organizations/proc/8036,2026-08-02,青森県,地方公共団体,1
鰺ヶ沢地区消防事務組合,0,,,0,,https://www2.njss.info/organizations/proc/8044,2026-08-02,青森県,地方公共団体,1
恩賜財団 済生会 福島県済生会,0,,,0,,https://www2.njss.info/organizations/proc/8118,2026-08-02,福島県,地方公共団体,0
恩賜財団 済生会 茨城県済生会,0,,,0,,https://www2.njss.info/organizations/proc/8120,2026-08-02,茨城県,地方公共団体,0
恩賜財団 済生会 栃木県済生会,0,,,0,,https://www2.njss.info/organizations/proc/8122,2026-08-02,栃木県,地方公共団体,0
恩賜財団 済生会 群馬県済生会,0,,,0,,https://www2.njss.info/organizations/proc/8124,2026-08-02,群馬県,地方公共団体,0
恩賜財団 済生会 新潟県済生会,0,,,0,,https://www2.njss.info/organizations/proc/8132,2026-08-02,新潟県,地方公共団体,0
恩賜財団 済生会 富山県済生会,0,,,0,,https://www2.njss.info/organizations/proc/8134,2026-08-02,富山県,地方公共団体,0
恩賜財団 済生会 石川県済生会,0,,,0,,https://www2.njss.info/organizations/proc/8136,2026-08-02,石川県,地方公共団体,0
恩賜財団 済生会 福井県済生会,0,,,0,,https://www2.njss.info/organizations/proc/8138,2026-08-02,福井県,地方公共団体,0
恩賜財団 済生会 愛知県済生会,0,,,0,,https://www2.njss.info/organizations/proc/8140,2026-08-02,愛知県,地方公共団体,0
恩賜財団 済生会 三重県済生会,0,,,0,,https://www2.njss.info/organizations/proc/8142,2026-08-02,三重県,地方公共団体,0
恩賜財団 済生会 滋賀県済生会,0,,,0,,https://www2.njss.info/organizations/proc/8144,2026-08-02,滋賀県,地方公共団体,0
恩賜財団 済生会 京都府済生会,0,,,0,,https://www2.njss.info/organizations/proc/8146,2026-08-02,京都府,地方公共団体,0
恩賜財団 済生会 大阪府済生会,0,,,0,,https://www2.njss.info/organizations/proc/8148,2026-08-02,大阪府,地方公共団体,0
恩賜財団 済生会 兵庫県済生会,0,,,0,,https://www2.njss.info/organizations/proc/8150,2026-08-02,兵庫県,地方公共団体,0
恩賜財団 済生会 奈良県済生会,0,,,0,,https://www2.njss.info/organizations/proc/8152,2026-08-02,奈良県,地方公共団体,0
恩賜財団 済生会 和歌山県済生会,0,,,0,,https://www2.njss.info/organizations/proc/8154,2026-08-02,和歌山県,地方公共団体,0
恩賜財団 済生会 鳥取県済生会,0,,,0,,https://www2.njss.info/organizations/proc/8156,2026-08-02,鳥取県,地方公共団体,0
恩賜財団 済生会 岡山県済生会,0,,,0,,https://www2.njss.info/organizations/proc/8158,2026-08-02,岡山県,地方公共団体,0
恩賜財団 済生会 広島県済生会,0,,,0,,https://www2.njss.info/organizations/proc/8160,2026-08-02,広島県,地方公共団体,0
恩賜財団 済生会 山口県済生会,0,,,0,,https://www2.njss.info/organizations/proc/8162,2026-08-02,山口県,地方公共団体,0
恩賜財団 済生会 香川県済生会,0,,,0,,https://www2.njss.info/organizations/proc/8164,2026-08-02,香川県,地方公共団体,0
恩賜財団 済生会 福岡県済生会,0,,,0,,https://www2.njss.info/organizations/proc/8168,2026-08-02,福岡県,地方公共団体,0
恩賜財団 済生会 佐賀県済生会,0,,,0,,https://www2.njss.info/organizations/proc/8170,2026-08-02,佐賀県,地方公共団体,0
恩賜財団 済生会 長崎県済生会,0,,,0,,https://www2.njss.info/organizations/proc/8172,2026-08-02,長崎県,地方公共団体,0
恩賜財団 済生会 大分県済生会,0,,,0,,https://www2.njss.info/organizations/proc/8174,2026-08-02,大分県,地方公共団体,0
恩賜財団 済生会 宮崎県済生会,0,,,0,,https://www2.njss.info/organizations/proc/8176,2026-08-02,宮崎県,地方公共団体,0
恩賜財団 済生会 鹿児島県済生会,0,,,0,,https://www2.njss.info/organizations/proc/8178,2026-08-02,鹿児島県,地方公共団体,0
公立小野町地方綜合病院企業団,0,,,0,,https://www2.njss.info/organizations/proc/8188,2026-08-02,福島県,地方公共団体,1
群馬県市町村総合事務組合,0,,,0,,https://www2.njss.info/organizations/proc/8282,2026-08-02,群馬県,地方公共団体,1
公立甲賀病院組合,0,,,0,,https://www2.njss.info/organizations/proc/8288,2026-08-02,滋賀県,地方公共団体,1
夷隅環境衛生組合,0,,,0,,https://www2.njss.info/organizations/proc/8328,2026-08-02,千葉県,地方公共団体,1
足柄上衛生組合,0,,,0,,https://www2.njss.info/organizations/proc/8346,2026-08-02,神奈川県,地方公共団体,1
砺波地方衛生施設組合,0,,,0,,https://www2.njss.info/organizations/proc/8356,2026-08-02,富山県,地方公共団体,1
奥能登広域圏事務組合,0,,,0,,https://www2.njss.info/organizations/proc/8372,2026-08-02,石川県,地方公共団体,1
敦賀美方消防組合,0,,,0,,https://www2.njss.info/organizations/proc/8380,2026-08-02,福井県,地方公共団体,1
佐久平環境衛生組合,0,,,0,,https://www2.njss.info/organizations/proc/8448,2026-08-02,長野県,地方公共団体,1
湖周行政事務組合,0,,,0,,https://www2.njss.info/organizations/proc/8450,2026-08-02,長野県,地方公共団体,1
松塩筑木曽老人福祉施設組合,0,,,0,,https://www2.njss.info/organizations/proc/8526,2026-08-02,長野県,地方公共団体,1
岐北衛生施設利用組合,0,,,0,,https://www2.njss.info/organizations/proc/8534,2026-08-02,岐阜県,地方公共団体,1
伊豆市伊豆の国市廃棄物処理施設組合,0,,,0,,https://www2.njss.info/organizations/proc/8556,2026-08-02,静岡県,地方公共団体,1
奥伊勢広域行政組合,0,,,0,,https://www2.njss.info/organizations/proc/8578,2026-08-02,三重県,地方公共団体,1
南牟婁清掃施設組合,0,,,0,,https://www2.njss.info/organizations/proc/8580,2026-08-02,三重県,地方公共団体,1
宇陀衛生一部事務組合,0,,,0,,https://www2.njss.info/organizations/proc/8620,2026-08-02,奈良県,地方公共団体,1
御坊広域行政事務組合,0,,,0,,https://www2.njss.info/organizations/proc/8632,2026-08-02,和歌山県,地方公共団体,1
紀の海広域施設組合,0,,,0,,https://www2.njss.info/organizations/proc/8640,2026-08-02,和歌山県,地方公共団体,1
安芸地区衛生施設管理組合,0,,,0,,https://www2.njss.info/organizations/proc/8648,2026-08-02,広島県,地方公共団体,1
岩国地区消防組合,0,,,0,,https://www2.njss.info/organizations/proc/8650,2026-08-02,山口県,地方公共団体,1
青森県交通災害共済組合,0,,,0,,https://www2.njss.info/organizations/proc/8672,2026-08-02,青森県,地方公共団体,1
松阪地区広域消防組合,0,,,0,,https://www2.njss.info/organizations/proc/8692,2026-08-02,三重県,地方公共団体,1
守山野洲行政事務組合,0,,,0,,https://www2.njss.info/organizations/proc/8694,2026-08-02,滋賀県,地方公共団体,1
氷上多可衛生事務組合,0,,,0,,https://www2.njss.info/organizations/proc/8696,2026-08-02,兵庫県,地方公共団体,1
東備消防組合,0,,,0,,https://www2.njss.info/organizations/proc/8726,2026-08-02,岡山県,地方公共団体,1
芸北広域環境施設組合,0,,,0,,https://www2.njss.info/organizations/proc/8732,2026-08-02,広島県,地方公共団体,1
板野東部消防組合,0,,,0,,https://www2.njss.info/organizations/proc/8738,2026-08-02,徳島県,地方公共団体,1
宮若市外二町じん芥処理施設組合,0,,,0,,https://www2.njss.info/organizations/proc/8772,2026-08-02,福岡県,地方公共団体,1
北松北部環境組合,0,,,0,,https://www2.njss.info/organizations/proc/8802,2026-08-02,長崎県,地方公共団体,1
御船地区衛生施設組合,0,,,0,,https://www2.njss.info/organizations/proc/8804,2026-08-02,熊本県,地方公共団体,1
上天草衛生施設組合,0,,,0,,https://www2.njss.info/organizations/proc/8812,2026-08-02,熊本県,地方公共団体,1
八重山広域市町村圏事務組合,0,,,0,,https://www2.njss.info/organizations/proc/8842,2026-08-02,沖縄県,地方公共団体,1
愛媛県市町総合事務組合,0,,,0,,https://www2.njss.info/organizations/proc/8852,2026-08-02,愛媛県,地方公共団体,1
玖珠九重行政事務組合,0,,,0,,https://www2.njss.info/organizations/proc/8864,2026-08-02,大分県,地方公共団体,1
知多北部広域連合,0,,,0,,https://www2.njss.info/organizations/proc/8890,2026-08-02,愛知県,地方公共団体,1
香肌奥伊勢資源化広域連合,0,,,0,,https://www2.njss.info/organizations/proc/8892,2026-08-02,三重県,地方公共団体,1
宮城県後期高齢者医療広域連合,0,,,0,,https://www2.njss.info/organizations/proc/8912,2026-08-02,宮城県,地方公共団体,1
群馬県後期高齢者医療広域連合,0,,,0,,https://www2.njss.info/organizations/proc/8916,2026-08-02,群馬県,地方公共団体,1
愛媛県後期高齢者医療広域連合,0,,,0,,https://www2.njss.info/organizations/proc/8946,2026-08-02,愛媛県,地方公共団体,1
気仙広域連合,0,,,0,,https://www2.njss.info/organizations/proc/8954,2026-08-02,岩手県,地方公共団体,1
後志広域連合,0,,,0,,https://www2.njss.info/organizations/proc/8958,2026-08-02,北海道,地方公共団体,1
大雪地区広域連合,0,,,0,,https://www2.njss.info/organizations/proc/8960,2026-08-02,北海道,地方公共団体,1
渡島廃棄物処理広域連合,0,,,0,,https://www2.njss.info/organizations/proc/8968,2026-08-02,北海道,地方公共団体,1
国会,0,,,0,,https://www2.njss.info/organizations/proc/9014,2026-08-02,東京都,国・省庁,1
厚生労働省(MHLW) 中央労働委員会,0,,,0,,https://www2.njss.info/organizations/proc/9016,2026-08-02,東京都,国・省庁,0
防衛省(MOD) 航空自衛隊,0,,,0,,https://www2.njss.info/organizations/proc/9022,2026-08-02,東京都,国・省庁,0
防衛省(MOD) 陸上自衛隊 西部方面隊,0,,,0,,https://www2.njss.info/organizations/proc/9024,2026-08-02,熊本県,国・省庁,0
防衛省(MOD) 陸上自衛隊 中部方面隊,0,,,0,,https://www2.njss.info/organizations/proc/9026,2026-08-02,兵庫県,国・省庁,0
防衛省(MOD) 陸上自衛隊 東部方面隊,0,,,0,,https://www2.njss.info/organizations/proc/9028,2026-08-02,東京都,国・省庁,0
防衛省(MOD) 陸上自衛隊 東北方面隊,0,,,0,,https://www2.njss.info/organizations/proc/9030,2026-08-02,宮城県,国・省庁,0
防衛省(MOD) 陸上自衛隊 北部方面隊,0,,,0,,https://www2.njss.info/organizations/proc/9032,2026-08-02,北海道,国・省庁,0
内閣府(CAO) 国家公安委員会,0,,,0,,https://www2.njss.info/organizations/proc/9034,2026-08-02,東京都,国・省庁,0
恩賜財団 済生会 静岡県済生会,0,,,0,,https://www2.njss.info/organizations/proc/9044,2026-08-02,静岡県,地方公共団体,0
恩賜財団 済生会 島根県済生会,0,,,0,,https://www2.njss.info/organizations/proc/9046,2026-08-02,島根県,地方公共団体,0
恩賜財団 済生会 茨城県済生会 土合クリニック,0,,,0,,https://www2.njss.info/organizations/proc/9068,2026-08-02,茨城県,地方公共団体,0
防衛省(MOD) 海上自衛隊 呉地方総監部 由良基地分遣隊,0,,,0,,https://www2.njss.info/organizations/proc/9080,2026-08-02,和歌山県,国・省庁,0
農林水産省(MAFF) 林野庁(FA) 中部森林管理局 森林技術・支援センター,0,,,0,,https://www2.njss.info/organizations/proc/9160,2026-08-02,岐阜県,国・省庁,0
農林水産省(MAFF) 林野庁(FA) 中部森林管理局 木曽森林ふれあい推進センター,0,,,0,,https://www2.njss.info/organizations/proc/9162,2026-08-02,長野県,国・省庁,0
農林水産省(MAFF) 林野庁(FA) 中部森林管理局 富山森林管理署,0,,,0,,https://www2.njss.info/organizations/proc/9164,2026-08-02,富山県,国・省庁,0
農林水産省(MAFF) 林野庁(FA) 中部森林管理局 北信森林管理署,0,,,0,,https://www2.njss.info/organizations/proc/9166,2026-08-02,長野県,国・省庁,0
農林水産省(MAFF) 林野庁(FA) 中部森林管理局 中信森林管理署,0,,,0,,https://www2.njss.info/organizations/proc/9168,2026-08-02,長野県,国・省庁,0
農林水産省(MAFF) 林野庁(FA) 中部森林管理局 東信森林管理署,0,,,0,,https://www2.njss.info/organizations/proc/9170,2026-08-02,長野県,国・省庁,0
農林水産省(MAFF) 林野庁(FA) 中部森林管理局 南信森林管理署,0,,,0,,https://www2.njss.info/organizations/proc/9172,2026-08-02,長野県,国・省庁,0
農林水産省(MAFF) 林野庁(FA) 中部森林管理局 木曽森林管理署,0,,,0,,https://www2.njss.info/organizations/proc/9174,2026-08-02,長野県,国・省庁,0
農林水産省(MAFF) 林野庁(FA) 中部森林管理局 木曽森林管理署南木曽支署,0,,,0,,https://www2.njss.info/organizations/proc/9176,2026-08-02,長野県,国・省庁,0
農林水産省(MAFF) 林野庁(FA) 中部森林管理局 飛騨森林管理署,0,,,0,,https://www2.njss.info/organizations/proc/9178,2026-08-02,長野県,国・省庁,0
農林水産省(MAFF) 林野庁(FA) 中部森林管理局 岐阜森林管理署,0,,,0,,https://www2.njss.info/organizations/proc/9180,2026-08-02,岐阜県,国・省庁,0
農林水産省(MAFF) 林野庁(FA) 中部森林管理局 東濃森林管理署,0,,,0,,https://www2.njss.info/organizations/proc/9182,2026-08-02,岐阜県,国・省庁,0
農林水産省(MAFF) 林野庁(FA) 中部森林管理局 伊那谷総合治山事業所,0,,,0,,https://www2.njss.info/organizations/proc/9184,2026-08-02,長野県,国・省庁,0
農林水産省(MAFF) 林野庁(FA) 中部森林管理局 愛知森林管理事務所,0,,,0,,https://www2.njss.info/organizations/proc/9186,2026-08-02,愛知県,国・省庁,0
農林水産省(MAFF) 林野庁(FA) 中部森林管理局 名古屋事務所,0,,,0,,https://www2.njss.info/organizations/proc/9188,2026-08-02,愛知県,国・省庁,0
国立高等専門学校機構 東京都立産業技術高等専門学校,0,,,0,,https://www2.njss.info/organizations/proc/9204,2026-08-02,東京都,国・省庁,0
国立高等専門学校機構 大阪公立大学工業高等専門学校,0,,,0,,https://www2.njss.info/organizations/proc/9226,2026-08-02,大阪府,国・省庁,0
大阪モノレール株式会社,0,,,0,,https://www2.njss.info/organizations/proc/9236,2026-08-02,大阪府,地方公共団体,1
恩賜財団 済生会 埼玉県済生会 なでしこメンタルクリニック,0,,,0,,https://www2.njss.info/organizations/proc/9245,2026-08-02,埼玉県,地方公共団体,0
農水産業協同組合貯金保険機構,0,,,0,,https://www2.njss.info/organizations/proc/9248,2026-08-02,東京都,国・省庁,1
新潟県市町村職員共済組合,0,,,0,,https://www2.njss.info/organizations/proc/9254,2026-08-02,新潟県,地方公共団体,1
佐賀県市町村職員共済組合,0,,,0,,https://www2.njss.info/organizations/proc/9259,2026-08-02,佐賀県,地方公共団体,1
島根県立大学短期大学部,0,,,0,,https://www2.njss.info/organizations/proc/9260,2026-08-02,島根県,国・省庁,0
広島県公立大学法人,0,,,0,,https://www2.njss.info/organizations/proc/9262,2026-08-02,広島県,国・省庁,1
日本たばこ産業株式会社,0,,,0,,https://www2.njss.info/organizations/proc/9270,2026-08-02,東京都,地方公共団体,0
日本アルコール産業株式会社,0,,,0,,https://www2.njss.info/organizations/proc/9271,2026-08-02,東京都,地方公共団体,0
東京都立がん検診センター,0,,,0,,https://www2.njss.info/organizations/proc/9279,2026-08-02,東京都,地方公共団体,1
恩賜財団 済生会 北海道済生会,0,,,0,,https://www2.njss.info/organizations/proc/9282,2026-08-02,北海道,地方公共団体,0
恩賜財団 済生会 岩手県済生会,0,,,0,,https://www2.njss.info/organizations/proc/9283,2026-08-02,岩手県,地方公共団体,0
恩賜財団 済生会 熊本県済生会,0,,,0,,https://www2.njss.info/organizations/proc/9284,2026-08-02,熊本県,地方公共団体,0
森林研究・整備機構,0,,,0,,https://www2.njss.info/organizations/proc/9285,2026-08-02,茨城県,国・省庁,0
株式会社クリンパートナーズ須崎,0,,,0,,https://www2.njss.info/organizations/proc/9287,2026-08-02,高知県,地方公共団体,1
ウォーターサークルくまもと株式会社,0,,,0,,https://www2.njss.info/organizations/proc/9289,2026-08-02,熊本県,地方公共団体,1
電源開発株式会社〈J-Power〉,0,,,0,,https://www2.njss.info/organizations/proc/9290,2026-08-02,東京都,地方公共団体,0
恩賜財団 済生会 熊本県済生会 みすみ病院,0,,,0,,https://www2.njss.info/organizations/proc/9296,2026-08-02,熊本県,地方公共団体,0
恩賜財団 済生会 鹿児島県済生会 鹿児島病院,0,,,0,,https://www2.njss.info/organizations/proc/9298,2026-08-02,鹿児島県,地方公共団体,0
恩賜財団 済生会 滋賀県済生会 済生会守山市民病院,0,,,0,,https://www2.njss.info/organizations/proc/9299,2026-08-02,滋賀県,地方公共団体,0
恩賜財団 済生会 福井県済生会 福井県済生会病院,0,,,0,,https://www2.njss.info/organizations/proc/9305,2026-08-02,福井県,地方公共団体,0
恩賜財団 済生会 岩手県済生会 岩泉病院,0,,,0,,https://www2.njss.info/organizations/proc/9308,2026-08-02,岩手県,地方公共団体,0
恩賜財団 済生会 大阪府済生会 健都健康管理センター,0,,,0,,https://www2.njss.info/organizations/proc/9314,2026-08-02,大阪府,地方公共団体,0
恩賜財団 済生会 岡山県済生会 昭和町健康管理センター,0,,,0,,https://www2.njss.info/organizations/proc/9316,2026-08-02,岡山県,地方公共団体,0
恩賜財団 済生会 山口県済生会 山口総合病院,0,,,0,,https://www2.njss.info/organizations/proc/9318,2026-08-02,山口県,地方公共団体,0
恩賜財団 済生会 長崎県済生会 済生会長崎病院,0,,,0,,https://www2.njss.info/organizations/proc/9322,2026-08-02,長崎県,地方公共団体,0
三重県市町村職員共済組合,0,,,0,,https://www2.njss.info/organizations/proc/9324,2026-08-02,三重県,地方公共団体,1
くらて病院,0,,,0,,https://www2.njss.info/organizations/proc/9325,2026-08-02,福岡県,地方公共団体,1
龍ケ崎地方塵芥処理組合,0,,,0,,https://www2.njss.info/organizations/proc/9332,2026-08-02,茨城県,地方公共団体,1
御船町甲佐町衛生施設組合,0,,,0,,https://www2.njss.info/organizations/proc/9337,2026-08-02,熊本県,地方公共団体,1
小国町外一ヶ町公立病院組合,0,,,0,,https://www2.njss.info/organizations/proc/9338,2026-08-02,熊本県,地方公共団体,1
水俣芦北広域行政事務組合,0,,,0,,https://www2.njss.info/organizations/proc/9340,2026-08-02,熊本県,地方公共団体,1
香川県東部清掃施設組合,0,,,0,,https://www2.njss.info/organizations/proc/9344,2026-08-02,香川県,地方公共団体,1
三観広域行政組合,0,,,0,,https://www2.njss.info/organizations/proc/9345,2026-08-02,香川県,地方公共団体,1
山梨県農業共済組合,0,,,0,,https://www2.njss.info/organizations/proc/9353,2026-08-02,山梨県,地方公共団体,1
市立千歳市民病院,0,,,0,,https://www2.njss.info/organizations/proc/9354,2026-08-02,北海道,地方公共団体,1
湖東地区行政一部事務組合,0,,,0,,https://www2.njss.info/organizations/proc/9358,2026-08-02,秋田県,地方公共団体,1
秋田県市町村総合事務組合,0,,,0,,https://www2.njss.info/organizations/proc/9359,2026-08-02,秋田県,地方公共団体,1
男鹿地区消防一部事務組合,0,,,0,,https://www2.njss.info/organizations/proc/9360,2026-08-02,秋田県,地方公共団体,1
足柄西部清掃組合,0,,,0,,https://www2.njss.info/organizations/proc/9365,2026-08-02,神奈川県,地方公共団体,1
西都児湯医療センター,0,,,0,,https://www2.njss.info/organizations/proc/9366,2026-08-02,宮崎県,地方公共団体,1
印旛衛生施設管理組合,0,,,0,,https://www2.njss.info/organizations/proc/9368,2026-08-02,千葉県,地方公共団体,1
印旛利根川水防事務組合,0,,,0,,https://www2.njss.info/organizations/proc/9369,2026-08-02,千葉県,地方公共団体,1
国保国吉病院組合,0,,,0,,https://www2.njss.info/organizations/proc/9371,2026-08-02,千葉県,地方公共団体,1
千葉県市町村総合事務組合,0,,,0,,https://www2.njss.info/organizations/proc/9373,2026-08-02,千葉県,地方公共団体,1
東総衛生組合,0,,,0,,https://www2.njss.info/organizations/proc/9375,2026-08-02,千葉県,地方公共団体,1
川崎町立病院,0,,,0,,https://www2.njss.info/organizations/proc/9376,2026-08-02,佐賀県,地方公共団体,1
長崎県立農業大学校,0,,,0,,https://www2.njss.info/organizations/proc/9377,2026-08-02,長崎県,国・省庁,1
羽村・瑞穂地区学校給食組合,0,,,0,,https://www2.njss.info/organizations/proc/9379,2026-08-02,東京都,地方公共団体,1
栃木県農業共済組合,0,,,0,,https://www2.njss.info/organizations/proc/9381,2026-08-02,栃木県,地方公共団体,1
農林漁業団体職員共済組合,0,,,0,,https://www2.njss.info/organizations/proc/9384,2026-08-02,東京都,地方公共団体,1
公立藤田病院組合,0,,,0,,https://www2.njss.info/organizations/proc/9387,2026-08-02,福島県,地方公共団体,1
須賀川地方保健環境組合,0,,,0,,https://www2.njss.info/organizations/proc/9389,2026-08-02,福島県,地方公共団体,1
福島県市町村総合事務組合,0,,,0,,https://www2.njss.info/organizations/proc/9390,2026-08-02,福島県,地方公共団体,1
福島県市民交通災害共済組合,0,,,0,,https://www2.njss.info/organizations/proc/9391,2026-08-02,福島県,地方公共団体,1
福島県農業共済組合,0,,,0,,https://www2.njss.info/organizations/proc/9392,2026-08-02,福島県,地方公共団体,1
空知教育センター組合,0,,,0,,https://www2.njss.info/organizations/proc/9394,2026-08-02,北海道,地方公共団体,1
釧路・根室広域地方税滞納整理機構,0,,,0,,https://www2.njss.info/organizations/proc/9395,2026-08-02,北海道,地方公共団体,1
釧路東部消防組合,0,,,0,,https://www2.njss.info/organizations/proc/9396,2026-08-02,北海道,地方公共団体,1
釧路北部消防事務組合,0,,,0,,https://www2.njss.info/organizations/proc/9397,2026-08-02,北海道,地方公共団体,1
後志教育研修センター組合,0,,,0,,https://www2.njss.info/organizations/proc/9398,2026-08-02,北海道,地方公共団体,1
根室北部廃棄物処理広域連合,0,,,0,,https://www2.njss.info/organizations/proc/9399,2026-08-02,北海道,地方公共団体,1
斜里地区消防組合,0,,,0,,https://www2.njss.info/organizations/proc/9400,2026-08-02,北海道,地方公共団体,1
上川教育研修センター組合,0,,,0,,https://www2.njss.info/organizations/proc/9401,2026-08-02,北海道,地方公共団体,1
上川広域滞納整理機構,0,,,0,,https://www2.njss.info/organizations/proc/9402,2026-08-02,北海道,地方公共団体,1
西胆振行政事務組合,0,,,0,,https://www2.njss.info/organizations/proc/9403,2026-08-02,北海道,地方公共団体,1
石狩教育研修センター組合,0,,,0,,https://www2.njss.info/organizations/proc/9404,2026-08-02,北海道,地方公共団体,1
大雪消防組合,0,,,0,,https://www2.njss.info/organizations/proc/9405,2026-08-02,北海道,地方公共団体,1
中空知広域市町村圏組合,0,,,0,,https://www2.njss.info/organizations/proc/9406,2026-08-02,北海道,地方公共団体,1
渡島・檜山地方税滞納整理機構,0,,,0,,https://www2.njss.info/organizations/proc/9407,2026-08-02,北海道,地方公共団体,1
南空知ふるさと市町村圏組合,0,,,0,,https://www2.njss.info/organizations/proc/9408,2026-08-02,北海道,地方公共団体,1
南宗谷消防組合,0,,,0,,https://www2.njss.info/organizations/proc/9409,2026-08-02,北海道,地方公共団体,1
函館湾流域下水道事務組合,0,,,0,,https://www2.njss.info/organizations/proc/9411,2026-08-02,北海道,地方公共団体,1
北海道市町村職員退職手当組合,0,,,0,,https://www2.njss.info/organizations/proc/9412,2026-08-02,北海道,地方公共団体,1
北海道市町村備荒資金組合,0,,,0,,https://www2.njss.info/organizations/proc/9413,2026-08-02,北海道,地方公共団体,1
利尻礼文消防事務組合,0,,,0,,https://www2.njss.info/organizations/proc/9416,2026-08-02,北海道,地方公共団体,1
南伊勢町立南伊勢病院,0,,,0,,https://www2.njss.info/organizations/proc/9417,2026-08-02,三重県,地方公共団体,1
富山県市町村職員共済組合,0,,,0,,https://www2.njss.info/organizations/proc/9423,2026-08-02,富山県,地方公共団体,1
石川県市町村職員共済組合,0,,,0,,https://www2.njss.info/organizations/proc/9424,2026-08-02,石川県,地方公共団体,1
静岡県市町村職員共済組合,0,,,0,,https://www2.njss.info/organizations/proc/9425,2026-08-02,静岡県,地方公共団体,1
愛知県市町村職員共済組合,0,,,0,,https://www2.njss.info/organizations/proc/9426,2026-08-02,愛知県,地方公共団体,1
兵庫県市町村職員共済組合,0,,,0,,https://www2.njss.info/organizations/proc/9428,2026-08-02,兵庫県,地方公共団体,1
愛媛県市町村職員共済組合,0,,,0,,https://www2.njss.info/organizations/proc/9429,2026-08-02,愛媛県,地方公共団体,1
熊本県市町村職員共済組合,0,,,0,,https://www2.njss.info/organizations/proc/9430,2026-08-02,熊本県,地方公共団体,1
株式会社商工組合中央金庫,0,,,0,,https://www2.njss.info/organizations/proc/9433,2026-08-02,東京都,地方公共団体,0
KDDI株式会社,0,,,0,,https://www2.njss.info/organizations/proc/9440,2026-08-02,東京都,地方公共団体,1
ソフトバンク株式会社,0,,,0,,https://www2.njss.info/organizations/proc/9441,2026-08-02,東京都,地方公共団体,1
ニシム電子工業株式会社,0,,,0,,https://www2.njss.info/organizations/proc/9442,2026-08-02,福岡県,地方公共団体,1
沖縄通信ネットワーク株式会社,0,,,0,,https://www2.njss.info/organizations/proc/9443,2026-08-02,沖縄県,地方公共団体,1
秋川流域斎場組合,0,,,0,,https://www2.njss.info/organizations/proc/9445,2026-08-02,東京都,地方公共団体,1
日本赤十字社 愛媛県支部,0,,,0,,https://www2.njss.info/organizations/proc/9448,2026-08-02,愛媛県,国・省庁,0
日本赤十字社 高知県支部,0,,,0,,https://www2.njss.info/organizations/proc/9449,2026-08-02,高知県,国・省庁,0
相馬方部衛生組合,0,,,0,,https://www2.njss.info/organizations/proc/9453,2026-08-02,福島県,地方公共団体,1
南会津地方環境衛生組合,0,,,0,,https://www2.njss.info/organizations/proc/9454,2026-08-02,福島県,地方公共団体,1
岩内地方衛生組合,0,,,0,,https://www2.njss.info/organizations/proc/9458,2026-08-02,北海道,地方公共団体,1
胆振東部消防組合,0,,,0,,https://www2.njss.info/organizations/proc/9459,2026-08-02,北海道,地方公共団体,1
南渡島消防事務組合,0,,,0,,https://www2.njss.info/organizations/proc/9460,2026-08-02,北海道,地方公共団体,1
南部後志衛生施設組合,0,,,0,,https://www2.njss.info/organizations/proc/9461,2026-08-02,北海道,地方公共団体,1
富良野広域連合,0,,,0,,https://www2.njss.info/organizations/proc/9462,2026-08-02,北海道,地方公共団体,1
平取町外2町衛生施設組合,0,,,0,,https://www2.njss.info/organizations/proc/9463,2026-08-02,北海道,地方公共団体,1
北後志消防組合,0,,,0,,https://www2.njss.info/organizations/proc/9464,2026-08-02,北海道,地方公共団体,1
北留萌消防組合,0,,,0,,https://www2.njss.info/organizations/proc/9465,2026-08-02,北海道,地方公共団体,1
網走地区消防組合,0,,,0,,https://www2.njss.info/organizations/proc/9466,2026-08-02,北海道,地方公共団体,1
株式会社QTnet,0,,,0,,https://www2.njss.info/organizations/proc/9467,2026-08-02,福岡県,地方公共団体,1
株式会社STnet,0,,,0,,https://www2.njss.info/organizations/proc/9468,2026-08-02,香川県,地方公共団体,1
株式会社オプテージ,0,,,0,,https://www2.njss.info/organizations/proc/9469,2026-08-02,大阪府,地方公共団体,1
関西電力株式会社,0,,,0,,https://www2.njss.info/organizations/proc/9471,2026-08-02,大阪府,地方公共団体,1
京王電鉄株式会社,0,,,0,,https://www2.njss.info/organizations/proc/9472,2026-08-02,東京都,地方公共団体,1
京阪電気鉄道株式会社,0,,,0,,https://www2.njss.info/organizations/proc/9473,2026-08-02,大阪府,地方公共団体,1
京成電鉄株式会社,0,,,0,,https://www2.njss.info/organizations/proc/9474,2026-08-02,千葉県,地方公共団体,1
京浜急行電鉄株式会社,0,,,0,,https://www2.njss.info/organizations/proc/9475,2026-08-02,神奈川県,地方公共団体,1
京葉ガス株式会社,0,,,0,,https://www2.njss.info/organizations/proc/9476,2026-08-02,千葉県,地方公共団体,1
近畿日本鉄道株式会社,0,,,0,,https://www2.njss.info/organizations/proc/9477,2026-08-02,大阪府,地方公共団体,1
広島ガス株式会社,0,,,0,,https://www2.njss.info/organizations/proc/9479,2026-08-02,広島県,地方公共団体,1
阪急電鉄株式会社,0,,,0,,https://www2.njss.info/organizations/proc/9481,2026-08-02,大阪府,地方公共団体,1
阪神電気鉄道株式会社,0,,,0,,https://www2.njss.info/organizations/proc/9482,2026-08-02,大阪府,地方公共団体,1
四国ガス株式会社,0,,,0,,https://www2.njss.info/organizations/proc/9483,2026-08-02,愛媛県,地方公共団体,1
小田急電鉄株式会社,0,,,0,,https://www2.njss.info/organizations/proc/9484,2026-08-02,東京都,地方公共団体,1
新潟石油共同備蓄株式会社,0,,,0,,https://www2.njss.info/organizations/proc/9485,2026-08-02,新潟県,地方公共団体,1
西日本鉄道株式会社,0,,,0,,https://www2.njss.info/organizations/proc/9486,2026-08-02,福岡県,地方公共団体,1
西武鉄道株式会社,0,,,0,,https://www2.njss.info/organizations/proc/9487,2026-08-02,埼玉県,地方公共団体,1
西部ガス株式会社,0,,,0,,https://www2.njss.info/organizations/proc/9488,2026-08-02,福岡県,地方公共団体,1
静岡ガス株式会社,0,,,0,,https://www2.njss.info/organizations/proc/9489,2026-08-02,静岡県,地方公共団体,1
相模鉄道株式会社,0,,,0,,https://www2.njss.info/organizations/proc/9491,2026-08-02,神奈川県,地方公共団体,1
大阪ガス株式会社,0,,,0,,https://www2.njss.info/organizations/proc/9492,2026-08-02,大阪府,地方公共団体,1
中日本エクストール横浜株式会社,0,,,0,,https://www2.njss.info/organizations/proc/9494,2026-08-02,神奈川県,地方公共団体,1
サーラエナジー株式会社,0,,,0,,https://www2.njss.info/organizations/proc/9495,2026-08-02,愛知県,地方公共団体,1
中部テレコミュニケーション株式会社,0,,,0,,https://www2.njss.info/organizations/proc/9496,2026-08-02,愛知県,地方公共団体,1
中部電力株式会社,0,,,0,,https://www2.njss.info/organizations/proc/9497,2026-08-02,愛知県,地方公共団体,1
神崎衛生施設組合,0,,,0,,https://www2.njss.info/organizations/proc/9498,2026-08-02,岡山県,地方公共団体,1
東京ガス株式会社,0,,,0,,https://www2.njss.info/organizations/proc/9499,2026-08-02,東京都,地方公共団体,1
東急株式会社,0,,,0,,https://www2.njss.info/organizations/proc/9500,2026-08-02,東京都,地方公共団体,1
東京国際空港ターミナル株式会社,0,,,0,,https://www2.njss.info/organizations/proc/9501,2026-08-02,東京都,地方公共団体,1
東京都営交通協力会,0,,,0,,https://www2.njss.info/organizations/proc/9502,2026-08-02,東京都,地方公共団体,1
東京都下水道サービス株式会社,0,,,0,,https://www2.njss.info/organizations/proc/9503,2026-08-02,東京都,地方公共団体,0
東京湾横断道路株式会社,0,,,0,,https://www2.njss.info/organizations/proc/9504,2026-08-02,東京都,地方公共団体,1
東武鉄道株式会社,0,,,0,,https://www2.njss.info/organizations/proc/9505,2026-08-02,東京都,地方公共団体,1
東邦ガス株式会社,0,,,0,,https://www2.njss.info/organizations/proc/9506,2026-08-02,愛知県,地方公共団体,1
株式会社トークネット,0,,,0,,https://www2.njss.info/organizations/proc/9507,2026-08-02,宮城県,地方公共団体,1
南海電気鉄道株式会社,0,,,0,,https://www2.njss.info/organizations/proc/9509,2026-08-02,大阪府,地方公共団体,1
日本原子力発電株式会社,0,,,0,,https://www2.njss.info/organizations/proc/9510,2026-08-02,東京都,地方公共団体,1
萩・石見空港,0,,,0,,https://www2.njss.info/organizations/proc/9511,2026-08-02,島根県,地方公共団体,1
北海道ガス株式会社,0,,,0,,https://www2.njss.info/organizations/proc/9514,2026-08-02,北海道,地方公共団体,1
北海道石油共同備蓄株式会社,0,,,0,,https://www2.njss.info/organizations/proc/9515,2026-08-02,東京都,地方公共団体,1
北海道総合通信網株式会社,0,,,0,,https://www2.njss.info/organizations/proc/9516,2026-08-02,北海道,地方公共団体,1
北陸ガス株式会社,0,,,0,,https://www2.njss.info/organizations/proc/9518,2026-08-02,新潟県,地方公共団体,1
北陸通信ネットワーク株式会社,0,,,0,,https://www2.njss.info/organizations/proc/9519,2026-08-02,石川県,地方公共団体,1
名古屋鉄道株式会社,0,,,0,,https://www2.njss.info/organizations/proc/9521,2026-08-02,愛知県,地方公共団体,1
愛知県市町村職員退職手当組合,0,,,0,,https://www2.njss.info/organizations/proc/9522,2026-08-02,愛知県,地方公共団体,1
愛北広域事務組合,0,,,0,,https://www2.njss.info/organizations/proc/9523,2026-08-02,愛知県,地方公共団体,1
海部地区水防事務組合,0,,,0,,https://www2.njss.info/organizations/proc/9524,2026-08-02,愛知県,地方公共団体,1
江南丹羽環境管理組合,0,,,0,,https://www2.njss.info/organizations/proc/9527,2026-08-02,愛知県,地方公共団体,1
西春日井広域事務組合,0,,,0,,https://www2.njss.info/organizations/proc/9529,2026-08-02,愛知県,地方公共団体,1
大洲地区広域消防事務組合,0,,,0,,https://www2.njss.info/organizations/proc/9535,2026-08-02,愛媛県,地方公共団体,1
岡山県市町村総合事務組合,0,,,0,,https://www2.njss.info/organizations/proc/9538,2026-08-02,岡山県,地方公共団体,1
岡山市久米南町国民健康保険病院組合,0,,,0,,https://www2.njss.info/organizations/proc/9541,2026-08-02,岡山県,地方公共団体,1
笠岡地区消防組合,0,,,0,,https://www2.njss.info/organizations/proc/9542,2026-08-02,岡山県,地方公共団体,1
高梁川東西用水組合,0,,,0,,https://www2.njss.info/organizations/proc/9543,2026-08-02,岡山県,地方公共団体,1
津山広域事務組合,0,,,0,,https://www2.njss.info/organizations/proc/9545,2026-08-02,岡山県,地方公共団体,1
金武地区消防衛生組合,0,,,0,,https://www2.njss.info/organizations/proc/9546,2026-08-02,沖縄県,地方公共団体,1
中部広域市町村圏事務組合,0,,,0,,https://www2.njss.info/organizations/proc/9547,2026-08-02,沖縄県,地方公共団体,1
東部消防組合,0,,,0,,https://www2.njss.info/organizations/proc/9548,2026-08-02,沖縄県,地方公共団体,1
南部広域行政組合,0,,,0,,https://www2.njss.info/organizations/proc/9549,2026-08-02,沖縄県,地方公共団体,1
本部町今帰仁村消防組合,0,,,0,,https://www2.njss.info/organizations/proc/9550,2026-08-02,沖縄県,地方公共団体,1
岩手・玉山環境組合,0,,,0,,https://www2.njss.info/organizations/proc/9551,2026-08-02,岩手県,地方公共団体,1
岩手県市町村総合事務組合,0,,,0,,https://www2.njss.info/organizations/proc/9552,2026-08-02,岩手県,地方公共団体,1
盛岡北部行政事務組合,0,,,0,,https://www2.njss.info/organizations/proc/9554,2026-08-02,岩手県,地方公共団体,1
あすわ苑老人福祉施設事務組合,0,,,0,,https://www2.njss.info/organizations/proc/9555,2026-08-02,岐阜県,地方公共団体,1
安八郡広域連合,0,,,0,,https://www2.njss.info/organizations/proc/9556,2026-08-02,岐阜県,地方公共団体,1
羽島郡広域連合,0,,,0,,https://www2.njss.info/organizations/proc/9557,2026-08-02,岐阜県,地方公共団体,1
可茂公設地方卸売市場組合,0,,,0,,https://www2.njss.info/organizations/proc/9558,2026-08-02,岐阜県,地方公共団体,1
岐阜地域児童発達支援センター組合,0,,,0,,https://www2.njss.info/organizations/proc/9559,2026-08-02,岐阜県,地方公共団体,1
西南濃粗大廃棄物処理組合,0,,,0,,https://www2.njss.info/organizations/proc/9560,2026-08-02,岐阜県,地方公共団体,1
西濃環境整備組合,0,,,0,,https://www2.njss.info/organizations/proc/9561,2026-08-02,岐阜県,地方公共団体,1
大垣消防組合,0,,,0,,https://www2.njss.info/organizations/proc/9562,2026-08-02,岐阜県,地方公共団体,1
不破消防組合,0,,,0,,https://www2.njss.info/organizations/proc/9563,2026-08-02,岐阜県,地方公共団体,1
揖斐郡消防組合,0,,,0,,https://www2.njss.info/organizations/proc/9564,2026-08-02,岐阜県,地方公共団体,1
揖斐広域連合,0,,,0,,https://www2.njss.info/organizations/proc/9565,2026-08-02,岐阜県,地方公共団体,1
宮崎県北部広域行政事務組合,0,,,0,,https://www2.njss.info/organizations/proc/9567,2026-08-02,宮崎県,地方公共団体,1
西都児湯環境整備事務組合,0,,,0,,https://www2.njss.info/organizations/proc/9568,2026-08-02,宮崎県,地方公共団体,1
加美郡保健医療福祉行政事務組合,0,,,0,,https://www2.njss.info/organizations/proc/9569,2026-08-02,宮城県,地方公共団体,1
宮城県市町村職員退職手当組合,0,,,0,,https://www2.njss.info/organizations/proc/9570,2026-08-02,宮城県,地方公共団体,1
乙訓消防組合,0,,,0,,https://www2.njss.info/organizations/proc/9571,2026-08-02,京都府,地方公共団体,1
宮津与謝消防組合,0,,,0,,https://www2.njss.info/organizations/proc/9572,2026-08-02,京都府,地方公共団体,1
京都中部広域消防組合,0,,,0,,https://www2.njss.info/organizations/proc/9573,2026-08-02,京都府,地方公共団体,1
京都府市町村職員退職手当組合,0,,,0,,https://www2.njss.info/organizations/proc/9574,2026-08-02,京都府,地方公共団体,1
国民健康保険山城病院組合,0,,,0,,https://www2.njss.info/organizations/proc/9575,2026-08-02,京都府,地方公共団体,1
国民健康保険南丹病院組合,0,,,0,,https://www2.njss.info/organizations/proc/9576,2026-08-02,京都府,地方公共団体,1
下仁田南牧医療事務組合,0,,,0,,https://www2.njss.info/organizations/proc/9577,2026-08-02,群馬県,地方公共団体,1
館林衛生施設組合,0,,,0,,https://www2.njss.info/organizations/proc/9578,2026-08-02,群馬県,地方公共団体,1
群馬県市町村会館管理組合,0,,,0,,https://www2.njss.info/organizations/proc/9579,2026-08-02,群馬県,地方公共団体,1
吾妻東部衛生施設組合,0,,,0,,https://www2.njss.info/organizations/proc/9580,2026-08-02,群馬県,地方公共団体,1
多野藤岡広域市町村圏振興整備組合,0,,,0,,https://www2.njss.info/organizations/proc/9581,2026-08-02,群馬県,地方公共団体,1
太田市外三町広域清掃組合,0,,,0,,https://www2.njss.info/organizations/proc/9582,2026-08-02,群馬県,地方公共団体,1
大泉町外二町環境衛生施設組合,0,,,0,,https://www2.njss.info/organizations/proc/9583,2026-08-02,群馬県,地方公共団体,1
邑楽館林医療企業団,0,,,0,,https://www2.njss.info/organizations/proc/9584,2026-08-02,群馬県,地方公共団体,1
利根沼田広域市町村圏振興整備組合,0,,,0,,https://www2.njss.info/organizations/proc/9585,2026-08-02,群馬県,地方公共団体,1
宮島ボートレース企業団,0,,,0,,https://www2.njss.info/organizations/proc/9587,2026-08-02,広島県,地方公共団体,1
広島県市町総合事務組合,0,,,0,,https://www2.njss.info/organizations/proc/9588,2026-08-02,広島県,地方公共団体,1
備北地区消防組合,0,,,0,,https://www2.njss.info/organizations/proc/9589,2026-08-02,広島県,地方公共団体,1
こうち人づくり広域連合,0,,,0,,https://www2.njss.info/organizations/proc/9590,2026-08-02,高知県,地方公共団体,1
高知県後期高齢者医療広域連合,0,,,0,,https://www2.njss.info/organizations/proc/9591,2026-08-02,高知県,地方公共団体,1
高知中央西部焼却処理事務組合,0,,,0,,https://www2.njss.info/organizations/proc/9592,2026-08-02,高知県,地方公共団体,1
高幡広域市町村圏事務組合,0,,,0,,https://www2.njss.info/organizations/proc/9593,2026-08-02,高知県,地方公共団体,1
高幡消防組合,0,,,0,,https://www2.njss.info/organizations/proc/9594,2026-08-02,高知県,地方公共団体,1
幡多広域市町村圏事務組合,0,,,0,,https://www2.njss.info/organizations/proc/9595,2026-08-02,高知県,地方公共団体,1
幡多中央消防組合,0,,,0,,https://www2.njss.info/organizations/proc/9596,2026-08-02,高知県,地方公共団体,1
嶺北広域行政事務組合,0,,,0,,https://www2.njss.info/organizations/proc/9597,2026-08-02,高知県,地方公共団体,1
杵島地区衛生処理組合,0,,,0,,https://www2.njss.info/organizations/proc/9599,2026-08-02,佐賀県,地方公共団体,1
佐賀県後期高齢者医療広域連合,0,,,0,,https://www2.njss.info/organizations/proc/9600,2026-08-02,佐賀県,地方公共団体,1
佐賀県市町総合事務組合,0,,,0,,https://www2.njss.info/organizations/proc/9601,2026-08-02,佐賀県,地方公共団体,1
三神地区環境事務組合,0,,,0,,https://www2.njss.info/organizations/proc/9602,2026-08-02,佐賀県,地方公共団体,1
鳥栖地区広域市町村圏組合,0,,,0,,https://www2.njss.info/organizations/proc/9603,2026-08-02,佐賀県,地方公共団体,1
天山地区共同衛生処理場組合,0,,,0,,https://www2.njss.info/organizations/proc/9604,2026-08-02,佐賀県,地方公共団体,1
広域静苑組合,0,,,0,,https://www2.njss.info/organizations/proc/9606,2026-08-02,埼玉県,地方公共団体,1
広域飯能斎場組合,0,,,0,,https://www2.njss.info/organizations/proc/9607,2026-08-02,埼玉県,地方公共団体,1
広域利根斎場組合,0,,,0,,https://www2.njss.info/organizations/proc/9608,2026-08-02,埼玉県,地方公共団体,1
埼葛斎場組合,0,,,0,,https://www2.njss.info/organizations/proc/9609,2026-08-02,埼玉県,地方公共団体,1
埼玉県市町村総合事務組合,0,,,0,,https://www2.njss.info/organizations/proc/9610,2026-08-02,埼玉県,地方公共団体,1
埼玉県都市ボートレース企業団,0,,,0,,https://www2.njss.info/organizations/proc/9611,2026-08-02,埼玉県,地方公共団体,1
埼玉中部環境保全組合,0,,,0,,https://www2.njss.info/organizations/proc/9612,2026-08-02,埼玉県,地方公共団体,1
小川地区衛生組合,0,,,0,,https://www2.njss.info/organizations/proc/9613,2026-08-02,埼玉県,地方公共団体,1
東埼玉資源環境組合,0,,,0,,https://www2.njss.info/organizations/proc/9614,2026-08-02,埼玉県,地方公共団体,1
入間西部衛生組合,0,,,0,,https://www2.njss.info/organizations/proc/9615,2026-08-02,埼玉県,地方公共団体,1
紀南介護保険広域連合,0,,,0,,https://www2.njss.info/organizations/proc/9616,2026-08-02,三重県,地方公共団体,1
紀南病院組合,0,,,0,,https://www2.njss.info/organizations/proc/9617,2026-08-02,三重県,地方公共団体,1
桑名・員弁広域連合,0,,,0,,https://www2.njss.info/organizations/proc/9618,2026-08-02,三重県,地方公共団体,1
三重紀北消防組合,0,,,0,,https://www2.njss.info/organizations/proc/9619,2026-08-02,三重県,地方公共団体,1
山形県後期高齢者医療広域連合,0,,,0,,https://www2.njss.info/organizations/proc/9621,2026-08-02,山形県,地方公共団体,1
山形県市町村職員退職手当組合,0,,,0,,https://www2.njss.info/organizations/proc/9622,2026-08-02,山形県,地方公共団体,1
西置賜行政組合,0,,,0,,https://www2.njss.info/organizations/proc/9624,2026-08-02,山形県,地方公共団体,1
峡南医療センター企業団,0,,,0,,https://www2.njss.info/organizations/proc/9625,2026-08-02,山梨県,地方公共団体,1
峡南衛生組合,0,,,0,,https://www2.njss.info/organizations/proc/9626,2026-08-02,山梨県,地方公共団体,1
身延町早川町国民健康保険病院一部事務組合,0,,,0,,https://www2.njss.info/organizations/proc/9628,2026-08-02,山梨県,地方公共団体,1
大月都留広域事務組合,0,,,0,,https://www2.njss.info/organizations/proc/9629,2026-08-02,山梨県,地方公共団体,1
富士吉田市外二ヶ村恩賜県有財産保護組合,0,,,0,,https://www2.njss.info/organizations/proc/9630,2026-08-02,山梨県,地方公共団体,1
滋賀県市町村職員研修センター,0,,,0,,https://www2.njss.info/organizations/proc/9632,2026-08-02,滋賀県,地方公共団体,1
中部清掃組合,0,,,0,,https://www2.njss.info/organizations/proc/9633,2026-08-02,滋賀県,地方公共団体,1
八日市布引ライフ組合,0,,,0,,https://www2.njss.info/organizations/proc/9634,2026-08-02,滋賀県,地方公共団体,1
いちき串木野市・日置市衛生処理組合,0,,,0,,https://www2.njss.info/organizations/proc/9636,2026-08-02,鹿児島県,地方公共団体,1
沖永良部バス企業団,0,,,0,,https://www2.njss.info/organizations/proc/9638,2026-08-02,鹿児島県,地方公共団体,1
沖永良部与論地区広域事務組合,0,,,0,,https://www2.njss.info/organizations/proc/9639,2026-08-02,鹿児島県,地方公共団体,1
公立種子島病院組合,0,,,0,,https://www2.njss.info/organizations/proc/9640,2026-08-02,鹿児島県,地方公共団体,1
指宿南九州消防組合,0,,,0,,https://www2.njss.info/organizations/proc/9641,2026-08-02,鹿児島県,地方公共団体,1
鹿児島県市町村総合事務組合,0,,,0,,https://www2.njss.info/organizations/proc/9642,2026-08-02,鹿児島県,地方公共団体,1
種子島産婦人科医院組合,0,,,0,,https://www2.njss.info/organizations/proc/9643,2026-08-02,鹿児島県,地方公共団体,1
大隅曽於地区消防組合,0,,,0,,https://www2.njss.info/organizations/proc/9644,2026-08-02,鹿児島県,地方公共団体,1
大島地区消防組合,0,,,0,,https://www2.njss.info/organizations/proc/9645,2026-08-02,鹿児島県,地方公共団体,1
徳之島愛ランド広域連合,0,,,0,,https://www2.njss.info/organizations/proc/9646,2026-08-02,鹿児島県,地方公共団体,1
徳之島地区消防組合,0,,,0,,https://www2.njss.info/organizations/proc/9647,2026-08-02,鹿児島県,地方公共団体,1
南薩介護保険事務組合,0,,,0,,https://www2.njss.info/organizations/proc/9648,2026-08-02,鹿児島県,地方公共団体,1
さくら福祉保健事務組合,0,,,0,,https://www2.njss.info/organizations/proc/9649,2026-08-02,新潟県,地方公共団体,1
魚沼地区障害福祉組合,0,,,0,,https://www2.njss.info/organizations/proc/9650,2026-08-02,新潟県,地方公共団体,1
新潟県後期高齢者医療広域連合,0,,,0,,https://www2.njss.info/organizations/proc/9651,2026-08-02,新潟県,地方公共団体,1
新潟県中越福祉事務組合,0,,,0,,https://www2.njss.info/organizations/proc/9652,2026-08-02,新潟県,地方公共団体,1
西蒲原福祉事務組合,0,,,0,,https://www2.njss.info/organizations/proc/9653,2026-08-02,新潟県,地方公共団体,1
黒石地区清掃施設組合,0,,,0,,https://www2.njss.info/organizations/proc/9654,2026-08-02,青森県,地方公共団体,1
西北五広域福祉事務組合,0,,,0,,https://www2.njss.info/organizations/proc/9655,2026-08-02,青森県,地方公共団体,1
青森県後期高齢者医療広域連合,0,,,0,,https://www2.njss.info/organizations/proc/9656,2026-08-02,青森県,地方公共団体,1
青森県市町村職員退職手当組合,0,,,0,,https://www2.njss.info/organizations/proc/9657,2026-08-02,青森県,地方公共団体,1
青森県市町村総合事務組合,0,,,0,,https://www2.njss.info/organizations/proc/9658,2026-08-02,青森県,地方公共団体,1
中部上北広域事業組合,0,,,0,,https://www2.njss.info/organizations/proc/9659,2026-08-02,青森県,地方公共団体,1
共立蒲原総合病院組合,0,,,0,,https://www2.njss.info/organizations/proc/9660,2026-08-02,静岡県,地方公共団体,1
駿遠学園管理組合,0,,,0,,https://www2.njss.info/organizations/proc/9661,2026-08-02,静岡県,地方公共団体,1
駿東地区交通災害共済組合,0,,,0,,https://www2.njss.info/organizations/proc/9662,2026-08-02,静岡県,地方公共団体,1
駿豆学園管理組合,0,,,0,,https://www2.njss.info/organizations/proc/9663,2026-08-02,静岡県,地方公共団体,1
静岡地方税滞納整理機構,0,,,0,,https://www2.njss.info/organizations/proc/9664,2026-08-02,静岡県,地方公共団体,1
中遠広域事務組合,0,,,0,,https://www2.njss.info/organizations/proc/9665,2026-08-02,静岡県,地方公共団体,1
東遠学園組合,0,,,0,,https://www2.njss.info/organizations/proc/9666,2026-08-02,静岡県,地方公共団体,1
東遠地区聖苑組合,0,,,0,,https://www2.njss.info/organizations/proc/9667,2026-08-02,静岡県,地方公共団体,1
浜名湖ボートレース企業団,0,,,0,,https://www2.njss.info/organizations/proc/9668,2026-08-02,静岡県,地方公共団体,1
牧之原市御前崎市広域施設組合,0,,,0,,https://www2.njss.info/organizations/proc/9669,2026-08-02,静岡県,地方公共団体,1
河北郡市広域事務組合,0,,,0,,https://www2.njss.info/organizations/proc/9670,2026-08-02,石川県,地方公共団体,1
白山石川医療企業団,0,,,0,,https://www2.njss.info/organizations/proc/9671,2026-08-02,石川県,地方公共団体,1
白山野々市広域事務組合,0,,,0,,https://www2.njss.info/organizations/proc/9672,2026-08-02,石川県,地方公共団体,1
泉佐野市田尻町清掃施設組合,0,,,0,,https://www2.njss.info/organizations/proc/9674,2026-08-02,大阪府,地方公共団体,1
大阪府都市ボートレース企業団,0,,,0,,https://www2.njss.info/organizations/proc/9676,2026-08-02,大阪府,地方公共団体,1
大東四條畷消防組合,0,,,0,,https://www2.njss.info/organizations/proc/9677,2026-08-02,大阪府,地方公共団体,1
大和川右岸水防事務組合,0,,,0,,https://www2.njss.info/organizations/proc/9678,2026-08-02,大阪府,地方公共団体,1
藤井寺市柏原市学校給食組合,0,,,0,,https://www2.njss.info/organizations/proc/9679,2026-08-02,大阪府,地方公共団体,1
南河内環境事業組合,0,,,0,,https://www2.njss.info/organizations/proc/9680,2026-08-02,大阪府,地方公共団体,1
柏羽藤環境事業組合,0,,,0,,https://www2.njss.info/organizations/proc/9681,2026-08-02,大阪府,地方公共団体,1
大阪南消防組合,0,,,0,,https://www2.njss.info/organizations/proc/9682,2026-08-02,大阪府,地方公共団体,1
淀川右岸水防事務組合,0,,,0,,https://www2.njss.info/organizations/proc/9683,2026-08-02,大阪府,地方公共団体,1
淀川左岸水防事務組合,0,,,0,,https://www2.njss.info/organizations/proc/9684,2026-08-02,大阪府,地方公共団体,1
大分県後期高齢者医療広域連合,0,,,0,,https://www2.njss.info/organizations/proc/9685,2026-08-02,大分県,地方公共団体,1
長崎県市町村総合事務組合,0,,,0,,https://www2.njss.info/organizations/proc/9686,2026-08-02,長崎県,地方公共団体,1
東彼地区保健福祉組合,0,,,0,,https://www2.njss.info/organizations/proc/9687,2026-08-02,長崎県,地方公共団体,1
有明海自動車航送船組合,0,,,0,,https://www2.njss.info/organizations/proc/9688,2026-08-02,長崎県,地方公共団体,1
伊那中央行政組合,0,,,0,,https://www2.njss.info/organizations/proc/9689,2026-08-02,長野県,地方公共団体,1
依田窪医療福祉事務組合,0,,,0,,https://www2.njss.info/organizations/proc/9690,2026-08-02,長野県,地方公共団体,1
岳南広域消防組合,0,,,0,,https://www2.njss.info/organizations/proc/9691,2026-08-02,長野県,地方公共団体,1
葛尾組合,0,,,0,,https://www2.njss.info/organizations/proc/9692,2026-08-02,長野県,地方公共団体,1
湖北行政事務組合,0,,,0,,https://www2.njss.info/organizations/proc/9693,2026-08-02,長野県,地方公共団体,1
上田地域広域連合,0,,,0,,https://www2.njss.info/organizations/proc/9694,2026-08-02,長野県,地方公共団体,1
諏訪広域公立大学事務組合,0,,,0,,https://www2.njss.info/organizations/proc/9695,2026-08-02,長野県,地方公共団体,1
諏訪広域連合,0,,,0,,https://www2.njss.info/organizations/proc/9696,2026-08-02,長野県,地方公共団体,1
千曲衛生施設組合,0,,,0,,https://www2.njss.info/organizations/proc/9697,2026-08-02,長野県,地方公共団体,1
長野県民交通災害共済組合,0,,,0,,https://www2.njss.info/organizations/proc/9698,2026-08-02,長野県,地方公共団体,1
南信州広域連合,0,,,0,,https://www2.njss.info/organizations/proc/9699,2026-08-02,長野県,地方公共団体,1
南信地域町村交通災害共済事務組合,0,,,0,,https://www2.njss.info/organizations/proc/9700,2026-08-02,長野県,地方公共団体,1
白馬山麓事務組合,0,,,0,,https://www2.njss.info/organizations/proc/9701,2026-08-02,長野県,地方公共団体,1
鳥取県町村総合事務組合,0,,,0,,https://www2.njss.info/organizations/proc/9702,2026-08-02,鳥取県,地方公共団体,1
南部箕蚊屋広域連合,0,,,0,,https://www2.njss.info/organizations/proc/9703,2026-08-02,鳥取県,地方公共団体,1
日野病院組合,0,,,0,,https://www2.njss.info/organizations/proc/9704,2026-08-02,鳥取県,地方公共団体,1
益田地区広域市町村圏事務組合,0,,,0,,https://www2.njss.info/organizations/proc/9705,2026-08-02,島根県,地方公共団体,1
島根県市町村総合事務組合,0,,,0,,https://www2.njss.info/organizations/proc/9706,2026-08-02,島根県,地方公共団体,1
浜田地区広域行政組合,0,,,0,,https://www2.njss.info/organizations/proc/9707,2026-08-02,島根県,地方公共団体,1
邑智郡公立病院組合,0,,,0,,https://www2.njss.info/organizations/proc/9708,2026-08-02,島根県,地方公共団体,1
邑智郡総合事務組合,0,,,0,,https://www2.njss.info/organizations/proc/9709,2026-08-02,島根県,地方公共団体,1
板野西部消防組合,0,,,0,,https://www2.njss.info/organizations/proc/9711,2026-08-02,徳島県,地方公共団体,1
板野東部青少年育成センター組合,0,,,0,,https://www2.njss.info/organizations/proc/9712,2026-08-02,徳島県,地方公共団体,1
美馬西部消防組合,0,,,0,,https://www2.njss.info/organizations/proc/9713,2026-08-02,徳島県,地方公共団体,1
石橋地区消防組合,0,,,0,,https://www2.njss.info/organizations/proc/9714,2026-08-02,栃木県,地方公共団体,1
栃木県市町村総合事務組合,0,,,0,,https://www2.njss.info/organizations/proc/9715,2026-08-02,栃木県,地方公共団体,1
那須地区消防組合,0,,,0,,https://www2.njss.info/organizations/proc/9716,2026-08-02,栃木県,地方公共団体,1
王寺周辺広域休日応急診療施設組合,0,,,0,,https://www2.njss.info/organizations/proc/9717,2026-08-02,奈良県,地方公共団体,1
東宇陀環境衛生組合,0,,,0,,https://www2.njss.info/organizations/proc/9718,2026-08-02,奈良県,地方公共団体,1
飛鳥広域行政事務組合,0,,,0,,https://www2.njss.info/organizations/proc/9719,2026-08-02,奈良県,地方公共団体,1
老人福祉施設三室園組合,0,,,0,,https://www2.njss.info/organizations/proc/9720,2026-08-02,奈良県,地方公共団体,1
農林水産省(MAFF) 林野庁(FA) 森林技術総合研修所,0,,,0,,https://www2.njss.info/organizations/proc/9721,2026-08-02,東京都,国・省庁,0
新川地域介護保険・ケーブルテレビ事業組合,0,,,0,,https://www2.njss.info/organizations/proc/9722,2026-08-02,富山県,地方公共団体,1
中新川広域行政事務組合,0,,,0,,https://www2.njss.info/organizations/proc/9723,2026-08-02,富山県,地方公共団体,1
砺波地方介護保険組合,0,,,0,,https://www2.njss.info/organizations/proc/9724,2026-08-02,富山県,地方公共団体,1
坂井地区広域連合,0,,,0,,https://www2.njss.info/organizations/proc/9726,2026-08-02,福井県,地方公共団体,1
若狭消防組合,0,,,0,,https://www2.njss.info/organizations/proc/9728,2026-08-02,福井県,地方公共団体,1
大野・勝山地区広域行政事務組合,0,,,0,,https://www2.njss.info/organizations/proc/9729,2026-08-02,福井県,地方公共団体,1
南越消防組合,0,,,0,,https://www2.njss.info/organizations/proc/9730,2026-08-02,福井県,地方公共団体,1
嶺南広域行政組合,0,,,0,,https://www2.njss.info/organizations/proc/9731,2026-08-02,福井県,地方公共団体,1
嶺北消防組合,0,,,0,,https://www2.njss.info/organizations/proc/9732,2026-08-02,福井県,地方公共団体,1
久留米広域市町村圏事務組合,0,,,0,,https://www2.njss.info/organizations/proc/9734,2026-08-02,福岡県,地方公共団体,1
京築広域市町村圏事務組合,0,,,0,,https://www2.njss.info/organizations/proc/9735,2026-08-02,福岡県,地方公共団体,1
春日・大野城・那珂川消防組合,0,,,0,,https://www2.njss.info/organizations/proc/9736,2026-08-02,福岡県,地方公共団体,1
須恵町外二ヶ町清掃施設組合,0,,,0,,https://www2.njss.info/organizations/proc/9737,2026-08-02,福岡県,地方公共団体,1
大川柳川衛生組合,0,,,0,,https://www2.njss.info/organizations/proc/9738,2026-08-02,福岡県,地方公共団体,1
筑紫野太宰府消防組合,0,,,0,,https://www2.njss.info/organizations/proc/9739,2026-08-02,福岡県,地方公共団体,1
田川地区斎場組合,0,,,0,,https://www2.njss.info/organizations/proc/9741,2026-08-02,福岡県,地方公共団体,1
粕屋南部消防組合,0,,,0,,https://www2.njss.info/organizations/proc/9742,2026-08-02,福岡県,地方公共団体,1
八女西部広域事務組合,0,,,0,,https://www2.njss.info/organizations/proc/9743,2026-08-02,福岡県,地方公共団体,1
福岡県田川地区消防組合,0,,,0,,https://www2.njss.info/organizations/proc/9745,2026-08-02,福岡県,地方公共団体,1
北筑昇華苑組合,0,,,0,,https://www2.njss.info/organizations/proc/9746,2026-08-02,福岡県,地方公共団体,1
静岡県立農林環境専門職大学,0,,,0,,https://www2.njss.info/organizations/proc/9747,2026-08-02,静岡県,国・省庁,0
加古郡衛生事務組合,0,,,0,,https://www2.njss.info/organizations/proc/9748,2026-08-02,兵庫県,地方公共団体,1
洲本市・南あわじ市衛生事務組合,0,,,0,,https://www2.njss.info/organizations/proc/9751,2026-08-02,兵庫県,地方公共団体,1
小野加東加西環境施設事務組合,0,,,0,,https://www2.njss.info/organizations/proc/9752,2026-08-02,兵庫県,地方公共団体,1
小野加東広域事務組合,0,,,0,,https://www2.njss.info/organizations/proc/9753,2026-08-02,兵庫県,地方公共団体,1
但馬広域行政事務組合,0,,,0,,https://www2.njss.info/organizations/proc/9754,2026-08-02,兵庫県,地方公共団体,1
淡路広域行政事務組合,0,,,0,,https://www2.njss.info/organizations/proc/9755,2026-08-02,兵庫県,地方公共団体,1
美方郡広域事務組合,0,,,0,,https://www2.njss.info/organizations/proc/9756,2026-08-02,兵庫県,地方公共団体,1
姫路福崎斎苑施設事務組合,0,,,0,,https://www2.njss.info/organizations/proc/9757,2026-08-02,兵庫県,地方公共団体,1
兵庫県市町村職員退職手当組合,0,,,0,,https://www2.njss.info/organizations/proc/9758,2026-08-02,兵庫県,地方公共団体,1
北播磨こども発達支援センター事務組合わかあゆ園,0,,,0,,https://www2.njss.info/organizations/proc/9759,2026-08-02,兵庫県,地方公共団体,1
伊都郡町村及び橋本市老人福祉施設事務組合,0,,,0,,https://www2.njss.info/organizations/proc/9761,2026-08-02,和歌山県,地方公共団体,1
伊都消防組合,0,,,0,,https://www2.njss.info/organizations/proc/9762,2026-08-02,和歌山県,地方公共団体,1
紀南環境衛生施設事務組合,0,,,0,,https://www2.njss.info/organizations/proc/9763,2026-08-02,和歌山県,地方公共団体,1
紀南地方児童福祉施設組合,0,,,0,,https://www2.njss.info/organizations/proc/9764,2026-08-02,和歌山県,地方公共団体,1
紀南地方老人福祉施設組合,0,,,0,,https://www2.njss.info/organizations/proc/9765,2026-08-02,和歌山県,地方公共団体,1
橋本伊都衛生施設組合,0,,,0,,https://www2.njss.info/organizations/proc/9766,2026-08-02,和歌山県,地方公共団体,1
五色台広域施設組合,0,,,0,,https://www2.njss.info/organizations/proc/9767,2026-08-02,和歌山県,地方公共団体,1
御坊市外五ヶ町病院経営事務組合,0,,,0,,https://www2.njss.info/organizations/proc/9768,2026-08-02,和歌山県,地方公共団体,1
国民健康保険野上厚生病院組合,0,,,0,,https://www2.njss.info/organizations/proc/9770,2026-08-02,和歌山県,地方公共団体,1
田辺周辺広域市町村圏組合,0,,,0,,https://www2.njss.info/organizations/proc/9771,2026-08-02,和歌山県,地方公共団体,1
湯浅広川消防組合,0,,,0,,https://www2.njss.info/organizations/proc/9772,2026-08-02,和歌山県,地方公共団体,1
那賀消防組合,0,,,0,,https://www2.njss.info/organizations/proc/9773,2026-08-02,和歌山県,地方公共団体,1
日高広域消防事務組合,0,,,0,,https://www2.njss.info/organizations/proc/9774,2026-08-02,和歌山県,地方公共団体,1
有田郡老人福祉施設事務組合,0,,,0,,https://www2.njss.info/organizations/proc/9775,2026-08-02,和歌山県,地方公共団体,1
知多半島総合医療機構,0,,,0,,https://www2.njss.info/organizations/proc/9777,2026-08-02,愛知県,地方公共団体,1
吾妻環境施設組合,0,,,0,,https://www2.njss.info/organizations/proc/9787,2026-08-02,群馬県,地方公共団体,1
男女共同参画機構(JGEPA),0,,,0,,https://www2.njss.info/organizations/proc/9792,2026-08-02,埼玉県,国・省庁,0
内閣官房 国家サイバー統括室(NCO),0,,,0,,https://www2.njss.info/organizations/proc/9794,2026-08-02,東京都,国・省庁,0
高知県公立大学法人 高知県立大学,0,,,0,,https://www2.njss.info/organizations/proc/9795,2026-08-02,高知県,国・省庁,0
株式会社JERA,0,,,0,,https://www2.njss.info/organizations/proc/9815,2026-08-02,東京都,地方公共団体,1
井原市立井原市民病院,0,,,0,,https://www2.njss.info/organizations/proc/9816,2026-08-02,岡山県,地方公共団体,1
大阪府国民健康保険団体連合会,0,,,0,,https://www2.njss.info/organizations/proc/9818,2026-08-02,大阪府,地方公共団体,1
富士・東部広域環境事務組合,0,,,0,,https://www2.njss.info/organizations/proc/9821,2026-08-02,山梨県,地方公共団体,1
恩賜財団 済生会 大阪府済生会 大阪北リハビリテーション病院,0,,,0,,https://www2.njss.info/organizations/proc/9824,2026-08-02,大阪府,地方公共団体,0
恩賜財団 済生会 岡山県済生会 済生会吉備病院,0,,,0,,https://www2.njss.info/organizations/proc/9825,2026-08-02,岡山県,地方公共団体,0
株式会社北九州パワー,0,,,0,,https://www2.njss.info/organizations/proc/9836,2026-08-02,福岡県,地方公共団体,1
兵庫県立西宮総合医療センター,0,,,0,,https://www2.njss.info/organizations/proc/9838,2026-08-02,兵庫県,地方公共団体,1
市立柏原病院,0,,,0,,https://www2.njss.info/organizations/proc/9839,2026-08-02,大阪府,地方公共団体,1
